fpr,tpr,threshold
0.0,0.0,inf
0.0008124233501855119,0.027156549520766772,1.0
0.0010659822301797163,0.029552715654952075,0.9999999999999998
0.0011901743346666735,0.03274760383386582,0.9999999999999996
0.001262619728950732,0.03514376996805112,0.9999999999999993
0.0013350651232347903,0.036741214057507986,0.9999999999999991
0.0013868118334376893,0.037539936102236424,0.9999999999999989
0.0014437332146608778,0.038338658146964855,0.9999999999999987
0.0014954799248637768,0.038338658146964855,0.9999999999999984
0.0015420519640463857,0.03913738019169329,0.9999999999999982
0.0015937986742492847,0.039936102236421724,0.999999999999998
0.0016248467003710239,0.039936102236421724,0.9999999999999978
0.0016610693975130531,0.039936102236421724,0.9999999999999976
0.0016921174236347923,0.04073482428115016,0.9999999999999973
0.0017438641338376913,0.04073482428115016,0.9999999999999971
0.001759388146898561,0.04153354632587859,0.9999999999999969
0.00179561084404059,0.04233226837060703,0.9999999999999967
0.0018266588701623294,0.04233226837060703,0.9999999999999964
0.001837008212202909,0.04233226837060703,0.9999999999999962
0.001847357554243489,0.04313099041533546,0.999999999999996
0.0018628815673043587,0.04313099041533546,0.9999999999999958
0.001888754922405808,0.04313099041533546,0.9999999999999956
0.0019249776195478373,0.0439297124600639,0.9999999999999953
0.0019456763036289969,0.04472843450479233,0.9999999999999951
0.001966374987710156,0.04472843450479233,0.9999999999999949
0.001987073671791316,0.04552715654952077,0.9999999999999947
0.0019974230138318956,0.04552715654952077,0.9999999999999944
0.0020077723558724753,0.0463258785942492,0.9999999999999942
0.002033645710973925,0.0463258785942492,0.999999999999994
0.0020491697240347943,0.0463258785942492,0.9999999999999938
0.0020595190660753744,0.0463258785942492,0.9999999999999936
0.002075043079136244,0.0463258785942492,0.9999999999999933
0.0020802177501565338,0.04712460063897764,0.9999999999999929
0.002111265776278273,0.04712460063897764,0.9999999999999925
0.002121615118318853,0.04712460063897764,0.9999999999999922
0.0021267897893391427,0.04712460063897764,0.999999999999992
0.0021423138024000126,0.04712460063897764,0.9999999999999918
0.0021474884734203024,0.04712460063897764,0.9999999999999916
0.0021733618285217516,0.04712460063897764,0.9999999999999911
0.0021837111705623317,0.04792332268370607,0.9999999999999909
0.002199235183623201,0.04792332268370607,0.9999999999999907
0.0022199338677043605,0.04792332268370607,0.9999999999999902
0.0022251085387246508,0.04792332268370607,0.99999999999999
0.0022354578807652304,0.04952076677316294,0.9999999999999898
0.0022509818938261,0.04952076677316294,0.9999999999999896
0.0022561565648463898,0.04952076677316294,0.9999999999999893
0.002292379261988419,0.04952076677316294,0.9999999999999891
0.002307903275049289,0.04952076677316294,0.9999999999999887
0.0023130779460695788,0.04952076677316294,0.9999999999999885
0.0023234272881101584,0.04952076677316294,0.9999999999999882
0.0023286019591304483,0.04952076677316294,0.999999999999988
0.002349300643211608,0.04952076677316294,0.9999999999999878
0.0023648246562724775,0.04952076677316294,0.9999999999999873
0.002390698011373927,0.04952076677316294,0.9999999999999871
0.0024113966954550864,0.04952076677316294,0.9999999999999862
0.0024165713664753763,0.04952076677316294,0.9999999999999853
0.002437270050556536,0.04952076677316294,0.9999999999999849
0.002437270050556536,0.051118210862619806,0.9999999999999845
0.002442444721576826,0.051118210862619806,0.9999999999999842
0.0024527940636174055,0.051118210862619806,0.999999999999984
0.0024579687346376953,0.051118210862619806,0.9999999999999838
0.002478667418718855,0.051118210862619806,0.9999999999999836
0.0024941914317797246,0.051118210862619806,0.9999999999999827
0.002525239457901464,0.051118210862619806,0.999999999999982
0.0025355887999420437,0.051118210862619806,0.9999999999999816
0.0025459381419826233,0.051118210862619806,0.9999999999999813
0.0025562874840232034,0.051118210862619806,0.9999999999999807
0.002571811497084073,0.051118210862619806,0.9999999999999805
0.002571811497084073,0.051916932907348244,0.99999999999998
0.0025769861681043628,0.051916932907348244,0.9999999999999793
0.0025976848521855225,0.051916932907348244,0.9999999999999791
0.0026028595232058123,0.051916932907348244,0.9999999999999782
0.002618383536266682,0.051916932907348244,0.999999999999978
0.0026235582072869717,0.051916932907348244,0.9999999999999778
0.0026339075493275513,0.051916932907348244,0.9999999999999769
0.0026390822203478416,0.051916932907348244,0.9999999999999765
0.002659780904429001,0.051916932907348244,0.9999999999999756
0.0026701302464695806,0.051916932907348244,0.9999999999999749
0.0026908289305507403,0.051916932907348244,0.999999999999974
0.00270635294361161,0.051916932907348244,0.9999999999999736
0.0027115276146318997,0.051916932907348244,0.9999999999999731
0.0027218769566724798,0.051916932907348244,0.9999999999999727
0.0027270516276927696,0.051916932907348244,0.9999999999999725
0.0027374009697333493,0.051916932907348244,0.9999999999999714
0.0027684489958550887,0.051916932907348244,0.9999999999999709
0.0027787983378956683,0.051916932907348244,0.9999999999999705
0.002789147679936248,0.051916932907348244,0.9999999999999702
0.002794322350956538,0.051916932907348244,0.99999999999997
0.0027994970219768277,0.052715654952076675,0.9999999999999698
0.0028150210350376976,0.052715654952076675,0.999999999999968
0.0028460690611594366,0.052715654952076675,0.999999999999966
0.0028615930742203065,0.052715654952076675,0.9999999999999658
0.0028667677452405963,0.052715654952076675,0.9999999999999649
0.002882291758301466,0.052715654952076675,0.999999999999964
0.002892641100342046,0.052715654952076675,0.9999999999999631
0.0028978157713623358,0.052715654952076675,0.9999999999999629
0.0028978157713623358,0.05351437699680511,0.9999999999999625
0.0029029904423826256,0.05351437699680511,0.9999999999999623
0.0029133397844232052,0.05351437699680511,0.999999999999962
0.002959911823605814,0.05351437699680511,0.999999999999956
0.002970261165646394,0.05351437699680511,0.9999999999999558
0.002975435836666684,0.05351437699680511,0.9999999999999556
0.0029909598497275536,0.05351437699680511,0.9999999999999545
0.0030013091917681332,0.05351437699680511,0.9999999999999543
0.003011658533808713,0.05351437699680511,0.9999999999999529
0.003011658533808713,0.054313099041533544,0.9999999999999525
0.003022007875849293,0.054313099041533544,0.9999999999999514
0.003027182546869583,0.054313099041533544,0.9999999999999505
0.003027182546869583,0.05511182108626198,0.9999999999999496
0.0030375318889101625,0.05511182108626198,0.9999999999999494
0.003063405244011612,0.05511182108626198,0.9999999999999463
0.003068579915031902,0.05591054313099041,0.9999999999999458
0.003094453270133351,0.05591054313099041,0.9999999999999429
0.003109977283194221,0.05591054313099041,0.9999999999999427
0.0031203266252348007,0.05591054313099041,0.9999999999999423
0.0031255012962550905,0.05591054313099041,0.9999999999999414
0.0031410253093159604,0.05591054313099041,0.9999999999999407
0.00315137465135654,0.05591054313099041,0.9999999999999403
0.0031668986644174096,0.05591054313099041,0.99999999999994
0.0031875973484985693,0.05591054313099041,0.9999999999999387
0.003197946690539149,0.05591054313099041,0.9999999999999385
0.003239344058701468,0.05591054313099041,0.999999999999936
0.003239344058701468,0.05670926517571885,0.9999999999999332
0.003280741426863787,0.05670926517571885,0.9999999999999252
0.003280741426863787,0.05750798722044728,0.999999999999925
0.0033014401109449465,0.05750798722044728,0.9999999999999223
0.0033066147819652367,0.05830670926517572,0.9999999999999218
0.0033066147819652367,0.05910543130990415,0.9999999999999216
0.003327313466046396,0.05910543130990415,0.9999999999999196
0.0033376628080869757,0.05910543130990415,0.999999999999919
0.0033531868211478457,0.05910543130990415,0.9999999999999127
0.0033635361631884253,0.05910543130990415,0.9999999999999118
0.003379060176249295,0.05910543130990415,0.9999999999999107
0.003389409518289875,0.05910543130990415,0.9999999999999103
0.0034101082023710342,0.05910543130990415,0.9999999999999074
0.003420457544411614,0.05910543130990415,0.999999999999907
0.003467029583594223,0.05910543130990415,0.9999999999998992
0.003477378925634803,0.05910543130990415,0.999999999999899
0.0034929029386956724,0.05910543130990415,0.9999999999998979
0.003503252280736252,0.05910543130990415,0.9999999999998972
0.00360674570114205,0.05910543130990415,0.999999999999879
0.0036222697142029195,0.05910543130990415,0.9999999999998783
0.003632619056243499,0.05910543130990415,0.999999999999877
0.0036429683982840792,0.05910543130990415,0.9999999999998752
0.003648143069304369,0.05910543130990415,0.9999999999998748
0.003653317740324659,0.05990415335463259,0.9999999999998741
0.0036584924113449487,0.05990415335463259,0.9999999999998732
0.0036688417533855284,0.05990415335463259,0.9999999999998728
0.0036688417533855284,0.06070287539936102,0.9999999999998721
0.0036791910954261085,0.06070287539936102,0.999999999999869
0.003689540437466688,0.06070287539936102,0.9999999999998677
0.0037257631346087174,0.06070287539936102,0.9999999999998581
0.0037257631346087174,0.06150159744408946,0.999999999999857
0.003875828594197124,0.06150159744408946,0.9999999999998193
0.003886177936237704,0.06150159744408946,0.9999999999998188
0.0038913526072579937,0.06150159744408946,0.9999999999998186
0.0039017019492985734,0.06150159744408946,0.999999999999817
0.003906876620318863,0.06150159744408946,0.9999999999998159
0.003906876620318863,0.06230031948881789,0.9999999999998157
0.003912051291339153,0.06230031948881789,0.9999999999998146
0.003922400633379733,0.06230031948881789,0.9999999999998141
0.003937924646440602,0.06230031948881789,0.9999999999998099
0.003937924646440602,0.06309904153354633,0.9999999999998097
0.003943099317460892,0.06309904153354633,0.999999999999809
0.0039534486595014726,0.06309904153354633,0.9999999999998077
0.004000020698684081,0.06309904153354633,0.999999999999797
0.00402071938276524,0.06309904153354633,0.9999999999997962
0.00402071938276524,0.06389776357827476,0.999999999999795
0.00404659273786669,0.06389776357827476,0.9999999999997882
0.00404659273786669,0.06469648562300319,0.9999999999997786
0.00406211675092756,0.06469648562300319,0.9999999999997746
0.00406211675092756,0.06549520766773163,0.9999999999997722
0.004093164777049299,0.06549520766773163,0.9999999999997629
0.004098339448069589,0.06629392971246006,0.9999999999997617
0.0041035141190898785,0.06629392971246006,0.9999999999997611
0.0041035141190898785,0.0670926517571885,0.9999999999997602
0.004124212803171039,0.0670926517571885,0.9999999999997509
0.004134562145211618,0.0670926517571885,0.9999999999997473
0.0042484049076579955,0.0670926517571885,0.9999999999997167
0.004258754249698575,0.0670926517571885,0.9999999999997153
0.004263928920718865,0.0670926517571885,0.9999999999997122
0.004263928920718865,0.06789137380191693,0.999999999999712
0.0043053262888811845,0.06789137380191693,0.9999999999997031
0.0043053262888811845,0.06869009584664537,0.9999999999997027
0.004372597012144953,0.06869009584664537,0.9999999999996749
0.004382946354185533,0.06869009584664537,0.9999999999996723
0.004413994380307272,0.06869009584664537,0.9999999999996532
0.0044243437223478515,0.06869009584664537,0.9999999999996521
0.004470915761530461,0.06869009584664537,0.999999999999629
0.0044812651035710405,0.06869009584664537,0.9999999999996283
0.0046002825370377075,0.06869009584664537,0.999999999999567
0.004610631879078287,0.06869009584664537,0.999999999999563
0.004631330563159447,0.06869009584664537,0.9999999999995579
0.004641679905200027,0.06869009584664537,0.9999999999995519
0.004729649312544955,0.06869009584664537,0.999999999999512
0.004729649312544955,0.0694888178913738,0.9999999999995084
0.004734823983565245,0.0694888178913738,0.999999999999508
0.004734823983565245,0.07028753993610223,0.9999999999995077
0.004796920035808724,0.07028753993610223,0.9999999999994791
0.004796920035808724,0.07108626198083066,0.9999999999994769
0.004843492074991332,0.07108626198083066,0.9999999999994611
0.004843492074991332,0.07188498402555911,0.9999999999994591
0.004895238785194231,0.07188498402555911,0.9999999999994273
0.004895238785194231,0.07268370607028754,0.9999999999994187
0.004905588127234811,0.07268370607028754,0.9999999999994165
0.004910762798255101,0.07268370607028754,0.9999999999994162
0.0049211121402956805,0.07268370607028754,0.9999999999994145
0.00494181082437684,0.07268370607028754,0.999999999999382
0.00494181082437684,0.07348242811501597,0.9999999999993812
0.004983208192539159,0.07348242811501597,0.9999999999993301
0.004983208192539159,0.0742811501597444,0.9999999999993294
0.004993557534579739,0.0742811501597444,0.9999999999993063
0.004993557534579739,0.07507987220447285,0.999999999999305
0.005050478915802928,0.07507987220447285,0.999999999999251
0.005060828257843508,0.07507987220447285,0.9999999999992488
0.005117749639066697,0.07507987220447285,0.9999999999992082
0.005117749639066697,0.07587859424920128,0.9999999999992071
0.0051539723362087255,0.07587859424920128,0.9999999999991689
0.0051539723362087255,0.07667731629392971,0.9999999999991671
0.0051850203623304645,0.07667731629392971,0.9999999999991305
0.0051850203623304645,0.07747603833865814,0.9999999999991285
0.005309212466817422,0.07747603833865814,0.9999999999989766
0.005309212466817422,0.07907348242811502,0.9999999999989257
0.005381657861101481,0.07907348242811502,0.9999999999988471
0.0053868325321217705,0.07987220447284345,0.9999999999988449
0.005423055229263799,0.07987220447284345,0.9999999999987972
0.005423055229263799,0.08067092651757188,0.9999999999987965
0.005479976610486988,0.08067092651757188,0.9999999999987401
0.005490325952527568,0.08067092651757188,0.9999999999987368
0.005573120688852206,0.08067092651757188,0.9999999999986218
0.005573120688852206,0.08146964856230032,0.9999999999986098
0.005598994043953655,0.08146964856230032,0.9999999999985871
0.005598994043953655,0.08226837060702875,0.9999999999985858
0.005909474305171049,0.08226837060702875,0.9999999999981668
0.005909474305171049,0.08306709265175719,0.9999999999981661
0.005924998318231918,0.08306709265175719,0.999999999998149
0.005930172989252208,0.08386581469648563,0.999999999998147
0.005981919699455107,0.08386581469648563,0.9999999999980664
0.005981919699455107,0.08466453674121406,0.9999999999980644
0.0060595397647594555,0.08466453674121406,0.9999999999978875
0.0060595397647594555,0.08546325878594249,0.999999999997887
0.00630792397373337,0.08546325878594249,0.9999999999972573
0.00630792397373337,0.08626198083067092,0.9999999999972351
0.006344146670875399,0.08626198083067092,0.9999999999971019
0.006344146670875399,0.08706070287539937,0.9999999999970937
0.006406242723118878,0.08706070287539937,0.9999999999969196
0.006416592065159457,0.08706070287539937,0.9999999999969171
0.006509736143524675,0.08706070287539937,0.9999999999966551
0.006509736143524675,0.0878594249201278,0.9999999999965568
0.006799517720660909,0.0878594249201278,0.9999999999956706
0.006799517720660909,0.08865814696485623,0.9999999999956641
0.006830565746782648,0.08865814696485623,0.9999999999955755
0.006830565746782648,0.08945686900958466,0.9999999999955658
0.0068512644308638074,0.08945686900958466,0.9999999999954867
0.0068512644308638074,0.0902555910543131,0.9999999999954856
0.006882312456985547,0.0902555910543131,0.9999999999954341
0.006882312456985547,0.09105431309904154,0.9999999999954219
0.0069081858120869965,0.09105431309904154,0.9999999999953986
0.0069081858120869965,0.09185303514376997,0.9999999999953946
0.007094473968817432,0.09185303514376997,0.9999999999947082
0.007094473968817432,0.0926517571884984,0.9999999999946454
0.007156570021060911,0.0926517571884984,0.9999999999943463
0.007156570021060911,0.09345047923322684,0.9999999999942757
0.00721866607330439,0.09345047923322684,0.9999999999938489
0.00721866607330439,0.09424920127795527,0.9999999999938431
0.007441176927176855,0.09424920127795527,0.9999999999929572
0.007441176927176855,0.09584664536741214,0.9999999999928799
0.00764816376798845,0.09584664536741214,0.9999999999919511
0.00764816376798845,0.09664536741214058,0.9999999999919398
0.007798229227576857,0.09664536741214058,0.9999999999911342
0.007798229227576857,0.09744408945686901,0.9999999999911291
0.007803403898597147,0.09744408945686901,0.9999999999911269
0.007803403898597147,0.09824281150159744,0.99999999999109
0.007917246661043525,0.09824281150159744,0.9999999999903699
0.007917246661043525,0.09904153354632587,0.999999999990353
0.007963818700226133,0.09904153354632587,0.9999999999900133
0.007963818700226133,0.09984025559105432,0.9999999999899711
0.00804661343655077,0.09984025559105432,0.9999999999893536
0.00804661343655077,0.10063897763578275,0.9999999999893485
0.008745194024289906,0.10063897763578275,0.9999999999829654
0.008745194024289906,0.10143769968051118,0.9999999999828801
0.0090039275753044,0.10143769968051118,0.9999999999796427
0.0090039275753044,0.10223642172523961,0.9999999999795963
0.00945412395406962,0.10223642172523961,0.9999999999738256
0.00945412395406962,0.10303514376996806,0.9999999999737796
0.009536918690394258,0.10303514376996806,0.9999999999726548
0.009536918690394258,0.10383386581469649,0.9999999999726428
0.009609364084678317,0.10383386581469649,0.9999999999713922
0.009609364084678317,0.10463258785942492,0.9999999999711644
0.009671460136921795,0.10463258785942492,0.9999999999698443
0.009671460136921795,0.10543130990415335,0.9999999999696247
0.00991984434589571,0.10543130990415335,0.9999999999640516
0.00991984434589571,0.1062300319488818,0.9999999999639728
0.009966416385078319,0.1062300319488818,0.9999999999632441
0.009966416385078319,0.10702875399361023,0.9999999999631048
0.010049211121402956,0.10702875399361023,0.9999999999604599
0.010049211121402956,0.10782747603833866,0.9999999999604414
0.010111307173646436,0.10782747603833866,0.9999999999586207
0.010111307173646436,0.10862619808306709,0.9999999999586053
0.010152704541808754,0.10862619808306709,0.9999999999566775
0.010152704541808754,0.11022364217252396,0.999999999956583
0.010214800594052232,0.11022364217252396,0.9999999999556635
0.010214800594052232,0.1110223642172524,0.9999999999554459
0.010235499278133393,0.1110223642172524,0.9999999999549476
0.010235499278133393,0.11182108626198083,0.9999999999545837
0.01034934204057977,0.11182108626198083,0.9999999999520559
0.01034934204057977,0.11261980830670927,0.9999999999520361
0.010670171643837743,0.11261980830670927,0.9999999999435962
0.010670171643837743,0.1134185303514377,0.999999999943586
0.010934079865872528,0.1134185303514377,0.9999999999351605
0.010934079865872528,0.11421725239616613,0.9999999999351048
0.010991001247095716,0.11421725239616613,0.9999999999340141
0.010991001247095716,0.11501597444089456,0.999999999933856
0.011120368022602963,0.11501597444089456,0.9999999999274902
0.011120368022602963,0.11581469648562301,0.9999999999271858
0.011229036114029051,0.11581469648562301,0.999999999923394
0.011229036114029051,0.11661341853035144,0.9999999999232023
0.011327354863414558,0.11661341853035144,0.9999999999193507
0.011327354863414558,0.11741214057507987,0.9999999999181235
0.011389450915658038,0.11741214057507987,0.9999999999160873
0.011389450915658038,0.11900958466453675,0.9999999999158604
0.011404974928718907,0.11900958466453675,0.9999999999151652
0.011404974928718907,0.11980830670926518,0.9999999999151024
0.011415324270759487,0.11980830670926518,0.9999999999141396
0.011415324270759487,0.12060702875399361,0.9999999999141063
0.011637835124631951,0.12060702875399361,0.9999999999020497
0.011637835124631951,0.12140575079872204,0.9999999999018603
0.01166888315075369,0.12140575079872204,0.9999999999000291
0.01166888315075369,0.12220447284345048,0.9999999998998488
0.01169993117687543,0.12220447284345048,0.9999999998980116
0.01169993117687543,0.12300319488817892,0.9999999998976936
0.011715455189936299,0.12300319488817892,0.9999999998974123
0.011715455189936299,0.12380191693290735,0.9999999998974092
0.011974188740950794,0.12380191693290735,0.9999999998827473
0.011974188740950794,0.12460063897763578,0.9999999998820674
0.012062158148295723,0.12460063897763578,0.9999999998750613
0.012062158148295723,0.1253993610223642,0.9999999998748754
0.012269144989107318,0.1253993610223642,0.9999999998591622
0.012269144989107318,0.12619808306709265,0.999999999858785
0.012341590383391375,0.12619808306709265,0.9999999998548386
0.012341590383391375,0.1269968051118211,0.9999999998547979
0.012450258474817464,0.1269968051118211,0.9999999998452718
0.012450258474817464,0.12779552715654952,0.9999999998446696
0.012564101237263842,0.12779552715654952,0.9999999998373661
0.012564101237263842,0.12859424920127796,0.9999999998366915
0.01259514926338558,0.12859424920127796,0.9999999998355531
0.01259514926338558,0.12939297124600638,0.9999999998355118
0.01260549860542616,0.12939297124600638,0.9999999998343632
0.01260549860542616,0.13019169329073482,0.9999999998341189
0.012879756169501523,0.13019169329073482,0.9999999998125988
0.012879756169501523,0.13099041533546327,0.9999999998121945
0.012915978866643554,0.13099041533546327,0.9999999998090126
0.012915978866643554,0.13178913738019168,0.9999999998088647
0.012936677550724713,0.13178913738019168,0.9999999998056652
0.012936677550724713,0.13258785942492013,0.9999999998054505
0.013050520313171091,0.13258785942492013,0.9999999997921201
0.013050520313171091,0.13338658146964857,0.9999999997913069
0.01308674301031312,0.13338658146964857,0.9999999997904712
0.01308674301031312,0.134185303514377,0.9999999997880804
0.013205760443779786,0.134185303514377,0.9999999997743572
0.013205760443779786,0.13498402555910544,0.9999999997739266
0.013293729851124715,0.13498402555910544,0.9999999997630156
0.013293729851124715,0.13578274760383385,0.9999999997612752
0.013702528861727615,0.13578274760383385,0.999999999715516
0.013702528861727615,0.1365814696485623,0.9999999997151665
0.013826720966214573,0.1365814696485623,0.9999999996946669
0.013826720966214573,0.13817891373801916,0.9999999996923423
0.014090629188249357,0.13817891373801916,0.9999999996483586
0.014090629188249357,0.1389776357827476,0.9999999996480671
0.014344188068243561,0.1389776357827476,0.9999999996032434
0.014344188068243561,0.13977635782747605,0.9999999996029274
0.01443733214660878,0.13977635782747605,0.999999999592551
0.01443733214660878,0.14057507987220447,0.9999999995921067
0.014561524251095737,0.14057507987220447,0.9999999995662259
0.014561524251095737,0.1413738019169329,0.9999999995660618
0.014618445632318925,0.1413738019169329,0.9999999995545223
0.014618445632318925,0.14217252396166133,0.9999999995544262
0.014789209775988492,0.14217252396166133,0.9999999995188074
0.014789209775988492,0.14297124600638977,0.9999999995186193
0.014804733789049361,0.14297124600638977,0.9999999995168045
0.014804733789049361,0.14376996805111822,0.9999999995158342
0.014980672603739217,0.14376996805111822,0.9999999994815063
0.014980672603739217,0.14456869009584664,0.9999999994800257
0.015332550233118929,0.14456869009584664,0.9999999993832198
0.015332550233118929,0.14536741214057508,0.9999999993830282
0.015384296943321829,0.14536741214057508,0.9999999993730351
0.015384296943321829,0.14616613418530353,0.9999999993684983
0.015456742337605887,0.14616613418530353,0.9999999993477373
0.015456742337605887,0.14696485623003194,0.9999999993463309
0.015503314376788495,0.14696485623003194,0.9999999993330471
0.015503314376788495,0.1477635782747604,0.999999999332855
0.015513663718829075,0.1477635782747604,0.99999999932987
0.015513663718829075,0.1485623003194888,0.9999999993248072
0.015534362402910234,0.1485623003194888,0.9999999993141793
0.015534362402910234,0.14936102236421725,0.9999999993130051
0.01620706963554792,0.14936102236421725,0.9999999990843176
0.01620706963554792,0.1501597444089457,0.9999999990835486
0.01631573772697401,0.1501597444089457,0.9999999990414743
0.01631573772697401,0.1509584664536741,0.9999999990408521
0.016496851212684155,0.1509584664536741,0.9999999989369381
0.016496851212684155,0.15175718849840256,0.9999999989356774
0.01702466765675372,0.15175718849840256,0.9999999987032411
0.01702466765675372,0.152555910543131,0.9999999987020094
0.01716955844532184,0.152555910543131,0.9999999986231431
0.01716955844532184,0.15335463258785942,0.9999999986160129
0.017785344296736335,0.15335463258785942,0.999999998249572
0.017785344296736335,0.15415335463258786,0.9999999982465442
0.017837091006939233,0.15415335463258786,0.9999999982124705
0.017837091006939233,0.15495207667731628,0.9999999982059466
0.018111348571014596,0.15495207667731628,0.9999999980471823
0.018111348571014596,0.15575079872204473,0.9999999980429639
0.018566719620800108,0.15575079872204473,0.9999999976470468
0.018566719620800108,0.15654952076677317,0.9999999976451113
0.019042789354666776,0.15654952076677317,0.9999999973380549
0.019042789354666776,0.1573482428115016,0.9999999973256151
0.019156632117113156,0.1573482428115016,0.9999999972289411
0.019156632117113156,0.15814696485623003,0.999999997226616
0.01925495086649866,0.15814696485623003,0.9999999971639053
0.01925495086649866,0.15894568690095848,0.9999999971628744
0.020031151519542146,0.15894568690095848,0.9999999962786852
0.020031151519542146,0.16054313099041534,0.9999999962645758
0.020098422242805912,0.16054313099041534,0.9999999961830002
0.020098422242805912,0.16134185303514376,0.9999999961775914
0.020269186386475478,0.16134185303514376,0.9999999959108006
0.020269186386475478,0.1621405750798722,0.9999999959100199
0.020884972237889977,0.1621405750798722,0.9999999949709351
0.020884972237889977,0.16373801916932906,0.9999999949632115
0.020947068290133455,0.16373801916932906,0.9999999948740463
0.020947068290133455,0.1645367412140575,0.9999999948598948
0.021024688355437804,0.1645367412140575,0.9999999947373668
0.021024688355437804,0.16533546325878595,0.9999999947315994
0.021086784407681282,0.16533546325878595,0.999999994650925
0.021086784407681282,0.16613418530351437,0.9999999946353584
0.021112657762782733,0.16613418530351437,0.999999994581207
0.021112657762782733,0.16693290734824281,0.9999999945726326
0.02120580184114795,0.16693290734824281,0.9999999944419875
0.02120580184114795,0.16773162939297126,0.9999999944381119
0.021210976512168238,0.16773162939297126,0.99999999443773
0.021210976512168238,0.16853035143769968,0.9999999944286024
0.021298945919513167,0.16853035143769968,0.9999999942730833
0.021298945919513167,0.16932907348242812,0.9999999942676085
0.021340343287675485,0.16932907348242812,0.9999999941227606
0.021340343287675485,0.17012779552715654,0.9999999941132123
0.02154215545746679,0.17012779552715654,0.9999999937588746
0.02154215545746679,0.17092651757188498,0.999999993756004
0.021723268943176936,0.17092651757188498,0.9999999934364163
0.021723268943176936,0.17172523961661343,0.9999999934352408
0.022297657426429116,0.17172523961661343,0.9999999922731176
0.022297657426429116,0.17252396166134185,0.9999999922566049
0.022323530781530564,0.17252396166134185,0.9999999922057908
0.022323530781530564,0.1733226837060703,0.9999999922010542
0.022390801504794333,0.1733226837060703,0.9999999920313102
0.022390801504794333,0.17412140575079874,0.9999999920106798
0.022721980450092886,0.17412140575079874,0.9999999910731326
0.022721980450092886,0.17492012779552715,0.9999999910635183
0.022753028476214625,0.17492012779552715,0.9999999910237899
0.022753028476214625,0.1757188498402556,0.9999999910053493
0.02291344327784361,0.1757188498402556,0.9999999905572489
0.02291344327784361,0.17651757188498401,0.9999999905078839
0.023167002157837815,0.17651757188498401,0.9999999899219468
0.023167002157837815,0.17731629392971246,0.9999999899121058
0.02340503702477115,0.17731629392971246,0.9999999892209049
0.02340503702477115,0.1781150159744409,0.9999999892187043
0.023632722549663907,0.1781150159744409,0.9999999884329615
0.023632722549663907,0.17891373801916932,0.9999999884028904
0.023958726823942168,0.17891373801916932,0.9999999873498778
0.023958726823942168,0.17971246006389777,0.9999999873349076
0.024010473534145066,0.17971246006389777,0.9999999872011639
0.024010473534145066,0.1805111821086262,0.9999999871915445
0.024082918928429124,0.1805111821086262,0.9999999869263618
0.024082918928429124,0.18130990415335463,0.9999999868880762
0.024238159059037822,0.18130990415335463,0.9999999863647693
0.024238159059037822,0.18210862619808307,0.9999999863533626
0.024429621886788547,0.18210862619808307,0.9999999856524313
0.024429621886788547,0.18370607028753994,0.9999999856183248
0.024667656753721883,0.18370607028753994,0.9999999846760137
0.024667656753721883,0.18450479233226838,0.9999999846741323
0.02468318076678275,0.18450479233226838,0.9999999846136407
0.02468318076678275,0.1853035143769968,0.9999999846088989
0.024957438330858117,0.1853035143769968,0.9999999834426412
0.024957438330858117,0.18610223642172524,0.9999999834184292
0.024972962343918985,0.18610223642172524,0.9999999834015831
0.024972962343918985,0.1869009584664537,0.9999999833839388
0.02514372648758855,0.1869009584664537,0.9999999825831579
0.02514372648758855,0.1876996805111821,0.9999999825104905
0.025340363986359568,0.1876996805111821,0.9999999815975981
0.025340363986359568,0.18849840255591055,0.9999999815682742
0.025474905432887104,0.18849840255591055,0.9999999807542034
0.025474905432887104,0.18929712460063897,0.9999999807395866
0.025562874840232033,0.18929712460063897,0.999999980164028
0.025562874840232033,0.1900958466453674,0.999999980135245
0.02580090970716537,0.1900958466453674,0.9999999790381024
0.02580090970716537,0.19089456869009586,0.9999999790343068
0.025987197863895802,0.19089456869009586,0.9999999778668245
0.025987197863895802,0.19169329073482427,0.999999977648456
0.02608034194226102,0.19169329073482427,0.9999999772369438
0.02608034194226102,0.19249201277955272,0.9999999771945675
0.02612173931042334,0.19249201277955272,0.9999999769309073
0.02612173931042334,0.19329073482428116,0.9999999767819435
0.026313202138174067,0.19329073482428116,0.9999999758930963
0.026313202138174067,0.19408945686900958,0.999999975811204
0.026318376809194355,0.19408945686900958,0.9999999757675774
0.026318376809194355,0.19488817891373802,0.9999999757342247
0.026364948848376965,0.19488817891373802,0.999999975467215
0.026364948848376965,0.19568690095846644,0.9999999754408332
0.0265512370051074,0.19568690095846644,0.9999999740153629
0.0265512370051074,0.1964856230031949,0.9999999739754311
0.02662368239939146,0.1964856230031949,0.9999999733985874
0.02662368239939146,0.19728434504792333,0.9999999733780593
0.026628857070411748,0.19728434504792333,0.9999999733416587
0.026628857070411748,0.19808306709265175,0.999999973335649
0.02663403174143204,0.19808306709265175,0.9999999733294804
0.02663403174143204,0.1988817891373802,0.999999973326493
0.026680603780614646,0.1988817891373802,0.9999999729380814
0.026680603780614646,0.19968051118210864,0.99999997293291
0.026799621214081314,0.19968051118210864,0.9999999722675624
0.026799621214081314,0.20047923322683706,0.999999972265016
0.02699108404183204,0.20047923322683706,0.9999999711069434
0.02699108404183204,0.2012779552715655,0.9999999710157526
0.02700143338387262,0.2012779552715655,0.9999999709552732
0.02700143338387262,0.20207667731629392,0.9999999709318621
0.027213594895704504,0.20207667731629392,0.9999999691480957
0.027213594895704504,0.20287539936102236,0.9999999690625171
0.027311913645090013,0.20287539936102236,0.9999999682478201
0.027311913645090013,0.2036741214057508,0.9999999681896964
0.0274205817365161,0.2036741214057508,0.9999999672544906
0.0274205817365161,0.20447284345047922,0.9999999672297282
0.02745162976263784,0.20447284345047922,0.9999999670598889
0.02745162976263784,0.20527156549520767,0.9999999670121935
0.027524075156921898,0.20527156549520767,0.9999999665480566
0.027524075156921898,0.20607028753993611,0.9999999664877717
0.027570647196104508,0.20607028753993611,0.999999966257513
0.027570647196104508,0.20686900958466453,0.9999999661664152
0.027643092590388565,0.20686900958466453,0.9999999655038146
0.027643092590388565,0.20766773162939298,0.9999999654713182
0.027705188642632043,0.20766773162939298,0.9999999645346559
0.027705188642632043,0.2084664536741214,0.999999964499482
0.027850079431200162,0.2084664536741214,0.9999999627354171
0.027850079431200162,0.20926517571884984,0.9999999627308863
0.02787077811528132,0.20926517571884984,0.9999999624779295
0.02787077811528132,0.21006389776357828,0.9999999623929451
0.02791217548344364,0.21006389776357828,0.9999999617306657
0.02791217548344364,0.2108626198083067,0.9999999617079541
0.02793804883854509,0.2108626198083067,0.9999999615054639
0.02793804883854509,0.21166134185303515,0.9999999614933356
0.028196782389559583,0.21166134185303515,0.9999999592603394
0.028196782389559583,0.2124600638977636,0.9999999592225378
0.02841411857241176,0.2124600638977636,0.9999999564358016
0.02841411857241176,0.213258785942492,0.9999999563627843
0.028533136005878427,0.213258785942492,0.9999999548246659
0.028533136005878427,0.21405750798722045,0.9999999548109331
0.028869489622197268,0.21405750798722045,0.9999999510188959
0.028869489622197268,0.21485623003194887,0.9999999510124544
0.029086825805049444,0.21485623003194887,0.9999999488401814
0.029086825805049444,0.21565495207667731,0.9999999487154587
0.02916962054137408,0.21565495207667731,0.9999999477408549
0.02916962054137408,0.21645367412140576,0.9999999477246876
0.02923171659361756,0.21645367412140576,0.9999999470304884
0.02923171659361756,0.21725239616613418,0.9999999469798305
0.02928863797484075,0.21725239616613418,0.9999999460684958
0.02928863797484075,0.21805111821086262,0.999999946022605
0.029402480737287125,0.21805111821086262,0.9999999446245575
0.029402480737287125,0.21884984025559107,0.9999999445159096
0.029966519878498726,0.21884984025559107,0.9999999356880004
0.029966519878498726,0.21964856230031948,0.9999999355426016
0.029987218562579885,0.21964856230031948,0.9999999353290994
0.029987218562579885,0.22044728434504793,0.9999999352626512
0.030432240270324814,0.22044728434504793,0.999999927991334
0.030432240270324814,0.22124600638977635,0.9999999277813046
0.030835864609907424,0.22124600638977635,0.9999999202232196
0.030835864609907424,0.2220447284345048,0.9999999202078901
0.03108424881888134,0.2220447284345048,0.9999999139318853
0.03108424881888134,0.22284345047923323,0.9999999137928853
0.031218790265408875,0.22284345047923323,0.9999999116836966
0.031218790265408875,0.22364217252396165,0.9999999113520491
0.03135333171193641,0.22364217252396165,0.9999999084027296
0.03135333171193641,0.2244408945686901,0.9999999082239897
0.03146717447438279,0.2244408945686901,0.9999999064447359
0.03146717447438279,0.22523961661341854,0.9999999063756572
0.03184492545886395,0.22523961661341854,0.9999998963978104
0.03184492545886395,0.22603833865814696,0.9999998963748294
0.03234169387681178,0.22603833865814696,0.9999998823787578
0.03234169387681178,0.2268370607028754,0.999999882357761
0.03235721788987265,0.2268370607028754,0.9999998821879802
0.03235721788987265,0.22763578274760382,0.9999998819556875
0.03251245802048135,0.22763578274760382,0.999999877209589
0.03251245802048135,0.22843450479233227,0.9999998770405221
0.03282811295271903,0.22843450479233227,0.9999998676205031
0.03282811295271903,0.2292332268370607,0.9999998675954505
0.033164466569037876,0.2292332268370607,0.9999998572631499
0.033164466569037876,0.23003194888178913,0.9999998568532483
0.03334558005474802,0.23003194888178913,0.999999850347925
0.03334558005474802,0.23083067092651757,0.9999998501172709
0.03343872413311324,0.23083067092651757,0.9999998477110285
0.03343872413311324,0.23162939297124602,0.9999998476170898
0.03373368038126976,0.23162939297124602,0.9999998403249382
0.03373368038126976,0.23242811501597443,0.9999998400756593
0.03404416064248715,0.23242811501597443,0.9999998273027736
0.03404416064248715,0.23322683706070288,0.9999998272601988
0.034463308995130636,0.23322683706070288,0.9999998130404871
0.034463308995130636,0.2340255591054313,0.9999998128793252
0.03471169320410455,0.2340255591054313,0.9999998037039269
0.03471169320410455,0.23482428115015974,0.9999998036956973
0.034841059979611795,0.23482428115015974,0.9999997976855847
0.034841059979611795,0.2356230031948882,0.9999997976769056
0.03520846162205238,0.2356230031948882,0.9999997785979013
0.03520846162205238,0.2364217252396166,0.9999997783961676
0.03532230438449876,0.2364217252396166,0.9999997738024268
0.03532230438449876,0.23722044728434505,0.9999997727828119
0.03548789385714803,0.23722044728434505,0.999999766441572
0.03548789385714803,0.2380191693290735,0.9999997661363119
0.03609333036652195,0.2380191693290735,0.9999997371798639
0.03609333036652195,0.23961661341853036,0.999999736783779
0.036145077076724846,0.23961661341853036,0.9999997333393569
0.036145077076724846,0.24041533546325877,0.9999997331755607
0.03629514253631325,0.24041533546325877,0.9999997253093624
0.03629514253631325,0.24121405750798722,0.9999997247089797
0.03631066654937412,0.24121405750798722,0.9999997243133351
0.03631066654937412,0.24201277955271566,0.999999723806526
0.03644520799590166,0.24201277955271566,0.9999997162662521
0.03644520799590166,0.24281150159744408,0.9999997162419832
0.03656422542936833,0.24281150159744408,0.9999997111455567
0.03656422542936833,0.24361022364217252,0.9999997109400803
0.03664702016569297,0.24361022364217252,0.9999997064816049
0.03664702016569297,0.24440894568690097,0.9999997059564422
0.03666771884977413,0.24440894568690097,0.999999705033247
0.03666771884977413,0.2452076677316294,0.9999997048723023
0.0367349895730379,0.2452076677316294,0.9999997005650163
0.0367349895730379,0.24600638977635783,0.999999700557612
0.03682813365140311,0.24600638977635783,0.9999996927970569
0.03682813365140311,0.24680511182108625,0.9999996927944566
0.03766125568566978,0.24680511182108625,0.9999996278014163
0.03766125568566978,0.2476038338658147,0.999999627729319
0.037982085288927755,0.2476038338658147,0.9999996073343501
0.037982085288927755,0.24840255591054314,0.9999996072401517
0.038002783973008915,0.24840255591054314,0.9999996064241424
0.038002783973008915,0.24920127795527156,0.9999996058065164
0.03858234712728138,0.24920127795527156,0.9999995564069148
0.03858234712728138,0.25,0.9999995560987233
0.038608220482382834,0.25,0.9999995536973953
0.038608220482382834,0.2507987220447284,0.9999995535691929
0.03868066587666689,0.2507987220447284,0.9999995450695567
0.03868066587666689,0.2515974440894569,0.9999995450244631
0.03891352607257994,0.2515974440894569,0.999999523873583
0.03891352607257994,0.2523961661341853,0.9999995225642296
0.0389807967958437,0.2523961661341853,0.9999995153154293
0.0389807967958437,0.2531948881789137,0.9999995149546362
0.039037718177066895,0.2531948881789137,0.9999995067203242
0.039037718177066895,0.2539936102236422,0.999999506394461
0.03907394087420892,0.2539936102236422,0.9999995013164806
0.03907394087420892,0.2547923322683706,0.9999995002070654
0.039886364224394434,0.2547923322683706,0.9999994101581959
0.039886364224394434,0.25559105431309903,0.9999994100658535
0.040222717840713275,0.25559105431309903,0.9999993708930713
0.040222717840713275,0.2571884984025559,0.9999993692974073
0.04025894053785531,0.2571884984025559,0.9999993649689589
0.04025894053785531,0.25798722044728434,0.9999993605478948
0.04059529415417415,0.25798722044728434,0.9999993179966393
0.04059529415417415,0.25878594249201275,0.9999993176365021
0.041123110598243716,0.25878594249201275,0.9999992264049749
0.041123110598243716,0.2595846645367412,0.9999992247407972
0.041169682637426326,0.2595846645367412,0.9999992154579267
0.041169682637426326,0.26038338658146964,0.9999992149331539
0.04141289217537995,0.26038338658146964,0.9999991756245011
0.04141289217537995,0.26118210862619806,0.9999991749671139
0.041594005661090096,0.26118210862619806,0.9999991454285488
0.041594005661090096,0.26198083067092653,0.9999991452811343
0.04223566486760604,0.26198083067092653,0.9999990187085029
0.04223566486760604,0.26277955271565495,0.9999990179666911
0.042509922431681404,0.26277955271565495,0.9999989643514687
0.042509922431681404,0.26357827476038337,0.9999989643487092
0.04301704019166981,0.26357827476038337,0.9999988542717848
0.04301704019166981,0.26437699680511184,0.9999988539112851
0.04304291354677126,0.26437699680511184,0.9999988428157428
0.04304291354677126,0.26517571884984026,0.9999988427766586
0.04318780433533938,0.26517571884984026,0.9999988232608343
0.04318780433533938,0.2659744408945687,0.9999988212102469
0.04353968196471909,0.2659744408945687,0.9999987467206415
0.04353968196471909,0.26677316293929715,0.9999987464621076
0.04357590466186112,0.26677316293929715,0.9999987406570067
0.04357590466186112,0.26757188498402557,0.999998740407588
0.04360177801696257,0.26757188498402557,0.9999987326055602
0.04360177801696257,0.268370607028754,0.999998729843561
0.043881210252058225,0.268370607028754,0.999998660273642
0.043881210252058225,0.26916932907348246,0.9999986601796994
0.04429000926266113,0.26916932907348246,0.9999985325956174
0.04429000926266113,0.26996805111821087,0.9999985301738953
0.0443572799859249,0.26996805111821087,0.999998520197001
0.0443572799859249,0.2707667731629393,0.999998517423828
0.044507345445513304,0.2707667731629393,0.999998468269936
0.044507345445513304,0.2715654952076677,0.9999984667671047
0.04453321880061475,0.2715654952076677,0.999998461178054
0.04453321880061475,0.2723642172523962,0.9999984583009406
0.04480747636469012,0.2723642172523962,0.9999983887305439
0.04480747636469012,0.2731629392971246,0.9999983880659997
0.045335292808759683,0.2731629392971246,0.9999982127739261
0.045335292808759683,0.273961661341853,0.9999982109589313
0.04541291287406403,0.273961661341853,0.9999981779483583
0.04541291287406403,0.2747603833865815,0.9999981765108812
0.04568717043813939,0.2747603833865815,0.999998087922832
0.04568717043813939,0.2755591054313099,0.9999980801440903
0.045790663858545196,0.2755591054313099,0.9999980539364173
0.045790663858545196,0.2763578274760383,0.9999980536859644
0.0462977816185336,0.2763578274760383,0.9999978599219934
0.0462977816185336,0.2771565495207668,0.9999978583115433
0.04631848030261476,0.2771565495207668,0.9999978549199924
0.04631848030261476,0.2779552715654952,0.9999978540224024
0.04669623128709592,0.2779552715654952,0.9999976866189542
0.04669623128709592,0.2787539936102236,0.9999976862516438
0.04690321812790752,0.2787539936102236,0.9999976055149004
0.04690321812790752,0.2795527156549521,0.9999976036172976
0.047022235561374186,0.2795527156549521,0.9999975594393513
0.047022235561374186,0.2803514376996805,0.9999975579383926
0.047136078323820566,0.2803514376996805,0.9999975186892388
0.047136078323820566,0.28115015974440893,0.9999975125349296
0.04720852371810462,0.28115015974440893,0.9999974770540211
0.04720852371810462,0.2819488817891374,0.9999974750639264
0.047224047731165494,0.2819488817891374,0.9999974630087208
0.047224047731165494,0.2827476038338658,0.9999974575393014
0.04734306516463216,0.2827476038338658,0.999997393596295
0.04734306516463216,0.28354632587859424,0.9999973890530968
0.047648370754829264,0.28354632587859424,0.9999972763502867
0.047648370754829264,0.28434504792332266,0.9999972738835877
0.047715641478093034,0.28434504792332266,0.9999972276315838
0.047715641478093034,0.28514376996805113,0.99999722243362
0.04817101252787854,0.28514376996805113,0.9999969788496046
0.04817101252787854,0.28594249201277955,0.9999969779024975
0.04842457140787274,0.28594249201277955,0.9999968530871376
0.04842457140787274,0.28674121405750796,0.9999968458712042
0.04852806482827854,0.28674121405750796,0.9999967935558176
0.04852806482827854,0.28753993610223644,0.999996792314598
0.048786798379293034,0.28753993610223644,0.9999966854617178
0.048786798379293034,0.28833865814696485,0.999996674990593
0.04880232239235391,0.28833865814696485,0.9999966624603162
0.04880232239235391,0.28913738019169327,0.9999966624468903
0.048812671734394485,0.28913738019169327,0.9999966577557089
0.048812671734394485,0.28993610223642174,0.9999966549710047
0.04884889443153651,0.28993610223642174,0.9999966345687449
0.04884889443153651,0.29073482428115016,0.9999966305564822
0.048973086536023475,0.29073482428115016,0.9999965604572454
0.048973086536023475,0.2915335463258786,0.9999965589397841
0.048993785220104634,0.2915335463258786,0.9999965512429668
0.048993785220104634,0.29233226837060705,0.9999965438043916
0.04900413456214521,0.29233226837060705,0.9999965359182077
0.04900413456214521,0.29313099041533547,0.9999965348913049
0.049309440152342315,0.29313099041533547,0.9999963527087236
0.049309440152342315,0.2939297124600639,0.9999963492992713
0.049330138836423475,0.2939297124600639,0.9999963424477409
0.049330138836423475,0.29472843450479236,0.999996341255788
0.04953712567723507,0.29472843450479236,0.9999962064333792
0.04953712567723507,0.2955271565495208,0.9999962028984202
0.04981655791233072,0.2955271565495208,0.9999960191798766
0.04981655791233072,0.2963258785942492,0.9999960108815621
0.04985278060947275,0.2963258785942492,0.9999959939842329
0.04985278060947275,0.2971246006389776,0.9999959917481375
0.05012703817354812,0.2971246006389776,0.9999958048016754
0.05012703817354812,0.2979233226837061,0.9999957998418689
0.050178784883751014,0.2979233226837061,0.9999957668475747
0.050178784883751014,0.2987220447284345,0.9999957658452912
0.05050478915802928,0.2987220447284345,0.999995520343636
0.05050478915802928,0.2995207667731629,0.9999955191714867
0.05057723455231334,0.2995207667731629,0.999995420028824
0.05057723455231334,0.3003194888178914,0.9999954119130087
0.051053304286180004,0.3003194888178914,0.9999951239469599
0.051053304286180004,0.3011182108626198,0.9999951209261778
0.05123441777189015,0.3011182108626198,0.999994989010947
0.05123441777189015,0.3019169329073482,0.9999949875361752
0.05151385000698581,0.3019169329073482,0.9999947904214324
0.05151385000698581,0.3027156549520767,0.9999947901358132
0.05158629540126986,0.3027156549520767,0.9999947163004375
0.05158629540126986,0.3035143769968051,0.9999947157426433
0.05177775822902059,0.3035143769968051,0.9999945542869516
0.05177775822902059,0.30431309904153353,0.9999945529152059
0.05208306381921769,0.30431309904153353,0.9999942759350351
0.05208306381921769,0.305111821086262,0.9999942705141202
0.05276612039389596,0.305111821086262,0.9999936321806076
0.05276612039389596,0.3059105431309904,0.9999936253419014
0.05277646973593654,0.3059105431309904,0.9999936203181463
0.05277646973593654,0.30670926517571884,0.9999936180665782
0.0534077796004119,0.30670926517571884,0.9999929839918241
0.0534077796004119,0.3075079872204473,0.9999929686714187
0.05353197170489886,0.3075079872204473,0.9999928085572026
0.05353197170489886,0.3083067092651757,0.9999928058009089
0.05354232104693944,0.3083067092651757,0.9999927770821233
0.05354232104693944,0.30910543130990414,0.9999927738064875
0.053547495717959734,0.30910543130990414,0.999992762476696
0.053547495717959734,0.30990415335463256,0.9999927568886925
0.05356819440204089,0.30990415335463256,0.9999927205304665
0.05356819440204089,0.31070287539936103,0.9999927170241224
0.05360441709918292,0.31070287539936103,0.9999926849557308
0.05360441709918292,0.31150159744408945,0.9999926840037859
0.053816578611014805,0.31150159744408945,0.9999924622668734
0.053816578611014805,0.31230031948881787,0.9999924523688853
0.053837277295095964,0.31230031948881787,0.9999924126002615
0.053837277295095964,0.31309904153354634,0.9999924049503375
0.0544323644624293,0.31309904153354634,0.9999917101594779
0.0544323644624293,0.31389776357827476,0.9999917084681482
0.05453068321181481,0.31389776357827476,0.99999160141389
0.05453068321181481,0.3146964856230032,0.9999915831911143
0.055229263799553945,0.3146964856230032,0.9999905973529977
0.055229263799553945,0.31549520766773165,0.9999905670283881
0.05526548649669597,0.31549520766773165,0.9999904666931376
0.05526548649669597,0.31629392971246006,0.9999904651946444
0.05551387070566989,0.31629392971246006,0.9999901121330266
0.05551387070566989,0.3170926517571885,0.999990102768885
0.05593819372933366,0.3170926517571885,0.9999893421824246
0.05593819372933366,0.31789137380191695,0.9999893277600783
0.055964067084435104,0.31789137380191695,0.9999892861976575
0.055964067084435104,0.31869009584664537,0.999989266568935
0.05609860853096264,0.31869009584664537,0.9999890605521266
0.05609860853096264,0.3194888178913738,0.9999890542287584
0.056108957873003226,0.3194888178913738,0.9999890381020569
0.056108957873003226,0.32028753993610226,0.9999890320077609
0.0562228006354496,0.32028753993610226,0.9999888411648529
0.0562228006354496,0.3210862619808307,0.9999888110255117
0.05653845556768729,0.3210862619808307,0.9999882664235523
0.05653845556768729,0.3218849840255591,0.9999882565489872
0.0566315996460525,0.3218849840255591,0.9999880703947713
0.0566315996460525,0.3226837060702875,0.9999880563055271
0.05799771279540903,0.3226837060702875,0.9999853847899381
0.05799771279540903,0.323482428115016,0.9999853751791581
0.058887756210898895,0.323482428115016,0.9999834487556585
0.058887756210898895,0.3242811501597444,0.999983441746313
0.05973122758720614,0.3242811501597444,0.9999812642668571
0.05973122758720614,0.3250798722044728,0.9999812497362413
0.06046603087208731,0.3250798722044728,0.9999790004779882
0.06046603087208731,0.3258785942492013,0.9999789838221816
0.06048672955616847,0.3258785942492013,0.9999788547312678
0.06048672955616847,0.3266773162939297,0.9999787879320805
0.06052812692433079,0.3266773162939297,0.9999786170353344
0.06052812692433079,0.3274760383386581,0.9999785986608054
0.060631620344736584,0.3274760383386581,0.9999781819322021
0.060631620344736584,0.3282747603833866,0.9999781753626467
0.06113873810472499,0.3282747603833866,0.9999765624719636
0.06113873810472499,0.329073482428115,0.9999765559701768
0.0613405502745163,0.329073482428115,0.9999758669475277
0.0613405502745163,0.32987220447284343,0.9999758654778355
0.06148026639206412,0.32987220447284343,0.9999753052743948
0.06148026639206412,0.3306709265175719,0.9999753006941342
0.0619511614549105,0.3306709265175719,0.9999734898136255
0.0619511614549105,0.3314696485623003,0.9999734885209283
0.062008082836133696,0.3314696485623003,0.9999732011952361
0.062008082836133696,0.33226837060702874,0.9999731844228569
0.06260834467448732,0.33226837060702874,0.9999703354847778
0.06260834467448732,0.3330670926517572,0.9999703241965988
0.0633327986173279,0.3330670926517572,0.9999673952207018
0.0633327986173279,0.33386581469648563,0.9999673848250016
0.06335349730140906,0.33386581469648563,0.9999672988184339
0.06335349730140906,0.33466453674121405,0.9999672443927238
0.06349321341895689,0.33466453674121405,0.9999666274888482
0.06349321341895689,0.3354632587859425,0.9999666218645625
0.06360705618140326,0.3354632587859425,0.9999661779453
0.06360705618140326,0.33626198083067094,0.9999661774809662
0.06381404302221486,0.33626198083067094,0.9999652371295754
0.06381404302221486,0.33706070287539935,0.9999652243008601
0.063995156507925,0.33706070287539935,0.9999644489067923
0.063995156507925,0.33785942492012777,0.9999644104437858
0.06446605157077138,0.33785942492012777,0.9999618738908556
0.06446605157077138,0.33865814696485624,0.9999618280680718
0.0646161170303598,0.33865814696485624,0.9999609909434848
0.0646161170303598,0.33945686900958466,0.9999609868105336
0.06465233972750183,0.33945686900958466,0.9999607648649319
0.06465233972750183,0.3402555910543131,0.9999607442787128
0.06474030913484675,0.3402555910543131,0.9999602854725722
0.06474030913484675,0.34105431309904155,0.999960268714896
0.0649214226205569,0.34105431309904155,0.9999592112038282
0.0649214226205569,0.34185303514376997,0.9999591943928456
0.06604950090298009,0.34185303514376997,0.9999527246472274
0.06604950090298009,0.3426517571884984,0.999952669909131
0.06616334366542648,0.3426517571884984,0.9999518758258958
0.06616334366542648,0.34345047923322686,0.9999518638860591
0.06653074530786705,0.34345047923322686,0.9999495522105193
0.06653074530786705,0.3442492012779553,0.9999495366853399
0.06654109464990764,0.3442492012779553,0.99994945946888
0.06654109464990764,0.3450479233226837,0.999949421241267
0.06682570155602358,0.3450479233226837,0.9999476506922411
0.06682570155602358,0.34584664536741216,0.9999476264808403
0.06684122556908445,0.34584664536741216,0.9999475523041186
0.06684122556908445,0.3466453674121406,0.9999475309311615
0.06714135648826126,0.3466453674121406,0.9999455981806127
0.06714135648826126,0.34824281150159747,0.9999455035795731
0.06720345254050474,0.34824281150159747,0.9999449113145354
0.06720345254050474,0.3490415335463259,0.999944772812566
0.06742078872335691,0.3490415335463259,0.9999433390687842
0.06742078872335691,0.3498402555910543,0.9999432526371601
0.06749840878866126,0.3498402555910543,0.9999427629492694
0.06749840878866126,0.3506389776357827,0.9999427209863191
0.0675812035249859,0.3506389776357827,0.9999420678050472
0.0675812035249859,0.3514376996805112,0.9999420188520756
0.06766917293233082,0.3514376996805112,0.999941720279143
0.06766917293233082,0.3522364217252396,0.9999417115065812
0.06768987161641199,0.3522364217252396,0.9999415657124883
0.06768987161641199,0.35303514376996803,0.999941561751385
0.06792273181232503,0.35303514376996803,0.9999396789801108
0.06792273181232503,0.3538338658146965,0.9999396006595874
0.06816076667925837,0.3538338658146965,0.9999375607260664
0.06816076667925837,0.3546325878594249,0.9999375000598063
0.06845572292741489,0.3546325878594249,0.9999352881983785
0.06845572292741489,0.35543130990415334,0.9999352518068457
0.06856439101884097,0.35543130990415334,0.9999340576423245
0.06856439101884097,0.3562300319488818,0.9999340547432795
0.06954757851269605,0.3562300319488818,0.9999248116791714
0.06954757851269605,0.3570287539936102,0.9999247934793272
0.06962002390698012,0.3570287539936102,0.9999242430733793
0.06962002390698012,0.35782747603833864,0.9999242170843091
0.0696251985780004,0.35782747603833864,0.9999242037670953
0.0696251985780004,0.3586261980830671,0.9999241662075553
0.07008574429880621,0.3586261980830671,0.9999195257802471
0.07008574429880621,0.35942492012779553,0.9999195152163244
0.0705514646906323,0.35942492012779553,0.9999137126014714
0.0705514646906323,0.36022364217252395,0.9999137071523793
0.0706963554792004,0.36022364217252395,0.9999119278492081
0.0706963554792004,0.3610223642172524,0.9999118801068415
0.07091886633307287,0.3610223642172524,0.9999092391514621
0.07091886633307287,0.36182108626198084,0.9999092382613276
0.071260394620412,0.36182108626198084,0.9999060446378689
0.071260394620412,0.36261980830670926,0.999905995476104
0.07149842948734535,0.36261980830670926,0.9999035602225906
0.07149842948734535,0.3634185303514377,0.9999035515435493
0.07181408441958302,0.3634185303514377,0.9998989655504262
0.07181408441958302,0.36421725239616615,0.9998989161522545
0.0718761804718265,0.36421725239616615,0.9998980634827291
0.0718761804718265,0.36501597444089456,0.9998980141590115
0.07191240316896853,0.36501597444089456,0.9998975352669339
0.07191240316896853,0.365814696485623,0.9998974531110394
0.07212456468080042,0.365814696485623,0.9998942005785248
0.07212456468080042,0.36661341853035145,0.9998941951077591
0.07221253408814535,0.36661341853035145,0.9998932582981609
0.07221253408814535,0.3682108626198083,0.9998932254533105
0.07267307980895114,0.3682108626198083,0.9998866884579892
0.07267307980895114,0.36900958466453676,0.9998866792237975
0.07297321072812796,0.36900958466453676,0.9998816306174803
0.07297321072812796,0.3698083067092652,0.999881577078937
0.07300943342526998,0.3698083067092652,0.9998810252977102
0.07300943342526998,0.3706070287539936,0.9998809137385926
0.07333026302852796,0.3706070287539936,0.9998765899167867
0.07333026302852796,0.37140575079872207,0.9998764985373141
0.07393052486688159,0.37140575079872207,0.999867391969188
0.07393052486688159,0.3722044728434505,0.9998673432746843
0.07414786104973377,0.3722044728434505,0.9998635179313303
0.07414786104973377,0.3730031948881789,0.9998635051086636
0.0741840837468758,0.3730031948881789,0.9998626364974039
0.0741840837468758,0.3738019169329074,0.9998626028410816
0.07445834131095115,0.3738019169329074,0.9998580623184962
0.07445834131095115,0.3746006389776358,0.9998579533664304
0.07457735874441783,0.3746006389776358,0.9998563121756205
0.07457735874441783,0.3753993610223642,0.9998562840146892
0.07464980413870188,0.3753993610223642,0.9998553397089801
0.07464980413870188,0.3761980830670926,0.9998553286112543
0.07468602683584391,0.3761980830670926,0.999853682311066
0.07468602683584391,0.3769968051118211,0.9998534592592713
0.07478434558522942,0.3769968051118211,0.9998519849756995
0.07478434558522942,0.3777955271565495,0.9998519523285531
0.07524489130603522,0.3777955271565495,0.9998436143666511
0.07524489130603522,0.37859424920127793,0.9998435909442998
0.07563816630357725,0.37859424920127793,0.999835971772708
0.07563816630357725,0.3793929712460064,0.999835797361413
0.07585550248642943,0.3793929712460064,0.99983169209854
0.07585550248642943,0.3801916932907348,0.9998316408160297
0.07595382123581493,0.3801916932907348,0.9998289920345115
0.07595382123581493,0.38099041533546324,0.9998289282330602
0.07597969459091639,0.38099041533546324,0.9998282630799411
0.07597969459091639,0.3817891373801917,0.999828146363928
0.07604179064315986,0.3817891373801917,0.9998270176392677
0.07604179064315986,0.38258785942492013,0.9998267680506974
0.07641954162764102,0.38258785942492013,0.9998186834792538
0.07641954162764102,0.38338658146964855,0.9998186544916071
0.07651268570600624,0.38338658146964855,0.9998163634195769
0.07651268570600624,0.384185303514377,0.9998161467050127
0.07662135379743233,0.384185303514377,0.9998141101305875
0.07662135379743233,0.38498402555910544,0.9998139665191431
0.07677141925702073,0.38498402555910544,0.9998102361501691
0.07677141925702073,0.38578274760383385,0.9998099180087558
0.07677659392804102,0.38578274760383385,0.9998099129708118
0.07677659392804102,0.3865814696485623,0.9998098571085468
0.07714917024150189,0.3865814696485623,0.9997975521022736
0.07714917024150189,0.38738019169329074,0.9997974473406758
0.0776097159623077,0.38738019169329074,0.9997876919907567
0.0776097159623077,0.38817891373801916,0.9997876022361278
0.07763558931740915,0.38817891373801916,0.999786851886238
0.07763558931740915,0.3889776357827476,0.999786724772556
0.07794089490760625,0.3889776357827476,0.9997792873860832
0.07794089490760625,0.38977635782747605,0.9997792187773197
0.07802886431495118,0.38977635782747605,0.9997771415003492
0.07802886431495118,0.39057507987220447,0.999777065539953
0.07804956299903233,0.39057507987220447,0.9997764923277432
0.07804956299903233,0.3913738019169329,0.9997762886604293
0.07823585115576277,0.3913738019169329,0.9997714524167245
0.07823585115576277,0.39217252396166136,0.9997708791076354
0.07856185543004103,0.39217252396166136,0.9997619416520275
0.07856185543004103,0.3929712460063898,0.9997618981739061
0.07864982483738596,0.3929712460063898,0.999759957068943
0.07864982483738596,0.3937699680511182,0.9997596880557824
0.07905862384798887,0.3937699680511182,0.9997481004143846
0.07905862384798887,0.39456869009584666,0.9997478771925018
0.07991761923735699,0.39456869009584666,0.9997182551659949
0.07991761923735699,0.3953674121405751,0.9997181267439538
0.0800625100259251,0.3953674121405751,0.999714755133551
0.0800625100259251,0.3961661341853035,0.9997142929934052
0.08015047943327003,0.3961661341853035,0.9997113587802052
0.08015047943327003,0.39696485623003197,0.9997112199202961
0.08046095969448742,0.39696485623003197,0.9996990814671582
0.08046095969448742,0.3977635782747604,0.9996989531829117
0.08068347054835989,0.3977635782747604,0.9996902917318474
0.08068347054835989,0.3985623003194888,0.9996902875936463
0.08080248798182656,0.3985623003194888,0.9996858223786796
0.08080248798182656,0.3993610223642173,0.9996857430172111
0.0809836014675367,0.3993610223642173,0.999677551398257
0.0809836014675367,0.4001597444089457,0.9996771797286217
0.08115954028222656,0.4001597444089457,0.9996717273625569
0.08115954028222656,0.4009584664536741,0.9996715287192787
0.08232901593281207,0.4009584664536741,0.9996225213409968
0.08232901593281207,0.40175718849840253,0.9996223661263296
0.08245320803729903,0.40175718849840253,0.999617531516732
0.08245320803729903,0.402555910543131,0.9996175145491866
0.08271194158831352,0.402555910543131,0.9996030748014798
0.08271194158831352,0.4033546325878594,0.9996030394513031
0.08284648303484106,0.4033546325878594,0.9995968363211571
0.08284648303484106,0.40415335463258784,0.9995965179455713
0.08306899388871353,0.40415335463258784,0.9995835509282202
0.08306899388871353,0.4049520766773163,0.9995833995601938
0.08366925572706715,0.4049520766773163,0.9995572180751853
0.08366925572706715,0.4057507987220447,0.9995567780449764
0.08435231230174542,0.4057507987220447,0.9995160105901135
0.08435231230174542,0.40654952076677314,0.9995159612774671
0.08452825111643528,0.40654952076677314,0.9995052819351218
0.08452825111643528,0.4073482428115016,0.9995049053548667
0.0846679672339831,0.4073482428115016,0.9994979999979111
0.0846679672339831,0.40814696485623003,0.9994976881241348
0.08500949552132223,0.40814696485623003,0.9994808074251955
0.08500949552132223,0.40894568690095845,0.9994807723257813
0.0853354997956005,0.40894568690095845,0.9994604931654296
0.0853354997956005,0.4097444089456869,0.9994604048121145
0.0855373119653918,0.4097444089456869,0.9994488939912869
0.0855373119653918,0.41054313099041534,0.9994488044462106
0.0858426175555889,0.41054313099041534,0.9994276121249673
0.0858426175555889,0.41134185303514376,0.999427506466385
0.08609617643558311,0.41134185303514376,0.9994101879746731
0.08609617643558311,0.41214057507987223,0.9994101041561149
0.08610652577762369,0.41214057507987223,0.9994093515881133
0.08610652577762369,0.41293929712460065,0.9994079832402727
0.08643253005190195,0.41293929712460065,0.9993864017749177
0.08643253005190195,0.41373801916932906,0.9993849270225422
0.08658259551149036,0.41373801916932906,0.99937455025763
0.08658259551149036,0.4145367412140575,0.9993745040347773
0.08711558662658021,0.4145367412140575,0.9993283040893447
0.08711558662658021,0.41533546325878595,0.999327938606545
0.08730187478331065,0.41533546325878595,0.9993124390723382
0.08730187478331065,0.41613418530351437,0.9993111981529514
0.08746228958493964,0.41613418530351437,0.9993000888311138
0.08746228958493964,0.4169329073482428,0.9993000111217343
0.08812464747553675,0.4169329073482428,0.9992406124639439
0.08812464747553675,0.41773162939297126,0.9992390553004614
0.0883523330004295,0.41773162939297126,0.999224889946843
0.0883523330004295,0.4185303514376997,0.9992247339463527
0.0885075731310382,0.4185303514376997,0.9992117568453354
0.0885075731310382,0.4193290734824281,0.9992115872691213
0.08919580437673674,0.4193290734824281,0.999148029818139
0.08919580437673674,0.42012779552715657,0.9991477609382687
0.08966669943958312,0.42012779552715657,0.9991052052980063
0.08966669943958312,0.420926517571885,0.9991050677739399
0.089682223452644,0.420926517571885,0.9991020031001151
0.089682223452644,0.4217252396166134,0.9991003374299567
0.08986333693835415,0.4217252396166134,0.9990882831326762
0.08986333693835415,0.4225239616613419,0.9990877211861056
0.08986851160937444,0.4225239616613419,0.9990874284265145
0.08986851160937444,0.4233226837060703,0.9990869073614026
0.09125532344281212,0.4233226837060703,0.9989575843852087
0.09125532344281212,0.4241214057507987,0.9989575688697769
0.09154510501994835,0.4241214057507987,0.9989272210824619
0.09154510501994835,0.4249201277955272,0.9989261672712669
0.09220228823952517,0.4249201277955272,0.9988364472961211
0.09220228823952517,0.4257188498402556,0.9988353775112574
0.09242479909339764,0.4257188498402556,0.9988056407006664
0.09242479909339764,0.426517571884984,0.9988053486761501
0.09298366356358895,0.426517571884984,0.9987316994006339
0.09298366356358895,0.4273162939297125,0.9987305397166174
0.0931647770492991,0.4273162939297125,0.9987059962956449
0.0931647770492991,0.4281150159744409,0.9987047678127587
0.09326827046970489,0.4281150159744409,0.9986927712094781
0.09326827046970489,0.4289137380191693,0.9986926652623469
0.0933148425088875,0.4289137380191693,0.9986874568261437
0.0933148425088875,0.42971246006389774,0.9986851440057257
0.09332519185092808,0.42971246006389774,0.9986844381209888
0.09332519185092808,0.4305111821086262,0.9986831114456742
0.09374951487459185,0.4305111821086262,0.9986178449623905
0.09374951487459185,0.43130990415335463,0.9986177050862912
0.09451536618559475,0.43130990415335463,0.9985014490159769
0.09451536618559475,0.43210862619808305,0.9985011405923399
0.09452054085661504,0.43210862619808305,0.9985008852786815
0.09452054085661504,0.4329073482428115,0.9984997691545585
0.09533296420680056,0.4329073482428115,0.9983683840511196
0.09533296420680056,0.43370607028753994,0.9983678611274001
0.09611951420188461,0.43370607028753994,0.9982264821185539
0.09611951420188461,0.43450479233226835,0.9982261182571001
0.09658523459371071,0.43450479233226835,0.998139765514953
0.09658523459371071,0.4353035143769968,0.9981394750770007
0.09659558393575128,0.4353035143769968,0.9981371944102099
0.09659558393575128,0.43610223642172524,0.9981361748829317
0.09661110794881216,0.43610223642172524,0.9981348329273627
0.09661110794881216,0.43690095846645366,0.9981344165460522
0.0967456493953397,0.43690095846645366,0.9981117710694878
0.0967456493953397,0.43769968051118213,0.9981106876695174
0.09678187209248172,0.43769968051118213,0.9980961587006607
0.09678187209248172,0.43849840255591055,0.9980956913691187
0.09691123886798897,0.43849840255591055,0.9980608513388468
0.09691123886798897,0.43929712460063897,0.9980591039545867
0.09698885893329331,0.43929712460063897,0.9980475825634778
0.09698885893329331,0.44009584664536744,0.998047573819472
0.09703025630145563,0.44009584664536744,0.9980405789695048
0.09703025630145563,0.44089456869009586,0.9980383867932024
0.09716997241900346,0.44089456869009586,0.9980157873418303
0.09716997241900346,0.4416932907348243,0.9980149597043529
0.09741835662797738,0.4416932907348243,0.9979535175121238
0.09741835662797738,0.4424920127795527,0.9979532460899363
0.09749080202226143,0.4424920127795527,0.9979238707553298
0.09749080202226143,0.44329073482428116,0.9979232594204696
0.09799274511122956,0.44329073482428116,0.9977783169020951
0.09799274511122956,0.4440894568690096,0.9977777883471615
0.0982204306361223,0.4440894568690096,0.9977203511378425
0.0982204306361223,0.444888178913738,0.9977199804269893
0.09824630399122376,0.444888178913738,0.9977132832713549
0.09824630399122376,0.44568690095846647,0.9977131966298064
0.09838084543775129,0.44568690095846647,0.9976729422598889
0.09838084543775129,0.4464856230031949,0.9976726740379019
0.09847398951611651,0.4464856230031949,0.9976567603022076
0.09847398951611651,0.4472843450479233,0.9976551894347171
0.09901732997324696,0.4472843450479233,0.9974958479514501
0.09901732997324696,0.4480830670926518,0.9974934315045033
0.09908460069651072,0.4480830670926518,0.9974757788296305
0.09908460069651072,0.4488817891373802,0.9974757164196519
0.10018163095281217,0.4488817891373802,0.9972008410015728
0.10018163095281217,0.4496805111821086,0.9971974344665918
0.10053868325321218,0.4496805111821086,0.9970921013932347
0.10053868325321218,0.4504792332268371,0.9970910238043786
0.10095783160585566,0.4504792332268371,0.9969722878656978
0.10095783160585566,0.4512779552715655,0.9969720691422909
0.10104580101320058,0.4512779552715655,0.9969456314800831
0.10104580101320058,0.4520766773162939,0.9969455332790129
0.10111307173646436,0.4520766773162939,0.9969315981190732
0.10111307173646436,0.4528753993610224,0.9969313520468795
0.10127866120911364,0.4528753993610224,0.9968732934847992
0.10127866120911364,0.4536741214057508,0.9968723725307718
0.10129935989319479,0.4536741214057508,0.9968662061254683
0.10129935989319479,0.4544728434504792,0.9968657334270976
0.10175990561400058,0.4544728434504792,0.9966969865853017
0.10175990561400058,0.45527156549520764,0.9966969499583769
0.10189962173154841,0.45527156549520764,0.9966530832809912
0.10189962173154841,0.4560702875399361,0.9966510087400337
0.10199794048093393,0.4560702875399361,0.9966133013812781
0.10199794048093393,0.45686900958466453,0.9966106752012086
0.10274826777887595,0.45686900958466453,0.9963696840485708
0.10274826777887595,0.45766773162939295,0.9963686566493746
0.1028258878441803,0.45766773162939295,0.9963324141035057
0.1028258878441803,0.4584664536741214,0.9963316753384451
0.1028828092254035,0.4584664536741214,0.9963123673676546
0.1028828092254035,0.45926517571884984,0.9963109719898071
0.10302252534295132,0.45926517571884984,0.9962525606030447
0.10302252534295132,0.46006389776357826,0.9962506869692964
0.10377802731191364,0.46006389776357826,0.9959787652647593
0.10377802731191364,0.46086261980830673,0.9959740526124851
0.10388152073231945,0.46086261980830673,0.995936384837918
0.10388152073231945,0.46166134185303515,0.9959356743185319
0.10403676086292814,0.46166134185303515,0.9958725387843492
0.10403676086292814,0.46246006389776356,0.9958681438460067
0.10417130230945568,0.46246006389776356,0.9958241107207131
0.10417130230945568,0.46325878594249204,0.9958229970071746
0.10464219737230206,0.46325878594249204,0.9956374397153587
0.10464219737230206,0.46405750798722045,0.9956329378060065
0.10493197894943829,0.46405750798722045,0.9954901285787399
0.10493197894943829,0.46485623003194887,0.9954891968177052
0.10539252467024408,0.46485623003194887,0.995289993388976
0.10539252467024408,0.46565495207667734,0.995287589811364
0.1061066292710441,0.46565495207667734,0.9949769284890162
0.1061066292710441,0.46645367412140576,0.994976232860433
0.10623082137553105,0.46645367412140576,0.9949199075558297
0.10623082137553105,0.4672523961661342,0.9949175542908707
0.10642228420328177,0.4672523961661342,0.9948111027654909
0.10642228420328177,0.4680511182108626,0.99480612802214
0.1064585069004238,0.4680511182108626,0.994795001784162
0.1064585069004238,0.46884984025559107,0.9947896523145111
0.1068155592008238,0.46884984025559107,0.994630799969054
0.1068155592008238,0.4696485623003195,0.9946303571929423
0.10704841939673686,0.4696485623003195,0.9944788253146797
0.10704841939673686,0.4704472843450479,0.9944764622055334
0.10722953288244699,0.4704472843450479,0.9943938968421562
0.10722953288244699,0.4712460063897764,0.9943929856298405
0.10726575557958903,0.4712460063897764,0.9943809288126703
0.10726575557958903,0.4720447284345048,0.9943761910515487
0.10836278583589048,0.4720447284345048,0.9937904625799681
0.10836278583589048,0.4728434504792332,0.9937895592455044
0.10838348451997164,0.4728434504792332,0.9937628915666673
0.10838348451997164,0.4736421725239617,0.9937627377707415
0.10889577695098034,0.4736421725239617,0.9934326624011653
0.10889577695098034,0.4744408945686901,0.9934277959924211
0.109532261486476,0.4744408945686901,0.9930341074665551
0.109532261486476,0.4752396166134185,0.9930337277983263
0.10958918286769918,0.4752396166134185,0.9929965785986462
0.10958918286769918,0.476038338658147,0.9929923482931134
0.1096305802358615,0.476038338658147,0.9929398996959669
0.1096305802358615,0.4768370607028754,0.9929305613795665
0.11036020884972238,0.4768370607028754,0.9924850956800209
0.11036020884972238,0.4776357827476038,0.992479211845093
0.11098634404317745,0.4776357827476038,0.9919902339766911
0.11098634404317745,0.4784345047923323,0.9919774232579117
0.11131752298847601,0.4784345047923323,0.9917005801144314
0.11131752298847601,0.4792332268370607,0.991699328478029
0.11135892035663833,0.4792332268370607,0.9916815023943426
0.11135892035663833,0.48003194888178913,0.99167677489625
0.111477937790105,0.48003194888178913,0.9916073305570615
0.111477937790105,0.48083067092651754,0.9916053615842836
0.11165387660479485,0.48083067092651754,0.9914734377676332
0.11165387660479485,0.481629392971246,0.9914661165825759
0.11177806870928181,0.481629392971246,0.9913424898739643
0.11177806870928181,0.48242811501597443,0.9913407704336259
0.11182464074846442,0.48242811501597443,0.9913001716286813
0.11182464074846442,0.48322683706070285,0.9912955611256354
0.11194365818193108,0.48322683706070285,0.9911834016773712
0.11194365818193108,0.4840255591054313,0.9911818961757587
0.11263706409864993,0.4840255591054313,0.9905861916019063
0.11263706409864993,0.48482428115015974,0.9905845071444692
0.11341326475169342,0.48482428115015974,0.9898337635688342
0.11341326475169342,0.48562300319488816,0.9898318414354991
0.11399800257698617,0.48562300319488816,0.9893085829159202
0.11399800257698617,0.48642172523961663,0.9893076280650952
0.1143912775745282,0.48642172523961663,0.9889887912022589
0.1143912775745282,0.48722044728434505,0.9889874360388535
0.11446372296881226,0.48722044728434505,0.9888972413096154
0.11446372296881226,0.48801916932907347,0.9888951711713824
0.11497601539982095,0.48801916932907347,0.9883780659199699
0.11497601539982095,0.48881789137380194,0.9883598827954209
0.11654394071896879,0.48881789137380194,0.9864477358215306
0.11654394071896879,0.48961661341853036,0.9864151585674442
0.11668365683651662,0.48961661341853036,0.986277736565033
0.11668365683651662,0.4904153354632588,0.9862653068458473
0.11687511966426735,0.4904153354632588,0.9860312798553054
0.11687511966426735,0.49121405750798725,0.9860303439190522
0.11698378775569343,0.49121405750798725,0.985896581767446
0.11698378775569343,0.49201277955271566,0.9858883585161121
0.11737706275323546,0.49201277955271566,0.9853677343901532
0.11737706275323546,0.4928115015974441,0.9853552635798165
0.11767719367241228,0.4928115015974441,0.9849004240123139
0.11767719367241228,0.4936102236421725,0.984898588352948
0.11902260813768764,0.4936102236421725,0.9829933061682579
0.11902260813768764,0.49440894568690097,0.9829931030855222
0.11980915813277171,0.49440894568690097,0.9817212736599642
0.11980915813277171,0.4952076677316294,0.9817187474041043
0.11988160352705576,0.4952076677316294,0.9815607084368763
0.11988160352705576,0.4960063897763578,0.981559091568532
0.12065262950907896,0.4960063897763578,0.9803604283487887
0.12065262950907896,0.4968051118210863,0.9803597001130941
0.12214810943394273,0.4968051118210863,0.9777764660575033
0.12214810943394273,0.4976038338658147,0.9777572408200832
0.12221538015720651,0.4976038338658147,0.9776184071476656
0.12221538015720651,0.4984025559105431,0.9776168950843583
0.12246376436618042,0.4984025559105431,0.9770003904641769
0.12246376436618042,0.4992012779552716,0.9769831827759374
0.12275354594331665,0.4992012779552716,0.9763577326210758
0.12275354594331665,0.5,0.9763471435881196
0.12278976864045868,0.5,0.976268348993644
0.12278976864045868,0.5007987220447284,0.9762626148737323
0.1232917117294268,0.5007987220447284,0.9752562492119254
0.1232917117294268,0.5015974440894568,0.9752545559057382
0.12399546698818623,0.5015974440894568,0.9740429242834681
0.12399546698818623,0.5023961661341853,0.9740155866024589
0.12406273771144999,0.5023961661341853,0.9739091465920235
0.12406273771144999,0.5031948881789138,0.9738638404849371
0.12459572882653985,0.5031948881789138,0.9726242990366686
0.12459572882653985,0.5039936102236422,0.9725782260177708
0.12464230086572246,0.5039936102236422,0.972447110387193
0.12464230086572246,0.5047923322683706,0.9724405972941776
0.12469922224694566,0.5047923322683706,0.9723552997653275
0.12469922224694566,0.505591054313099,0.9723438574884233
0.12496830514000072,0.505591054313099,0.9717734206610545
0.12496830514000072,0.5063897763578274,0.971738683957278
0.1260498113832413,0.5063897763578274,0.9689225318781008
0.1260498113832413,0.5071884984025559,0.9689158776771369
0.12629302092119493,0.5071884984025559,0.9682389553662746
0.12629302092119493,0.5079872204472844,0.9682170814488772
0.1264120383546616,0.5079872204472844,0.9679038368950446
0.1264120383546616,0.5087859424920128,0.9678727342351074
0.12714684163954276,0.5087859424920128,0.9655739712529726
0.12714684163954276,0.5095846645367412,0.96556453332446
0.12720376302076594,0.5095846645367412,0.9654824764864154
0.12720376302076594,0.5103833865814696,0.9654520158001006
0.1273797018354558,0.5103833865814696,0.9649171447334013
0.1273797018354558,0.5111821086261981,0.9648789609082973
0.12796443966074858,0.5111821086261981,0.9631940224068726
0.12796443966074858,0.5119808306709265,0.9631160369906163
0.12883378439215726,0.5119808306709265,0.9606389235643701
0.12883378439215726,0.512779552715655,0.9606287587558116
0.12940299820438916,0.512779552715655,0.9586760789242719
0.12940299820438916,0.5135782747603834,0.9586721431971126
0.12972382780764713,0.5135782747603834,0.95750373071654
0.12972382780764713,0.5143769968051118,0.9574878022005336
0.12982214655703264,0.5143769968051118,0.9568737608572913
0.12982214655703264,0.5151757188498403,0.9568620951448022
0.1298480199121341,0.5151757188498403,0.9567420767865737
0.1298480199121341,0.5159744408945687,0.956739477676209
0.12987389326723553,0.5159744408945687,0.9566090552715908
0.12987389326723553,0.5167731629392971,0.9566046772656868
0.1307070153015022,0.5167731629392971,0.9536567411201234
0.1307070153015022,0.5175718849840255,0.9536456202240252
0.13085708076109062,0.5175718849840255,0.9532126788671574
0.13085708076109062,0.518370607028754,0.9531823395842336
0.13110546497006453,0.518370607028754,0.9518221090467096
0.13110546497006453,0.5191693290734825,0.9518191557235363
0.13120895839047034,0.5191693290734825,0.9515016364982012
0.13120895839047034,0.5199680511182109,0.9514775832466809
0.13135384917903845,0.5199680511182109,0.9508834253839332
0.13135384917903845,0.5207667731629393,0.9508572062928554
0.13181439489984426,0.5207667731629393,0.948614197445504
0.13181439489984426,0.5215654952076677,0.9485402626922478
0.13384804061081818,0.5215654952076677,0.9392065145087317
0.13384804061081818,0.5223642172523961,0.9392051776381608
0.13427236363448194,0.5223642172523961,0.9369982362826252
0.13427236363448194,0.5231629392971247,0.9369498929998366
0.1342930623185631,0.5231629392971247,0.9368976240878704
0.1342930623185631,0.5239616613418531,0.9368836802040462
0.13475878271038919,0.5239616613418531,0.9343596919714717
0.13475878271038919,0.5247603833865815,0.9343572167975673
0.13477948139447035,0.5247603833865815,0.9342623625490325
0.13477948139447035,0.5255591054313099,0.9341860420579516
0.1348053547495718,0.5255591054313099,0.9340766163039513
0.1348053547495718,0.5263578274760383,0.9340639824839193
0.1349657695512008,0.5263578274760383,0.9334316229379899
0.1349657695512008,0.5271565495207667,0.9334139464843955
0.13570057283608195,0.5271565495207667,0.9295726874606192
0.13570057283608195,0.5279552715654952,0.9295285425517049
0.1358816863217921,0.5279552715654952,0.9284578434757533
0.1358816863217921,0.5287539936102237,0.928392440935289
0.13621286526709064,0.5287539936102237,0.9262367192985034
0.13621286526709064,0.5295527156549521,0.9261299887093919
0.13658544158055153,0.5295527156549521,0.9241428344008613
0.13658544158055153,0.5303514376996805,0.9239963979818264
0.1366423629617747,0.5303514376996805,0.9236961028415819
0.1366423629617747,0.5311501597444089,0.9236123168167489
0.13668376032993704,0.5311501597444089,0.9232214985477623
0.13668376032993704,0.5319488817891374,0.9232121066711789
0.13669928434299788,0.5319488817891374,0.9231646590690318
0.13669928434299788,0.5327476038338658,0.9230429637942699
0.13758932775848776,0.5327476038338658,0.9177873537377867
0.13758932775848776,0.5335463258785943,0.9176390685105874
0.13774456788909645,0.5335463258785943,0.9164434293176168
0.13774456788909645,0.5343450479233227,0.9164237835393279
0.13786875999358342,0.5343450479233227,0.9157602035290432
0.13786875999358342,0.5351437699680511,0.9157580301447034
0.13818958959684138,0.5351437699680511,0.9140181071589547
0.13818958959684138,0.5359424920127795,0.9139556037467138
0.13852594321316022,0.5359424920127795,0.9119282586521233
0.13852594321316022,0.536741214057508,0.9119114987508785
0.138593213936424,0.536741214057508,0.9116512210244625
0.138593213936424,0.5375399361022364,0.9116198203579662
0.1387381047249921,0.5375399361022364,0.9106571493375855
0.1387381047249921,0.5383386581469649,0.9106094536063619
0.13893474222376312,0.5383386581469649,0.909316400763103
0.13893474222376312,0.5391373801916933,0.9092980347680386
0.1394159866286501,0.5391373801916933,0.9063618620801449
0.1394159866286501,0.5399361022364217,0.9063506483175281
0.13943151064171094,0.5399361022364217,0.9061792462931747
0.13943151064171094,0.5407348242811502,0.906151667348195
0.13976786425802978,0.5407348242811502,0.9032862841707281
0.13976786425802978,0.5415335463258786,0.9032522456686793
0.13979891228415153,0.5415335463258786,0.9030412081487726
0.13979891228415153,0.542332268370607,0.9030189803925627
0.14185325667920662,0.542332268370607,0.8877502964531369
0.14185325667920662,0.5431309904153354,0.8876969498788987
0.14219995963756604,0.5431309904153354,0.8844940826716641
0.14219995963756604,0.5439297124600639,0.8844697761623147
0.14244316917551966,0.5439297124600639,0.8827027384241269
0.14244316917551966,0.5447284345047924,0.8826567678297932
0.1424793918726617,0.5447284345047924,0.8824316013133316
0.1424793918726617,0.5455271565495208,0.8824028046076513
0.14366439153630808,0.5455271565495208,0.8718924915527778
0.14366439153630808,0.5463258785942492,0.8718731124748029
0.1439024264032414,0.5463258785942492,0.8696708144978318
0.1439024264032414,0.5471246006389776,0.8696624780678438
0.14400074515262692,0.5471246006389776,0.868731220800758
0.14400074515262692,0.547923322683706,0.8687231094670073
0.14414563594119503,0.547923322683706,0.8672749479224675
0.14414563594119503,0.5487220447284346,0.8672375914708412
0.14433709876894577,0.5487220447284346,0.8655213751334263
0.14433709876894577,0.549520766773163,0.8655129955155002
0.1443733214660878,0.549520766773163,0.86520023342546
0.1443733214660878,0.5503194888178914,0.865129357234261
0.14477177113465012,0.5503194888178914,0.8613534155732294
0.14477177113465012,0.5511182108626198,0.8613007635302655
0.14485974054199505,0.5511182108626198,0.8604462482981897
0.14485974054199505,0.5519169329073482,0.8603390934779538
0.14505637804076607,0.5519169329073482,0.8582362953149912
0.14505637804076607,0.5527156549520766,0.8582213765426278
0.14524266619749648,0.5527156549520766,0.8564156141473492
0.14524266619749648,0.5535143769968051,0.8563567919037065
0.1455945438268762,0.5535143769968051,0.8534747104216402
0.1455945438268762,0.5543130990415336,0.8533468892478356
0.14654668329460954,0.5543130990415336,0.8437347879630764
0.14654668329460954,0.555111821086262,0.843656712828088
0.14665017671501535,0.555111821086262,0.8422473758202346
0.14665017671501535,0.5559105431309904,0.8422336944346066
0.14688303691092838,0.5559105431309904,0.8400642464248116
0.14688303691092838,0.5567092651757188,0.8399978879352454
0.1473332332896936,0.5567092651757188,0.8350113567772872
0.1473332332896936,0.5575079872204473,0.8349759983601546
0.14858032900558346,0.5575079872204473,0.8206054000103243
0.14858032900558346,0.5583067092651757,0.820557589357466
0.14885976124067912,0.5583067092651757,0.8175708509464578
0.14885976124067912,0.5591054313099042,0.8175209030746826
0.14900465202924723,0.5591054313099042,0.8154312881722765
0.14900465202924723,0.5599041533546326,0.8154116287885768
0.14904087472638927,0.5599041533546326,0.8152095487730049
0.14904087472638927,0.560702875399361,0.8151378551729538
0.14918576551495738,0.560702875399361,0.8135847537515769
0.14918576551495738,0.5615015974440895,0.8135456048143039
0.14919611485699796,0.5615015974440895,0.8135324803715053
0.14919611485699796,0.5623003194888179,0.8135291588258468
0.14937205367168782,0.5623003194888179,0.8112171835769888
0.14937205367168782,0.5630990415335463,0.8111420006945926
0.1493824030137284,0.5630990415335463,0.8109610716667451
0.1493824030137284,0.5638977635782748,0.8108805854655192
0.14951694446025593,0.5638977635782748,0.8090367066020872
0.14951694446025593,0.5646964856230032,0.8088365518713382
0.15046390925696898,0.5646964856230032,0.7978041422772973
0.15046390925696898,0.5654952076677316,0.7976610262134309
0.15069676945288205,0.5654952076677316,0.7942642783841503
0.15069676945288205,0.5662939297124601,0.794187722146637
0.15073299215002406,0.5662939297124601,0.7937907179689695
0.15073299215002406,0.5670926517571885,0.79375008956388
0.15078473886022697,0.5670926517571885,0.7931119950802573
0.15078473886022697,0.5678913738019169,0.7930437401324456
0.15139017536960087,0.5678913738019169,0.7848236310024774
0.15139017536960087,0.5686900958466453,0.784765302829347
0.15232161615325307,0.5686900958466453,0.7734267354903739
0.15232161615325307,0.5694888178913738,0.7733199116211203
0.1525958737173284,0.5694888178913738,0.7693378015595811
0.1525958737173284,0.5702875399361023,0.7692322217740544
0.15273041516385596,0.5702875399361023,0.767167846991468
0.15273041516385596,0.5710862619808307,0.766948861930624
0.1531081661483371,0.5710862619808307,0.7628557570231104
0.1531081661483371,0.5718849840255591,0.7627795505226009
0.15369807864465015,0.5718849840255591,0.754592452442862
0.15369807864465015,0.5726837060702875,0.7545372857631636
0.1539412881826038,0.5726837060702875,0.7501480544860873
0.1539412881826038,0.5734824281150159,0.7501169764903036
0.1549037769923777,0.5734824281150159,0.7366393430061198
0.1549037769923777,0.5742811501597445,0.7366366056505651
0.1554160694233864,0.5742811501597445,0.7308831647800549
0.1554160694233864,0.5750798722044729,0.7307381131134225
0.15543159343644727,0.5750798722044729,0.7304203198762468
0.15543159343644727,0.5758785942492013,0.7304160903779386
0.15579382040786757,0.5758785942492013,0.7251529586541435
0.15579382040786757,0.5766773162939297,0.7250574864423945
0.1559956325776589,0.5766773162939297,0.7222693748109805
0.1559956325776589,0.5774760383386581,0.72224693631285
0.15604220461684148,0.5774760383386581,0.7210495384688971
0.15604220461684148,0.5782747603833865,0.7207607353652491
0.15658554507397193,0.5782747603833865,0.7118501969918591
0.15658554507397193,0.579073482428115,0.7118494278848189
0.1566476411262154,0.579073482428115,0.7108491574567365
0.1566476411262154,0.5798722044728435,0.7107185286795422
0.15666833981029657,0.5798722044728435,0.7104598462345245
0.15666833981029657,0.5806709265175719,0.7104238936169291
0.156694213165398,0.5806709265175719,0.709714041394246
0.156694213165398,0.5814696485623003,0.7096574118290879
0.15689085066416902,0.5814696485623003,0.7068621696536757
0.15689085066416902,0.5822683706070287,0.7063530287220828
0.1569529467164125,0.5822683706070287,0.7056368701577623
0.1569529467164125,0.5830670926517572,0.7056289353947662
0.15702539211069655,0.5830670926517572,0.7043520190901043
0.15702539211069655,0.5838658146964856,0.7043010463954973
0.1583915052600531,0.5838658146964856,0.6827801695293259
0.1583915052600531,0.5846645367412141,0.6826710137597609
0.15940574078002992,0.5846645367412141,0.6658400063091605
0.15940574078002992,0.5854632587859425,0.6658072765410397
0.1602802601824589,0.5854632587859425,0.65228213385445
0.1602802601824589,0.5862619808306709,0.6521632189403939
0.1604355003130676,0.5862619808306709,0.6496016249313487
0.1604355003130676,0.5870607028753994,0.6495164051173713
0.1604872470232705,0.5870607028753994,0.6487299805585319
0.1604872470232705,0.5878594249201278,0.6487135269491479
0.1610047141252995,0.5878594249201278,0.6394574384702186
0.1610047141252995,0.5886581469648562,0.639420682718716
0.16235012859057485,0.5886581469648562,0.6158082088797333
0.16235012859057485,0.5894568690095847,0.6156718247820953
0.16254159141832558,0.5894568690095847,0.6118094017391547
0.16254159141832558,0.5902555910543131,0.6117726110744117
0.16287794503464442,0.5902555910543131,0.6056943737966773
0.16287794503464442,0.5910543130990416,0.6056183799761812
0.16310045588851688,0.5910543130990416,0.6013230056449087
0.16310045588851688,0.59185303514377,0.6011235151395871
0.1631884252958618,0.59185303514377,0.5995542920494854
0.1631884252958618,0.5926517571884984,0.5995228453856754
0.16333849075545023,0.5926517571884984,0.5973675379002521
0.16333849075545023,0.5934504792332268,0.5972205278539298
0.1637110670689111,0.5934504792332268,0.5906095862620213
0.1637110670689111,0.5942492012779552,0.5905708135888612
0.16541353383458646,0.5942492012779552,0.5592742947767757
0.16541353383458646,0.5950479233226837,0.5591558475842721
0.166065542383143,0.5950479233226837,0.5480662003151588
0.166065542383143,0.5958466453674122,0.5480133160357582
0.16664510553741546,0.5958466453674122,0.5348428320065272
0.16664510553741546,0.5966453674121406,0.5348383124667764
0.16731263809903285,0.5966453674121406,0.5233318693493345
0.16731263809903285,0.597444089456869,0.5233250461973219
0.16732816211209373,0.597444089456869,0.5231806440092308
0.16732816211209373,0.5982428115015974,0.5231664693740347
0.16737473415127632,0.5982428115015974,0.5223150138279989
0.16737473415127632,0.5990415335463258,0.5219763019994575
0.1673850834933169,0.5990415335463258,0.5218524837902638
0.1673850834933169,0.5998402555910544,0.5217523980521552
0.16742130619045895,0.5998402555910544,0.5212347089859396
0.16742130619045895,0.6006389776357828,0.5212260848970863
0.1679542973055488,0.6006389776357828,0.5121387063582771
0.1679542973055488,0.6014376996805112,0.5120215415856361
0.16853386045982127,0.6014376996805112,0.5009803676328464
0.16853386045982127,0.6022364217252396,0.5009768334805875
0.16864770322226763,0.6022364217252396,0.49846583619271945
0.16864770322226763,0.603035143769968,0.4982878889888267
0.1690358035487894,0.603035143769968,0.4921174653425649
0.1690358035487894,0.6038338658146964,0.4920519209731522
0.16955327065081838,0.6038338658146964,0.48274661582288014
0.16955327065081838,0.604632587859425,0.4827219531699748
0.1705675061707952,0.604632587859425,0.4647660183355447
0.1705675061707952,0.6054313099041534,0.4647510888455417
0.17059337952589665,0.6054313099041534,0.4645004817869877
0.17059337952589665,0.6062300319488818,0.4642472516078367
0.17087798643201257,0.6062300319488818,0.45823007079552436
0.17087798643201257,0.6070287539936102,0.45816943944237865
0.1714420255732242,0.6070287539936102,0.44969582396700364
0.1714420255732242,0.6078274760383386,0.44962064537842406
0.1717369818213807,0.6078274760383386,0.44366197622166464
0.1717369818213807,0.6086261980830671,0.4436358678154558
0.1735791647046039,0.6086261980830671,0.4106265862589103
0.1735791647046039,0.6094249201277955,0.4105280768550159
0.17375510351929377,0.6094249201277955,0.4071351352537719
0.17375510351929377,0.610223642172524,0.40710302459610576
0.1738896449658213,0.610223642172524,0.4047590824146887
0.1738896449658213,0.6110223642172524,0.4046642101614306
0.17398278904418651,0.6110223642172524,0.40286807259965124
0.17398278904418651,0.6118210862619808,0.40281378739034884
0.17462444825070247,0.6118210862619808,0.3917656282030101
0.17462444825070247,0.6126198083067093,0.39175466928829755
0.1747072429870271,0.6126198083067093,0.39045024844145604
0.1747072429870271,0.6134185303514377,0.390415875951619
0.17492975384089957,0.6134185303514377,0.38722173180375985
0.17492975384089957,0.6142172523961661,0.38717393363429625
0.17513674068171117,0.6142172523961661,0.38404481492608866
0.17513674068171117,0.6150159744408946,0.3838814991139324
0.17587671863761262,0.6150159744408946,0.37164332844241343
0.17587671863761262,0.615814696485623,0.37161671461230494
0.1759336400188358,0.615814696485623,0.37013381321654676
0.1759336400188358,0.6166134185303515,0.3701160498702526
0.17648215514698654,0.6166134185303515,0.36178420295772346
0.17648215514698654,0.6174121405750799,0.3617527419536413
0.17666326863269669,0.6174121405750799,0.3590893700548127
0.17666326863269669,0.6182108626198083,0.35907673349585995
0.17667879264575756,0.6182108626198083,0.3588266766176923
0.17667879264575756,0.6190095846645367,0.358579291177663
0.17668396731677782,0.6190095846645367,0.35851743230525734
0.17668396731677782,0.6198083067092651,0.35850882581760934
0.17719108507676626,0.6198083067092651,0.35052132077240544
0.17719108507676626,0.6206070287539937,0.3504536513377343
0.17737737323349667,0.6206070287539937,0.34724199557366386
0.17737737323349667,0.6214057507987221,0.34719322165109284
0.17825189263592567,0.6214057507987221,0.3353260786438028
0.17825189263592567,0.6222044728434505,0.3352202771780851
0.179364446905288,0.6222044728434505,0.32005019439464666
0.179364446905288,0.6230031948881789,0.3200068192602113
0.17959213243018074,0.6230031948881789,0.31730002250488376
0.17959213243018074,0.6238019169329073,0.31729388194334757
0.1800268047958851,0.6238019169329073,0.31060293962526203
0.1800268047958851,0.6246006389776357,0.3105980424170084
0.18041490512240685,0.6246006389776357,0.305599313935676
0.18041490512240685,0.6253993610223643,0.30548780390604596
0.18044595314852857,0.6253993610223643,0.304948186023997
0.18044595314852857,0.6261980830670927,0.30494645608989623
0.18070468669954307,0.6261980830670927,0.3017027268212539
0.18070468669954307,0.6269968051118211,0.30161638434463006
0.18071503604158365,0.6269968051118211,0.3015440360417202
0.18071503604158365,0.6277955271565495,0.3014419239269189
0.1811445337362677,0.6277955271565495,0.2947092215856926
0.1811445337362677,0.6285942492012779,0.2946324042782063
0.18147571268156626,0.6285942492012779,0.2893108363754615
0.18147571268156626,0.6293929712460063,0.28929464361953083
0.18164647682523583,0.6293929712460063,0.2855673313257337
0.18164647682523583,0.6301916932907349,0.28556268409506846
0.18188451169216918,0.6301916932907349,0.2825774396345077
0.18188451169216918,0.6309904153354633,0.28257220109284553
0.1830539873427547,0.6309904153354633,0.26484050427940725
0.1830539873427547,0.6317891373801917,0.26481830449355576
0.18344208766927642,0.6317891373801917,0.2593168783233098
0.18344208766927642,0.6325878594249201,0.2592536432053102
0.18348348503743875,0.6325878594249201,0.25869335912336955
0.18348348503743875,0.6333865814696485,0.25866935215039594
0.18389228404804164,0.6333865814696485,0.2529818541426521
0.18389228404804164,0.634185303514377,0.2529556697184313
0.18403717483660975,0.634185303514377,0.2510366234924053
0.18403717483660975,0.6349840255591054,0.25101229943726655
0.18470988206924746,0.6349840255591054,0.24298139944297706
0.18470988206924746,0.6365814696485623,0.24273222511380316
0.1848340741737344,0.6365814696485623,0.24086252891292936
0.1848340741737344,0.6373801916932907,0.24082606890014538
0.1850462356855663,0.6373801916932907,0.23803882889359193
0.1850462356855663,0.6381789137380192,0.23802777177935874
0.18512903042189094,0.6381789137380192,0.23667538921926803
0.18512903042189094,0.6389776357827476,0.23667271158551245
0.18531531857862135,0.6389776357827476,0.23399165333591276
0.18531531857862135,0.639776357827476,0.23382081667465315
0.18592075508799527,0.639776357827476,0.2255378634832151
0.18592075508799527,0.6405750798722045,0.22553334022312224
0.1867694011353228,0.6405750798722045,0.21435060900563185
0.1867694011353228,0.6413738019169329,0.2142543296122529
0.18744728303898078,0.6413738019169329,0.20629094684765237
0.18744728303898078,0.6421725239616614,0.20617710885409107
0.18746798172306195,0.6421725239616614,0.20593023898317747
0.18746798172306195,0.6437699680511182,0.20590788222781137
0.18766979389285326,0.6437699680511182,0.20331922624523815
0.18766979389285326,0.6445686900958466,0.20329425101613813
0.18894276296384457,0.6445686900958466,0.18800908655118462
0.18894276296384457,0.645367412140575,0.18792735512626418
0.1890307323711895,0.645367412140575,0.18673700137457008
0.1890307323711895,0.6461661341853036,0.18673028803190345
0.18929981526424458,0.6461661341853036,0.18380884235789746
0.18929981526424458,0.646964856230032,0.18378316286530552
0.18993629979974022,0.646964856230032,0.17708235406322978
0.18993629979974022,0.6477635782747604,0.17700745271101168
0.19009153993034894,0.6477635782747604,0.1758361911788413
0.19009153993034894,0.6485623003194888,0.17581561564082723
0.19150939978990836,0.6485623003194888,0.16233579611981389
0.19150939978990836,0.6493610223642172,0.16211665805451964
0.19155597182909095,0.6493610223642172,0.16168344974440238
0.19155597182909095,0.6501597444089456,0.16163828139494135
0.19197512018173446,0.6501597444089456,0.15811048964768995
0.19197512018173446,0.6517571884984026,0.1580208056642563
0.19238909386335765,0.6517571884984026,0.15466784576127068
0.19238909386335765,0.652555910543131,0.15464006972625036
0.1924615392576417,0.652555910543131,0.15388961389242445
0.1924615392576417,0.6533546325878594,0.15377105945395853
0.1924977619547837,0.6533546325878594,0.15355155073847013
0.1924977619547837,0.6541533546325878,0.15350377790911937
0.19482636391391417,0.6541533546325878,0.13338944861567806
0.19482636391391417,0.6549520766773163,0.13328255709342507
0.19584577410491127,0.6549520766773163,0.12487469194214583
0.19584577410491127,0.6557507987220448,0.12486849768367975
0.1965598787057113,0.6557507987220448,0.11940660192043108
0.1965598787057113,0.6565495207667732,0.119385972266331
0.19668924548121852,0.6565495207667732,0.11841694566037751
0.19668924548121852,0.6573482428115016,0.1183466700846122
0.19671511883631998,0.6573482428115016,0.1182301818229594
0.19671511883631998,0.65814696485623,0.11822096267346006
0.1973153806746736,0.65814696485623,0.11394013414041827
0.1973153806746736,0.6589456869009584,0.11392009180829091
0.1982312974452649,0.6589456869009584,0.10820546139782837
0.1982312974452649,0.6597444089456869,0.10819447699620846
0.1989040046779026,0.6597444089456869,0.10354205930730111
0.1989040046779026,0.6605431309904153,0.10352043245763425
0.19933350237258665,0.6605431309904153,0.10136675767434077
0.19933350237258665,0.6613418530351438,0.10124747198521523
0.19959741059462144,0.6613418530351438,0.09928411683341676
0.19959741059462144,0.6621405750798722,0.09927864179130633
0.1999751615791026,0.6621405750798722,0.09596645380106358
0.1999751615791026,0.6629392971246006,0.09595094010904047
0.20017179907787364,0.6629392971246006,0.09487352707372773
0.20017179907787364,0.6637380191693291,0.09486653697390013
0.20019249776195477,0.6637380191693291,0.09482763282039273
0.20019249776195477,0.6645367412140575,0.09478100101031495
0.20055989940439536,0.6645367412140575,0.092540718702579
0.20055989940439536,0.6653354632587859,0.09252715442432333
0.20071513953500406,0.6653354632587859,0.09143037837232793
0.20071513953500406,0.6661341853035144,0.09141741110184042
0.20087037966561275,0.6661341853035144,0.09044145224802648
0.20087037966561275,0.6669329073482428,0.09040937219161752
0.2008962530207142,0.6669329073482428,0.09029416145252869
0.2008962530207142,0.6677316293929713,0.09028829790119304
0.20096352374397797,0.6677316293929713,0.0898250541100946
0.20096352374397797,0.6685303514376997,0.089818466452643
0.20138784676764174,0.6685303514376997,0.08750508940520185
0.20138784676764174,0.6693290734824281,0.08749663260013786
0.20266599050965334,0.6693290734824281,0.08092524201787835
0.20266599050965334,0.6701277955271565,0.08082802876966551
0.2026866891937345,0.6701277955271565,0.08064020789809954
0.2026866891937345,0.670926517571885,0.08057126865391329
0.20303339215209393,0.670926517571885,0.07904445902601726
0.20303339215209393,0.6717252396166135,0.0790086179710054
0.20325072833494612,0.6717252396166135,0.07767643379290551
0.20325072833494612,0.6725239616613419,0.07767520888832581
0.20442020398553162,0.6725239616613419,0.07235320692118694
0.20442020398553162,0.6733226837060703,0.07234545552404119
0.2047410335887896,0.6733226837060703,0.07117162826579418
0.2047410335887896,0.6741214057507987,0.07114964043458245
0.20516535661245336,0.6741214057507987,0.0696903178539276
0.20516535661245336,0.6749201277955271,0.06962212141828697
0.20547066220265048,0.6749201277955271,0.06865355496139768
0.20547066220265048,0.6757188498402555,0.06860154623227169
0.20552758358387366,0.6757188498402555,0.0684356253179916
0.20552758358387366,0.6765175718849841,0.06842026412381384
0.20589498522631425,0.6765175718849841,0.06690038133878733
0.20589498522631425,0.6773162939297125,0.06687720453997428
0.20682125133894613,0.6773162939297125,0.0636642753576321
0.20682125133894613,0.6781150159744409,0.06366127828376615
0.20768024672831426,0.6781150159744409,0.06053214809454256
0.20768024672831426,0.6789137380191693,0.06049742373763587
0.20824946054054613,0.6789137380191693,0.058207007732368754
0.20824946054054613,0.6797124600638977,0.058179802838872204
0.2084202246842157,0.6797124600638977,0.057542702452201305
0.2084202246842157,0.6805111821086262,0.05752209674580134
0.2091343292850157,0.6805111821086262,0.05530565537454323
0.2091343292850157,0.6813099041533547,0.0552898402783848
0.2092378227054215,0.6813099041533547,0.05500862632933597
0.2092378227054215,0.6821086261980831,0.05493327666260228
0.20952242961153744,0.6821086261980831,0.05398542201064297
0.20952242961153744,0.6829073482428115,0.05396734651807697
0.20966732040010555,0.6829073482428115,0.053529683994640906
0.20966732040010555,0.6837060702875399,0.053510163178902455
0.2105728878286563,0.6837060702875399,0.0509109017903699
0.2105728878286563,0.6845047923322684,0.050899567477248366
0.21157677400659253,0.6845047923322684,0.04776788177782774
0.21157677400659253,0.6853035143769968,0.047752141722739186
0.21201144637229688,0.6853035143769968,0.04651418081003432
0.21201144637229688,0.6861022364217252,0.0464665137312967
0.21295323649798964,0.6861022364217252,0.0438197004232999
0.21295323649798964,0.6869009584664537,0.04380308500984108
0.2130153325502331,0.6869009584664537,0.043685977641188665
0.2130153325502331,0.6876996805111821,0.04367759284468745
0.21458843254040125,0.6876996805111821,0.03930036870810103
0.21458843254040125,0.6884984025559105,0.039295374199149795
0.2149196114856998,0.6884984025559105,0.038596813712849704
0.2149196114856998,0.689297124600639,0.03859311662794725
0.21565441477058095,0.689297124600639,0.036790499857337816
0.21565441477058095,0.6900958466453674,0.036789705434572315
0.21698430522279546,0.6900958466453674,0.03374726773491418
0.21698430522279546,0.6908945686900958,0.03374675191976118
0.22015120388721288,0.6908945686900958,0.028153429356482667
0.22015120388721288,0.6916932907348243,0.028142979717935192
0.22052378020067373,0.6916932907348243,0.02751450476638081
0.22052378020067373,0.6924920127795527,0.027480959951136634
0.22137242624800127,0.6924920127795527,0.026094509849628016
0.22137242624800127,0.6932907348242812,0.02608974849682399
0.2218174479557462,0.6932907348242812,0.02548767443360849
0.2218174479557462,0.6940894568690096,0.025478754566382118
0.2230955916977578,0.6940894568690096,0.023503510187304722
0.2230955916977578,0.694888178913738,0.02348818510386656
0.22384074432467957,0.694888178913738,0.022454731084442972
0.22384074432467957,0.6956869009584664,0.022449747574072122
0.2240839538626332,0.6956869009584664,0.02209531310135848
0.2240839538626332,0.6964856230031949,0.022092626353736728
0.22690932423971147,0.6964856230031949,0.018710456609811504
0.22690932423971147,0.6972843450479234,0.018705870296919242
0.2270956123964419,0.6972843450479234,0.01854093501294539
0.2270956123964419,0.6980830670926518,0.018536136173179618
0.22713700976460421,0.6980830670926518,0.0184746041879984
0.22713700976460421,0.6988817891373802,0.01845607630207198
0.2280632758772361,0.6988817891373802,0.01736229412657004
0.2280632758772361,0.6996805111821086,0.01736214433384969
0.22938799165843032,0.6996805111821086,0.016105962319130314
0.22938799165843032,0.700479233226837,0.016104488073870826
0.22973986928781004,0.700479233226837,0.01574154078420246
0.22973986928781004,0.7012779552715654,0.015739858825094148
0.23002447619392596,0.7012779552715654,0.015476968892289234
0.23002447619392596,0.702076677316294,0.015469453075735683
0.23043844987554915,0.702076677316294,0.015118267689453103
0.23043844987554915,0.7028753993610224,0.015112758382598648
0.23125087322573468,0.7028753993610224,0.014363625867614806
0.23125087322573468,0.7036741214057508,0.014360211430059494
0.23129227059389698,0.7036741214057508,0.014323720629029113
0.23129227059389698,0.7044728434504792,0.01431926326751701
0.231452685395526,0.7044728434504792,0.014163770193884406
0.231452685395526,0.7052715654952076,0.014162989748672482
0.23156652815797235,0.7052715654952076,0.01405775096195992
0.23156652815797235,0.7060702875399361,0.01405526782835439
0.2319598031555144,0.7060702875399361,0.013780769051004484
0.2319598031555144,0.7068690095846646,0.013773637327772934
0.23252901696774628,0.7068690095846646,0.013259986555392515
0.23252901696774628,0.707667731629393,0.013256284238842097
0.2326273357171318,0.707667731629393,0.013193212574290486
0.2326273357171318,0.7084664536741214,0.013193077511250968
0.23337766301507382,0.7084664536741214,0.012567765333826544
0.23337766301507382,0.7092651757188498,0.012567368613594325
0.2334242350542564,0.7092651757188498,0.01251982519759794
0.2334242350542564,0.7100638977635783,0.012516292424905158
0.2337864620256767,0.7100638977635783,0.012211824152155775
0.2337864620256767,0.7108626198083067,0.012210856875309189
0.23562864490889993,0.7108626198083067,0.01086100850395909
0.23562864490889993,0.7116613418530351,0.010857114546863738
0.2364565922721463,0.7116613418530351,0.010387873519081546
0.2364565922721463,0.7124600638977636,0.010386807721124502
0.2367567231913231,0.7124600638977636,0.010172091894904093
0.2367567231913231,0.713258785942492,0.010160022920979644
0.23712929950478398,0.713258785942492,0.009933177143509664
0.23712929950478398,0.7140575079872205,0.009930823316322815
0.23782270542150283,0.7140575079872205,0.009563440603647255
0.23782270542150283,0.7148562300319489,0.009561627239963708
0.23806591495945645,0.7148562300319489,0.00945027259196599
0.23806591495945645,0.7156549520766773,0.009449651813633478
0.2389714823880072,0.7156549520766773,0.008994305535604688
0.2389714823880072,0.7164536741214057,0.008990145956742471
0.23918881857085936,0.7164536741214057,0.008902592168179258
0.23918881857085936,0.7172523961661342,0.008899128081602235
0.23972180968594922,0.7172523961661342,0.008632386465490426
0.23972180968594922,0.7180511182108626,0.00863132069112146
0.23978908040921298,0.7180511182108626,0.008595900895660142
0.23978908040921298,0.7188498402555911,0.00859421798938815
0.2412121149397927,0.7188498402555911,0.007907543006211475
0.2412121149397927,0.7196485623003195,0.007906865224607621
0.24140357776754343,0.7196485623003195,0.007802770385345007
0.24140357776754343,0.7204472843450479,0.007800294612333266
0.24200901427691734,0.7204472843450479,0.007558419661281133
0.24200901427691734,0.7212460063897763,0.007557269911277933
0.24286283499526518,0.7212460063897763,0.007168271490040532
0.24286283499526518,0.7220447284345048,0.007164884422338952
0.24327680867688836,0.7220447284345048,0.006992468843823444
0.24327680867688836,0.7228434504792333,0.006991649921027128
0.24356141558300431,0.7228434504792333,0.006845307844880975
0.24356141558300431,0.7244408945686901,0.006834466009571598
0.24609700438294635,0.7244408945686901,0.005781007006614477
0.24609700438294635,0.7252396166134185,0.005779339363028442
0.24615392576416956,0.7252396166134185,0.005770565369162793
0.24615392576416956,0.7260383386581469,0.005767877044780268
0.24626259385559562,0.7260383386581469,0.00572363199337552
0.24626259385559562,0.7268370607028753,0.005721375991156765
0.2469922224694565,0.7268370607028753,0.005501561645828492
0.2469922224694565,0.7276357827476039,0.005501052960353535
0.24794953660821012,0.7276357827476039,0.005177725710204174
0.24794953660821012,0.7284345047923323,0.0051751654247023365
0.24861189449880725,0.7284345047923323,0.004972692772908479
0.24861189449880725,0.7292332268370607,0.004972161237104996
0.2490879642326739,0.7292332268370607,0.0048345191370785445
0.2490879642326739,0.7300319488817891,0.004834105709001172
0.2495536846245,0.7300319488817891,0.00468991269620364
0.2495536846245,0.7308306709265175,0.004688650798783866
0.2504437280399899,0.7308306709265175,0.004438823680717633
0.2504437280399899,0.731629392971246,0.004438349642669047
0.2511009112595667,0.731629392971246,0.004242606172410103
0.2511009112595667,0.7324281150159745,0.004240320955509632
0.25158215566445363,0.7324281150159745,0.004100506409151459
0.25158215566445363,0.7332268370607029,0.004099578137769478
0.2517011730979203,0.7332268370607029,0.004069424452431846
0.2517011730979203,0.7340255591054313,0.004064512017861137
0.25207374941138116,0.7340255591054313,0.0039620169517447425
0.25207374941138116,0.7348242811501597,0.003961672004251079
0.25208927342444204,0.7348242811501597,0.0039593467225858365
0.25208927342444204,0.7356230031948882,0.003958904460229046
0.252213465528929,0.7356230031948882,0.003930871546786425
0.252213465528929,0.7364217252396166,0.003929948201568724
0.2525498191452478,0.7364217252396166,0.003844533651056088
0.2525498191452478,0.737220447284345,0.0038443725483486403
0.2530621115762565,0.737220447284345,0.0037212355791962264
0.2530621115762565,0.7380191693290735,0.0037197393723375086
0.253802089532158,0.7380191693290735,0.0035716149417137945
0.253802089532158,0.7388178913738019,0.0035706601726403276
0.2539314563076652,0.7388178913738019,0.0035468460536544825
0.2539314563076652,0.7396166134185304,0.003545512750791047
0.2543247313052073,0.7396166134185304,0.0034757577569777993
0.2543247313052073,0.7404153354632588,0.0034756047429009267
0.2544747967647957,0.7404153354632588,0.003452774204546032
0.2544747967647957,0.7412140575079872,0.0034521425236470507
0.25485772242029714,0.7412140575079872,0.003358839282969136
0.25485772242029714,0.7420127795527156,0.0033567932616458836
0.25594957800557827,0.7420127795527156,0.003144307869057311
0.25594957800557827,0.7428115015974441,0.0031442722069465754
0.2561306914912884,0.7428115015974441,0.0031154248488157415
0.2561306914912884,0.7436102236421726,0.0031148625854223685
0.256498093133729,0.7436102236421726,0.0030471078575956684
0.256498093133729,0.744408945686901,0.0030465751175693155
0.25683444675004785,0.744408945686901,0.0029931009119748817
0.25683444675004785,0.7452076677316294,0.0029930570339037487
0.2574347085884015,0.7452076677316294,0.002884964412152471
0.2574347085884015,0.7460063897763578,0.002884898312283072
0.2578383329279841,0.7460063897763578,0.0028277922226868815
0.2578383329279841,0.7468051118210862,0.002825759552725412
0.2578745556251261,0.7468051118210862,0.002815678119768659
0.2578745556251261,0.7476038338658147,0.0028146971120054155
0.25799874772961306,0.7476038338658147,0.0027992961363647673
0.25799874772961306,0.7484025559105432,0.0027983159428088223
0.25954079969365945,0.7484025559105432,0.0025482556298133167
0.25954079969365945,0.7492012779552716,0.002546700488070211
0.2597322625214102,0.7492012779552716,0.0025106046018649516
0.2597322625214102,0.75,0.0025105157118293403
0.260156585545074,0.75,0.002450481160288092
0.260156585545074,0.7507987220447284,0.002449778430502689
0.2611604717230102,0.7507987220447284,0.00230346626062063
0.2611604717230102,0.7515974440894568,0.0023032403106965096
0.26151234935238993,0.7515974440894568,0.002247857310685251
0.26151234935238993,0.7523961661341853,0.0022471819878904747
0.2615226986944305,0.7523961661341853,0.002245350607668935
0.2615226986944305,0.7531948881789138,0.002244183229746059
0.2622471526372711,0.7531948881789138,0.0021593879523996652
0.2622471526372711,0.7539936102236422,0.002158879687660869
0.26252658487236674,0.7539936102236422,0.0021282186131953338
0.26252658487236674,0.7547923322683706,0.0021277879085795114
0.2629302092119494,0.7547923322683706,0.002069998086920632
0.2629302092119494,0.755591054313099,0.002069881177992483
0.26297678125113194,0.755591054313099,0.002065737436239403
0.26297678125113194,0.7563897763578274,0.0020645252747081757
0.2632665628282682,0.7563897763578274,0.0020259609989116602
0.2632665628282682,0.7571884984025559,0.0020254389876048773
0.2648034401212943,0.7571884984025559,0.001864983928419012
0.2648034401212943,0.7579872204472844,0.0018641208934061962
0.2658176756412711,0.7579872204472844,0.001767850993057984
0.2658176756412711,0.7587859424920128,0.0017673614258514683
0.26717861411960736,0.7587859424920128,0.0016417164610330022
0.26717861411960736,0.7595846645367412,0.0016416463383324485
0.2676650331955146,0.7595846645367412,0.0015936613576344686
0.2676650331955146,0.7603833865814696,0.0015935478569486063
0.26784614668122475,0.7603833865814696,0.0015744332253280176
0.26784614668122475,0.7611821086261981,0.0015741161042848372
0.2680220854959146,0.7611821086261981,0.0015517212099224592
0.2680220854959146,0.7619808306709265,0.0015516904069756711
0.26857577529508564,0.7619808306709265,0.001504159453720108
0.26857577529508564,0.762779552715655,0.0015039577087448154
0.2686119979922276,0.762779552715655,0.0015006314481361845
0.2686119979922276,0.7635782747603834,0.001500233446464553
0.26946064403955516,0.7635782747603834,0.0014241882843419175
0.26946064403955516,0.7643769968051118,0.0014241732763800915
0.27005055653586824,0.7643769968051118,0.0013856391407431035
0.27005055653586824,0.7651757188498403,0.001385395181840111
0.2716081325129755,0.7651757188498403,0.001267641301986108
0.2716081325129755,0.7659744408945687,0.0012672938939035773
0.2721928703382682,0.7659744408945687,0.0012237085203150773
0.2721928703382682,0.7667731629392971,0.0012237026552688495
0.2727206867823378,0.7667731629392971,0.001186837497541823
0.2727206867823378,0.7675718849840255,0.0011864141866339785
0.2727258614533581,0.7675718849840255,0.0011863948378067863
0.2727258614533581,0.768370607028754,0.001184538987738384
0.2729794203333523,0.768370607028754,0.001169852947840902
0.2729794203333523,0.7691693290734825,0.0011698102911626449
0.27356415815864504,0.7691693290734825,0.0011334205110980786
0.27356415815864504,0.7699680511182109,0.0011334043400528123
0.2742472147333233,0.7699680511182109,0.0010847430288534327
0.2742472147333233,0.7707667731629393,0.0010847063396079246
0.2742575640753639,0.7707667731629393,0.0010840560898240023
0.2742575640753639,0.7715654952076677,0.001083986902690362
0.27459391769168273,0.7715654952076677,0.001063999325380638
0.27459391769168273,0.7723642172523961,0.001063945322189706
0.2751217341357523,0.7723642172523961,0.0010287027454704146
0.2751217341357523,0.7731629392971247,0.0010285036232915656
0.2767103581389813,0.7731629392971247,0.0009420858229761469
0.2767103581389813,0.7739616613418531,0.0009420532660605862
0.27721230122794943,0.7739616613418531,0.0009165753845841591
0.27721230122794943,0.7747603833865815,0.0009163307519952353
0.27756935352834944,0.7747603833865815,0.0009021092686326988
0.27756935352834944,0.7755591054313099,0.0009019133533079202
0.2776004015544712,0.7755591054313099,0.0008990438502755401
0.2776004015544712,0.7763578274760383,0.0008989472412500446
0.27770389497487696,0.7763578274760383,0.0008926754458347567
0.27770389497487696,0.7771565495207667,0.0008923645689370433
0.2782524101030277,0.7771565495207667,0.0008623404770094231
0.2782524101030277,0.7779552715654952,0.0008622054851853715
0.27904413476913204,0.7779552715654952,0.0008263365760642309
0.27904413476913204,0.7787539936102237,0.0008263351771398336
0.2803533265372654,0.7787539936102237,0.0007703626688206278
0.2803533265372654,0.7795527156549521,0.0007703524814498861
0.28135203804418135,0.7795527156549521,0.0007292300392407708
0.28135203804418135,0.7803514376996805,0.000728956757433781
0.2813675620572422,0.7803514376996805,0.0007285603475092786
0.2813675620572422,0.7811501597444089,0.0007280322330783241
0.28166251830539873,0.7811501597444089,0.0007177253673479691
0.28166251830539873,0.7819488817891374,0.0007177080364753024
0.2819316011984538,0.7819488817891374,0.000708303807751363
0.2819316011984538,0.7827476038338658,0.0007080548548586037
0.28411531236901616,0.7827476038338658,0.0006262240804369113
0.28411531236901616,0.7835463258785943,0.000626095826574914
0.2841877577633002,0.7835463258785943,0.0006237973902943736
0.2841877577633002,0.7843450479233227,0.0006237060313569808
0.2848397663118567,0.7843450479233227,0.0006020088334761201
0.2848397663118567,0.7851437699680511,0.0006018542598606354
0.2855693949257176,0.7851437699680511,0.0005766752482166858
0.2855693949257176,0.7859424920127795,0.0005765573090909894
0.28560044295183934,0.7859424920127795,0.0005752009552287172
0.28560044295183934,0.786741214057508,0.000575130084203214
0.28588504985795526,0.786741214057508,0.0005664750224426633
0.28588504985795526,0.7875399361022364,0.0005663241632038684
0.2921360524504655,0.7875399361022364,0.00040159354198939786
0.2921360524504655,0.7883386581469649,0.0004015052620202384
0.2923326899492365,0.7883386581469649,0.000396961601801509
0.2923326899492365,0.7891373801916933,0.0003965363412004399
0.2938747419132829,0.7891373801916933,0.00036587290071451626
0.2938747419132829,0.7899361022364217,0.00036586615340601934
0.29420074618756115,0.7899361022364217,0.00035985573740800246
0.29420074618756115,0.7907348242811502,0.00035969904993942434
0.29486310407815824,0.7907348242811502,0.0003485311409517887
0.29486310407815824,0.7915335463258786,0.00034846653784428026
0.29588768894017564,0.7915335463258786,0.00032978877139583563
0.29588768894017564,0.792332268370607,0.00032974280584327856
0.29609985045200754,0.792332268370607,0.0003256023862534242
0.29609985045200754,0.7931309904153354,0.0003254881596259869
0.29706751393280173,0.7931309904153354,0.00030781983895148475
0.29706751393280173,0.7939297124600639,0.00030776122427136367
0.29762120373197276,0.7939297124600639,0.0002995368777291991
0.29762120373197276,0.7947284345047924,0.00029952470685712347
0.2979420333352307,0.7947284345047924,0.0002959645491646513
0.2979420333352307,0.7955271565495208,0.00029573844613059973
0.29808174945277854,0.7955271565495208,0.0002935981903926574
0.29808174945277854,0.7963258785942492,0.0002935975892789192
0.29955653069356114,0.7963258785942492,0.0002684740318422435
0.29955653069356114,0.7971246006389776,0.00026844697443848713
0.30171954318004235,0.7971246006389776,0.0002402012487796238
0.30171954318004235,0.797923322683706,0.00024009029292180401
0.3018954819947322,0.797923322683706,0.000237278266254955
0.3018954819947322,0.799520766773163,0.00023724212057888878
0.302195612913909,0.799520766773163,0.00023319345352559474
0.302195612913909,0.8003194888178914,0.0002329002233310861
0.3046794550036481,0.8003194888178914,0.00020374871191210925
0.3046794550036481,0.8011182108626198,0.00020361363482253488
0.3050106339489467,0.8011182108626198,0.00019960832634626193
0.3050106339489467,0.8019169329073482,0.00019956956598327354
0.30600934545586267,0.8019169329073482,0.00019002499610690926
0.30600934545586267,0.8027156549520766,0.0001899263194981488
0.3060300441399438,0.8027156549520766,0.00018972009224987754
0.3060300441399438,0.8035143769968051,0.0001896912069326446
0.30610248953422786,0.8035143769968051,0.00018878848777749378
0.30610248953422786,0.8043130990415336,0.00018878019530224363
0.3062784283489177,0.8043130990415336,0.0001868384862049076
0.3062784283489177,0.805111821086262,0.00018683176805076417
0.3073288865660366,0.805111821086262,0.00017788353409284842
0.3073288865660366,0.8059105431309904,0.00017779409732982364
0.30779460695786265,0.8059105431309904,0.00017366017028989266
0.30779460695786265,0.8067092651757188,0.00017363386483363534
0.3082344539945873,0.8067092651757188,0.00016978902155528498
0.3082344539945873,0.8075079872204473,0.0001696878541713033
0.30887611320110325,0.8075079872204473,0.00016489193422755704
0.30887611320110325,0.8083067092651757,0.00016487066304504903
0.3094349776712945,0.8083067092651757,0.0001606992917933329
0.3094349776712945,0.8091054313099042,0.00016062920985013008
0.3096057418149641,0.8091054313099042,0.00015891760373431562
0.3096057418149641,0.8099041533546326,0.00015890137087986445
0.31006111286474963,0.8099041533546326,0.00015538338732868793
0.31006111286474963,0.810702875399361,0.00015536584060399434
0.3101232089169931,0.810702875399361,0.00015475444015711012
0.3101232089169931,0.8115015974440895,0.00015462622626146572
0.3123741908108192,0.8115015974440895,0.00013595105525087575
0.3123741908108192,0.8123003194888179,0.00013592624385169784
0.31369373192099315,0.8123003194888179,0.00012693089874853103
0.31369373192099315,0.8130990415335463,0.00012689029977016147
0.316369036838483,0.8130990415335463,0.0001093983147365594
0.316369036838483,0.8138977635782748,0.00010939503091107966
0.31675713716500475,0.8138977635782748,0.00010746136190907384
0.31675713716500475,0.8146964856230032,0.00010741024725248196
0.316886503940512,0.8146964856230032,0.0001069111696747129
0.316886503940512,0.8154952076677316,0.00010690679703469033
0.31931859932004825,0.8154952076677316,9.396533602379866e-05
0.31931859932004825,0.8162939297124601,9.394986488026881e-05
0.31934964734616994,0.8162939297124601,9.384448115666703e-05
0.31934964734616994,0.8170926517571885,9.37397421176472e-05
0.3200844506310511,0.8170926517571885,9.020565130087294e-05
0.3200844506310511,0.8178913738019169,9.016494726047847e-05
0.3213263716759207,0.8178913738019169,8.527966426424368e-05
0.3213263716759207,0.8186900958466453,8.527254049022073e-05
0.32269765949629753,0.8186900958466453,7.921292751052265e-05
0.32269765949629753,0.8194888178913738,7.921219615612388e-05
0.32333414403179317,0.8194888178913738,7.627126024832123e-05
0.32333414403179317,0.8202875399361023,7.6242911207542e-05
0.3237325937003555,0.8202875399361023,7.455575070608347e-05
0.3237325937003555,0.8210862619808307,7.45331001477891e-05
0.32482962395665693,0.8210862619808307,7.049146112138425e-05
0.32482962395665693,0.8218849840255591,7.048576350724599e-05
0.3274583568349642,0.8218849840255591,6.200436756120429e-05
0.3274583568349642,0.8226837060702875,6.20008565248903e-05
0.3284932910390222,0.8226837060702875,5.864691621220195e-05
0.3284932910390222,0.8234824281150159,5.862815218517417e-05
0.332131084766286,0.8234824281150159,4.8108000469294194e-05
0.332131084766286,0.8242811501597445,4.809001337561955e-05
0.33216213279240775,0.8242811501597445,4.8016728256051386e-05
0.33216213279240775,0.8250798722044729,4.801328100985156e-05
0.33321776568054684,0.8250798722044729,4.558246220657594e-05
0.33321776568054684,0.8258785942492013,4.556810167364118e-05
0.33393187028134685,0.8258785942492013,4.3772799383507956e-05
0.33393187028134685,0.8266773162939297,4.375543721874313e-05
0.33487883507805993,0.8266773162939297,4.1827706201043164e-05
0.33487883507805993,0.8274760383386581,4.182535407629842e-05
0.33809230578165994,0.8274760383386581,3.556952242488321e-05
0.33809230578165994,0.8282747603833865,3.555954479803996e-05
0.338128528478802,0.8282747603833865,3.550524967399534e-05
0.338128528478802,0.829073482428115,3.550431655631914e-05
0.33976889919223385,0.829073482428115,3.3002007939727496e-05
0.33976889919223385,0.8298722044728435,3.298751428402738e-05
0.3402967156363034,0.8298722044728435,3.212357252690141e-05
0.3402967156363034,0.8306709265175719,3.2121100663451424e-05
0.3406227199105817,0.8306709265175719,3.153679825153741e-05
0.3406227199105817,0.8314696485623003,3.1536429895411774e-05
0.3410677416183266,0.8314696485623003,3.091162813232938e-05
0.3410677416183266,0.8322683706070287,3.0907541772396226e-05
0.34203023042810055,0.8322683706070287,2.9440139204712494e-05
0.34203023042810055,0.8330670926517572,2.942955933041883e-05
0.34263049226645415,0.8330670926517572,2.85173892432275e-05
0.34263049226645415,0.8338658146964856,2.8502647540307246e-05
0.3438982866664252,0.8338658146964856,2.6740215010702735e-05
0.3438982866664252,0.8346645367412141,2.6737835251593155e-05
0.34444680179457593,0.8346645367412141,2.6027040157258395e-05
0.34444680179457593,0.8354632587859425,2.6020968443672706e-05
0.3444675004786571,0.8354632587859425,2.5980555289946906e-05
0.3444675004786571,0.8362619808306709,2.5980301426697982e-05
0.3463976527692252,0.8362619808306709,2.329469919636293e-05
0.3463976527692252,0.8370607028753994,2.329294781738185e-05
0.34771719387939914,0.8370607028753994,2.1925907862970264e-05
0.34771719387939914,0.8378594249201278,2.1921662411739243e-05
0.3481208182189817,0.8378594249201278,2.1489463449577916e-05
0.3481208182189817,0.8386581469648562,2.1488065530583843e-05
0.34896428959528897,0.8386581469648562,2.0677086929635272e-05
0.34896428959528897,0.8394568690095847,2.0673014434727915e-05
0.34913505373895853,0.8394568690095847,2.0503223923776385e-05
0.34913505373895853,0.8402555910543131,2.0498969373587744e-05
0.3499785251152658,0.8402555910543131,1.957658069567053e-05
0.3499785251152658,0.8410543130990416,1.9576554414122122e-05
0.3501182412328136,0.8410543130990416,1.948205453332254e-05
0.3501182412328136,0.84185303514377,1.9481144022193614e-05
0.3540147685110919,0.84185303514377,1.6113190738076246e-05
0.3540147685110919,0.8426517571884984,1.6110522124755642e-05
0.35415448462863974,0.8426517571884984,1.600806891021748e-05
0.35415448462863974,0.8434504792332268,1.5995770833398747e-05
0.3555930431722803,0.8434504792332268,1.485106965718016e-05
0.3555930431722803,0.8442492012779552,1.4850089020908034e-05
0.35750767144978757,0.8442492012779552,1.3455111170136831e-05
0.35750767144978757,0.8450479233226837,1.3451694920129647e-05
0.3582269507216079,0.8450479233226837,1.2951505697464295e-05
0.3582269507216079,0.8458466453674122,1.2932639892132514e-05
0.36123860925541657,0.8458466453674122,1.108269432285801e-05
0.36123860925541657,0.8466453674121406,1.1082524414490321e-05
0.3620044605664195,0.8466453674121406,1.064236563772082e-05
0.3620044605664195,0.847444089456869,1.0639708389242648e-05
0.36223214609131227,0.847444089456869,1.0505766418118948e-05
0.36223214609131227,0.8482428115015974,1.0505625439801776e-05
0.36239773556396154,0.8482428115015974,1.0430822035449635e-05
0.36239773556396154,0.8490415335463258,1.0425629707201806e-05
0.366226992118976,0.8490415335463258,8.59030414842622e-06
0.366226992118976,0.8498402555910544,8.583227503208718e-06
0.3666927125108021,0.8498402555910544,8.380873906083714e-06
0.3666927125108021,0.8506389776357828,8.378863557209851e-06
0.36817784309362533,0.8506389776357828,7.799616666187443e-06
0.36817784309362533,0.8514376996805112,7.797085009892051e-06
0.36873153289279637,0.8514376996805112,7.556981675621152e-06
0.36873153289279637,0.8522364217252396,7.556625488539687e-06
0.36924899999482536,0.8522364217252396,7.357315804714348e-06
0.36924899999482536,0.853035143769968,7.3568223270656025e-06
0.36928522269196734,0.853035143769968,7.341623602752746e-06
0.36928522269196734,0.8538338658146964,7.34071586341317e-06
0.3695698295980833,0.8538338658146964,7.221187516399446e-06
0.3695698295980833,0.854632587859425,7.219745250818186e-06
0.37057889044703984,0.854632587859425,6.88671432077429e-06
0.37057889044703984,0.8554313099041534,6.8861282878767645e-06
0.37124642300865723,0.8554313099041534,6.665930056347845e-06
0.37124642300865723,0.8562300319488818,6.665778551034675e-06
0.3732541953645297,0.8562300319488818,6.034779311031923e-06
0.3732541953645297,0.8570287539936102,6.033648010613523e-06
0.3737664877955384,0.8570287539936102,5.884603798126752e-06
0.3737664877955384,0.8578274760383386,5.884475493984126e-06
0.3761623604779326,0.8578274760383386,5.190078081221243e-06
0.3761623604779326,0.8586261980830671,5.1889589889204e-06
0.376239980543237,0.8586261980830671,5.16146362940582e-06
0.376239980543237,0.8594249201277955,5.157863450917027e-06
0.378061464742379,0.8594249201277955,4.701652615295546e-06
0.378061464742379,0.860223642172524,4.696193802328863e-06
0.3822012015586109,0.860223642172524,3.8286677435977646e-06
0.3822012015586109,0.8610223642172524,3.828103785105825e-06
0.38263587392431525,0.8610223642172524,3.745445257286536e-06
0.38263587392431525,0.8618210862619808,3.7447088332123093e-06
0.38402268575775295,0.8618210862619808,3.4844874390411816e-06
0.38402268575775295,0.8626198083067093,3.4817116628588548e-06
0.3841210045071385,0.8626198083067093,3.4648693689959552e-06
0.3841210045071385,0.8634185303514377,3.463469100125131e-06
0.38576137522057036,0.8634185303514377,3.195915546270529e-06
0.38576137522057036,0.8642172523961661,3.1956996076919473e-06
0.3873706979078805,0.8642172523961661,2.952960252079957e-06
0.3873706979078805,0.8650159744408946,2.9521154557345113e-06
0.38920253144906314,0.8650159744408946,2.70373283645128e-06
0.38920253144906314,0.865814696485623,2.7025957078170424e-06
0.3904910245331153,0.865814696485623,2.5392975442562384e-06
0.3904910245331153,0.8666134185303515,2.5386693756585435e-06
0.3925298449151095,0.8666134185303515,2.303133733523792e-06
0.3925298449151095,0.8674121405750799,2.303131453883127e-06
0.39364757385549215,0.8674121405750799,2.1810475063699604e-06
0.39364757385549215,0.8682108626198083,2.180457261656031e-06
0.39823750705048927,0.8682108626198083,1.7514155703467037e-06
0.39823750705048927,0.8690095846645367,1.7510964415992059e-06
0.39900335836149214,0.8690095846645367,1.6991401871243637e-06
0.39900335836149214,0.8698083067092651,1.6989588365158078e-06
0.40002794322350954,0.8698083067092651,1.6135559172392868e-06
0.40002794322350954,0.8706070287539937,1.6134964492807504e-06
0.40028667677452406,0.8706070287539937,1.593288920604888e-06
0.40028667677452406,0.8714057507987221,1.592969892422117e-06
0.4015958685426574,0.8714057507987221,1.4914005791663178e-06
0.4015958685426574,0.8722044728434505,1.4909704776992587e-06
0.4045092083270806,0.8722044728434505,1.300866114819764e-06
0.4045092083270806,0.8730031948881789,1.300538422698609e-06
0.40526471029604294,0.8730031948881789,1.2566387185612e-06
0.40526471029604294,0.8738019169329073,1.2564015868066231e-06
0.40716381456048933,0.8738019169329073,1.139445071605817e-06
0.40716381456048933,0.8746006389776357,1.1390003975586073e-06
0.407639884294356,0.8746006389776357,1.1127739756401152e-06
0.407639884294356,0.8753993610223643,1.112517241250237e-06
0.409068093495956,0.8753993610223643,1.0320580702464815e-06
0.409068093495956,0.8761980830670927,1.0319131317557161e-06
0.40949241651961976,0.8761980830670927,1.0095191548351491e-06
0.40949241651961976,0.8769968051118211,1.0094019094866736e-06
0.4097718487547154,0.8769968051118211,9.92744766216596e-07
0.4097718487547154,0.8777955271565495,9.925263704156558e-07
0.411049992496727,0.8777955271565495,9.279919566374871e-07
0.411049992496727,0.8785942492012779,9.276427212481121e-07
0.4123798829489415,0.8785942492012779,8.693348108022788e-07
0.4123798829489415,0.8793929712460063,8.689326008160001e-07
0.41859983751533,0.8793929712460063,6.483381317712816e-07
0.41859983751533,0.8801916932907349,6.480144731489273e-07
0.4190396845520546,0.8801916932907349,6.358486079251366e-07
0.4190396845520546,0.8809904153354633,6.357630891825468e-07
0.42783145061552713,0.8809904153354633,4.1260345560631245e-07
0.42783145061552713,0.8817891373801917,4.124762559376597e-07
0.43032564204730683,0.8817891373801917,3.6670264376081566e-07
0.43032564204730683,0.8825878594249201,3.666022090384624e-07
0.43073444105790976,0.8825878594249201,3.596854068748861e-07
0.43073444105790976,0.8833865814696485,3.595608328142818e-07
0.4328405321631677,0.8833865814696485,3.2415625663120084e-07
0.4328405321631677,0.884185303514377,3.238769696598677e-07
0.433559811434988,0.884185303514377,3.123352280035109e-07
0.433559811434988,0.8849840255591054,3.1224415636328066e-07
0.4363282604308431,0.8849840255591054,2.739409686148712e-07
0.4363282604308431,0.8857827476038339,2.7393712995072915e-07
0.43658699398185763,0.8857827476038339,2.7067639305697845e-07
0.43658699398185763,0.8865814696485623,2.706418886164524e-07
0.43810834726182285,0.8865814696485623,2.496749040949638e-07
0.43810834726182285,0.8873801916932907,2.496400586869622e-07
0.44367629327965474,0.8873801916932907,1.9406181870243646e-07
0.44367629327965474,0.8881789137380192,1.9391214076640036e-07
0.4458496551081765,0.8881789137380192,1.763798369392243e-07
0.4458496551081765,0.8889776357827476,1.7637613984446227e-07
0.4483127985138345,0.8889776357827476,1.5615868099396446e-07
0.4483127985138345,0.889776357827476,1.561082485090488e-07
0.44936843140197363,0.889776357827476,1.4793548656517625e-07
0.44936843140197363,0.8905750798722045,1.479336560002073e-07
0.4496168156109475,0.8905750798722045,1.4599698005718194e-07
0.4496168156109475,0.8913738019169329,1.4597237334717218e-07
0.4512830596794809,0.8913738019169329,1.3416064992973492e-07
0.4512830596794809,0.8921725239616614,1.3414936709991122e-07
0.4524525353300664,0.8921725239616614,1.2559597557530364e-07
0.4524525353300664,0.8929712460063898,1.2558769097997158e-07
0.4553141284042867,0.8929712460063898,1.1059466822297336e-07
0.4553141284042867,0.8937699680511182,1.1059411562591928e-07
0.4557591501120316,0.8937699680511182,1.0819489254073586e-07
0.4557591501120316,0.8945686900958466,1.0818640600755813e-07
0.455872992874478,0.8945686900958466,1.0762300580246562e-07
0.455872992874478,0.895367412140575,1.074805302218215e-07
0.4581601974654461,0.895367412140575,9.660099638473711e-08
0.4581601974654461,0.8961661341853036,9.659458795378918e-08
0.4596194546931679,0.8961661341853036,9.006948373304665e-08
0.4596194546931679,0.896964856230032,9.006658777041083e-08
0.46018866850539975,0.896964856230032,8.785312471316373e-08
0.46018866850539975,0.8977635782747604,8.782824261131804e-08
0.4626828599371795,0.8977635782747604,7.874192034855105e-08
0.4626828599371795,0.8985623003194888,7.871758430072889e-08
0.46827150463909256,0.8985623003194888,6.037934981418601e-08
0.46827150463909256,0.8993610223642172,6.035322038261533e-08
0.46843709411174184,0.8993610223642172,6.001637257238746e-08
0.46843709411174184,0.9001597444089456,6.000917764627003e-08
0.46864925562357374,0.9001597444089456,5.946039446215152e-08
0.46864925562357374,0.9009584664536742,5.944720643153481e-08
0.4694979016709013,0.9009584664536742,5.697709497774672e-08
0.4694979016709013,0.9017571884984026,5.6974741660986924e-08
0.47059493192720275,0.9017571884984026,5.410096729661991e-08
0.47059493192720275,0.902555910543131,5.408066213251324e-08
0.4737980532887622,0.902555910543131,4.643135894197359e-08
0.4737980532887622,0.9033546325878594,4.640313168690529e-08
0.47581100031565493,0.9033546325878594,4.2136743221389064e-08
0.47581100031565493,0.9041533546325878,4.212916472474468e-08
0.47646300886421145,0.9041533546325878,4.100367302877135e-08
0.47646300886421145,0.9049520766773163,4.1002697410312334e-08
0.4765458036005361,0.9049520766773163,4.080746904382899e-08
0.4765458036005361,0.9057507987220448,4.080452241185832e-08
0.4800128331841303,0.9057507987220448,3.4486422119100605e-08
0.4800128331841303,0.9065495207667732,3.4477179207215254e-08
0.48004388121025204,0.9065495207667732,3.4433517728337556e-08
0.48004388121025204,0.9073482428115016,3.4431344524957155e-08
0.48470625979953325,0.9073482428115016,2.743003637717613e-08
0.48470625979953325,0.90814696485623,2.74127219228778e-08
0.4869779403774405,0.90814696485623,2.4750131903716493e-08
0.4869779403774405,0.9089456869009584,2.474009448159785e-08
0.48814224135700574,0.9089456869009584,2.3389355326658017e-08
0.48814224135700574,0.9097444089456869,2.337146455728734e-08
0.4906519568018463,0.9097444089456869,2.0705776219851668e-08
0.4906519568018463,0.9105431309904153,2.069892789623479e-08
0.49266490382873906,0.9105431309904153,1.8827703571653496e-08
0.49266490382873906,0.9113418530351438,1.8826133044357165e-08
0.4933531350744376,0.9113418530351438,1.826013646218569e-08
0.4933531350744376,0.9121405750798722,1.825562144414929e-08
0.4945950561193072,0.9121405750798722,1.7297381696846444e-08
0.4945950561193072,0.9129392971246006,1.7286526044686364e-08
0.49463127881644925,0.9129392971246006,1.7254013287285413e-08
0.49463127881644925,0.9137380191693291,1.7245257229180933e-08
0.49520566729970145,0.9137380191693291,1.682261353370777e-08
0.49520566729970145,0.9145367412140575,1.682258863250096e-08
0.49600256663682607,0.9145367412140575,1.6172310887401515e-08
0.49600256663682607,0.9153354632587859,1.6169228999127997e-08
0.4978240508359681,0.9153354632587859,1.4854951791583455e-08
0.4978240508359681,0.9161341853035144,1.4852472704950295e-08
0.4981707537943275,0.9161341853035144,1.4628463729502435e-08
0.4981707537943275,0.9169329073482428,1.4616394339104335e-08
0.4984398366873826,0.9169329073482428,1.4469132911188297e-08
0.4984398366873826,0.9177316293929713,1.4467589576876018e-08
0.5032522807362522,0.9177316293929713,1.1521537965262175e-08
0.5032522807362522,0.9185303514376997,1.1520053089783223e-08
0.5039715600080725,0.9185303514376997,1.1156514941376113e-08
0.5039715600080725,0.9193290734824281,1.1152044371394502e-08
0.5049392234888667,0.9193290734824281,1.0668003332516655e-08
0.5049392234888667,0.9201277955271565,1.0664770263169635e-08
0.5057464721680319,0.9201277955271565,1.0272528764844783e-08
0.5057464721680319,0.920926517571885,1.0272527287248478e-08
0.5058085682202754,0.920926517571885,1.0244595276951153e-08
0.5058085682202754,0.9217252396166135,1.0244315321624996e-08
0.5063156859802638,0.9217252396166135,9.969528785299764e-09
0.5063156859802638,0.9225239616613419,9.96878340386703e-09
0.5069935678839218,0.9225239616613419,9.661109514315618e-09
0.5069935678839218,0.9233226837060703,9.661106922667504e-09
0.5105744402299623,0.9233226837060703,8.060415450763772e-09
0.5105744402299623,0.9241214057507987,8.060141893575761e-09
0.5158940020388204,0.9241214057507987,6.254989897198924e-09
0.5158940020388204,0.9249201277955271,6.254595028046822e-09
0.5161527355898349,0.9249201277955271,6.16065357873244e-09
0.5161527355898349,0.9257188498402555,6.157258337028699e-09
0.5164632158510523,0.9257188498402555,6.07039247004777e-09
0.5164632158510523,0.9265175718849841,6.07017481007471e-09
0.5217672536468494,0.9265175718849841,4.788696992278727e-09
0.5217672536468494,0.9273162939297125,4.787879407899867e-09
0.5241320783031219,0.9273162939297125,4.275136384368482e-09
0.5241320783031219,0.9281150159744409,4.273748586191377e-09
0.5261605493430755,0.9281150159744409,3.8857702770557705e-09
0.5261605493430755,0.9289137380191693,3.884150301941125e-09
0.5279458108450755,0.9289137380191693,3.5873578748731126e-09
0.5279458108450755,0.9297124600638977,3.5868538226301113e-09
0.5283132124875161,0.9297124600638977,3.5247829535305876e-09
0.5283132124875161,0.9305111821086262,3.5235186180214654e-09
0.5294826881381016,0.9305111821086262,3.3293288661931e-09
0.5294826881381016,0.9313099041533547,3.3275980358539403e-09
0.5305900677364437,0.9313099041533547,3.1560400113744657e-09
0.5305900677364437,0.9321086261980831,3.1554403544053267e-09
0.5319768795698814,0.9321086261980831,2.9477942846096536e-09
0.5319768795698814,0.9329073482428115,2.9469929931090926e-09
0.5325874907502756,0.9329073482428115,2.867267987638174e-09
0.5325874907502756,0.9337060702875399,2.866137178278769e-09
0.537503428219551,0.9337060702875399,2.2737801341388523e-09
0.537503428219551,0.9345047923322684,2.2732911995553748e-09
0.5385487117656494,0.9345047923322684,2.1806993088189087e-09
0.5385487117656494,0.9353035143769968,2.1788731521466604e-09
0.5389782094603336,0.9353035143769968,2.126142636026792e-09
0.5389782094603336,0.9361022364217252,2.126051709831249e-09
0.5407841696464147,0.9361022364217252,1.967954601363809e-09
0.5407841696464147,0.9369009584664537,1.9676297870097986e-09
0.552587594243696,0.9369009584664537,1.135998614846183e-09
0.552587594243696,0.9376996805111821,1.1358829594526887e-09
0.5534879870012264,0.9376996805111821,1.086518971563637e-09
0.5534879870012264,0.9384984025559105,1.0859396312669943e-09
0.5547195587040554,0.9384984025559105,1.0259989237194922e-09
0.5547195587040554,0.939297124600639,1.0256238014299572e-09
0.5549834669260901,0.939297124600639,1.0113208340750312e-09
0.5549834669260901,0.9400958466453674,1.0111833146533342e-09
0.5557027461979105,0.9400958466453674,9.771351915395662e-10
0.5557027461979105,0.9408945686900958,9.768421824923364e-10
0.5578295359872496,0.9408945686900958,8.831545961321128e-10
0.5578295359872496,0.9416932907348243,8.830116408207423e-10
0.5592784438729308,0.9416932907348243,8.271373095954826e-10
0.5592784438729308,0.9424920127795527,8.269856959818969e-10
0.5649861060083106,0.9424920127795527,6.321184269749433e-10
0.5649861060083106,0.9432907348242812,6.320442905210278e-10
0.5691620655216845,0.9432907348242812,5.200839427432002e-10
0.5691620655216845,0.9440894568690096,5.198583782504265e-10
0.5697261046628961,0.9440894568690096,5.064192846717939e-10
0.5697261046628961,0.944888178913738,5.062624556251545e-10
0.574134924372183,0.944888178913738,4.059045701787064e-10
0.574134924372183,0.9456869009584664,4.0545796399768343e-10
0.5785592680945308,0.9456869009584664,3.260472054863816e-10
0.5785592680945308,0.9464856230031949,3.2603085605847706e-10
0.5799305559149077,0.9464856230031949,3.0693630190481584e-10
0.5799305559149077,0.9472843450479234,3.0688326296719387e-10
0.5811000315654932,0.9472843450479234,2.9068400661667366e-10
0.5811000315654932,0.9480830670926518,2.9063526282230134e-10
0.5818658828764961,0.9480830670926518,2.809136782615681e-10
0.5818658828764961,0.9488817891373802,2.808217961740194e-10
0.5868025190298527,0.9488817891373802,2.2273484885553915e-10
0.5868025190298527,0.9496805111821086,2.2244045740634656e-10
0.5902695486134469,0.9496805111821086,1.8947350360585692e-10
0.5902695486134469,0.950479233226837,1.8947095023119823e-10
0.5930949189905251,0.950479233226837,1.6596052264008228e-10
0.5930949189905251,0.9512779552715654,1.658207096727211e-10
0.595734001210873,0.9512779552715654,1.4603393286330316e-10
0.595734001210873,0.952076677316294,1.4596417396334535e-10
0.5975037386998122,0.952076677316294,1.3299238734656809e-10
0.5975037386998122,0.9528753993610224,1.3295725847376057e-10
0.5991906814524267,0.9528753993610224,1.228310326213026e-10
0.5991906814524267,0.9536741214057508,1.2279742162322045e-10
0.6059022297657426,0.9536741214057508,8.673814775833021e-11
0.6059022297657426,0.9544728434504792,8.667651762966655e-11
0.6067353518000093,0.9544728434504792,8.323343120676561e-11
0.6067353518000093,0.9552715654952076,8.322910335113689e-11
0.607371836335505,0.9552715654952076,8.050000582215609e-11
0.607371836335505,0.9560702875399361,8.049896529217147e-11
0.6090743031011804,0.9560702875399361,7.45240100430097e-11
0.6090743031011804,0.9568690095846646,7.449931733027891e-11
0.6092502419158702,0.9568690095846646,7.390804190722969e-11
0.6092502419158702,0.957667731629393,7.389722193052558e-11
0.613638362941076,0.957667731629393,5.970967867223377e-11
0.613638362941076,0.9584664536741214,5.969456944258351e-11
0.6247535562926587,0.9584664536741214,3.575302665426039e-11
0.6247535562926587,0.9592651757188498,3.574175585825869e-11
0.6258557612199804,0.9592651757188498,3.399669519280028e-11
0.6258557612199804,0.9600638977635783,3.397540391707065e-11
0.6353512825422124,0.9600638977635783,2.141813570623443e-11
0.6353512825422124,0.9608626198083067,2.140739793173724e-11
0.6432323065061138,0.9608626198083067,1.4684622707711492e-11
0.6432323065061138,0.9616613418530351,1.468375798417066e-11
0.6441999699869081,0.9616613418530351,1.4037948500586396e-11
0.6441999699869081,0.9624600638977636,1.4037138528866272e-11
0.6460887249093139,0.9624600638977636,1.2901107785953296e-11
0.6460887249093139,0.963258785942492,1.289568115370326e-11
0.6479205584504966,0.963258785942492,1.1691241973125157e-11
0.6479205584504966,0.9640575079872205,1.16875517872993e-11
0.6508235488928792,0.9640575079872205,9.984782679912464e-12
0.6508235488928792,0.9648562300319489,9.982621864105348e-12
0.6521534393450936,0.9648562300319489,9.392174047267316e-12
0.6521534393450936,0.9656549520766773,9.38635908054299e-12
0.6556463422837893,0.9656549520766773,7.876723828979304e-12
0.6556463422837893,0.9664536741214057,7.876364366190396e-12
0.6614057511293719,0.9664536741214057,5.854707337929773e-12
0.6614057511293719,0.9672523961661342,5.854475190202398e-12
0.6620939823750706,0.9672523961661342,5.655110295769173e-12
0.6620939823750706,0.9680511182108626,5.648296956152578e-12
0.6664510553741546,0.9680511182108626,4.534241975092576e-12
0.6664510553741546,0.9688498402555911,4.533929996599067e-12
0.6671341119488329,0.9688498402555911,4.404462598970706e-12
0.6671341119488329,0.9696485623003195,4.401392038686988e-12
0.670813303044259,0.9696485623003195,3.6514769100179355e-12
0.670813303044259,0.9704472843450479,3.651424750307306e-12
0.6741975378915286,0.9704472843450479,3.053378217103938e-12
0.6741975378915286,0.9712460063897763,3.053081117374546e-12
0.67529456814783,0.9712460063897763,2.872879775628614e-12
0.67529456814783,0.9720447284345048,2.8690201372603437e-12
0.679630942462833,0.9720447284345048,2.2844632131632817e-12
0.679630942462833,0.9728434504792333,2.2844605790033293e-12
0.6871342154422533,0.9728434504792333,1.5450672602278286e-12
0.6871342154422533,0.9736421725239617,1.5444976518993773e-12
0.6915792578486822,0.9736421725239617,1.2249519477152543e-12
0.6915792578486822,0.9744408945686901,1.2245618089873368e-12
0.7081278557715693,0.9744408945686901,5.00619847099077e-13
0.7081278557715693,0.9752396166134185,5.005192331154025e-13
0.7097423531298998,0.9752396166134185,4.618076508074453e-13
0.7097423531298998,0.9760383386581469,4.618066185074857e-13
0.730560054644526,0.9760383386581469,1.473705313271436e-13
0.730560054644526,0.9768370607028753,1.4725030916747082e-13
0.7308757095767636,0.9768370607028753,1.4485371870938733e-13
0.7308757095767636,0.9776357827476039,1.447906855606161e-13
0.7515278216187405,0.9776357827476039,4.4386964358144496e-14
0.7515278216187405,0.9784345047923323,4.437880543157856e-14
0.7521177341150537,0.9784345047923323,4.29019985113889e-14
0.7521177341150537,0.9792332268370607,4.290105972053128e-14
0.7521798301672971,0.9792332268370607,4.263561088707199e-14
0.7521798301672971,0.9800319488817891,4.262989333646016e-14
0.7526869479272855,0.9800319488817891,4.140943545641903e-14
0.7526869479272855,0.9808306709265175,4.1386733610378666e-14
0.7547723403484623,0.9808306709265175,3.658106588634972e-14
0.7547723403484623,0.981629392971246,3.6580641250860726e-14
0.7612148057687232,0.981629392971246,2.507451860095327e-14
0.7612148057687232,0.9824281150159745,2.506860548291611e-14
0.7634709623335696,0.9824281150159745,2.1933666900800246e-14
0.7634709623335696,0.9832268370607029,2.19335176974491e-14
0.7666947823792103,0.9832268370607029,1.815333070637116e-14
0.7666947823792103,0.9840255591054313,1.8144380131722444e-14
0.7830881401714886,0.9840255591054313,6.466279027453658e-15
0.7830881401714886,0.9848242811501597,6.464986157036706e-15
0.7923508012978074,0.9848242811501597,3.648772267220785e-15
0.7923508012978074,0.9856230031948882,3.648704732572503e-15
0.8125578916320395,0.9856230031948882,9.752053279828627e-16
0.8125578916320395,0.9864217252396166,9.749632425574801e-16
0.8242836961640164,0.9864217252396166,4.553968885509125e-16
0.8242836961640164,0.987220447284345,4.54935552648504e-16
0.8246821458325787,0.987220447284345,4.4052843643580757e-16
0.8246821458325787,0.9880191693290735,4.4044893430713837e-16
0.827150463909257,0.9880191693290735,3.714468723750474e-16
0.827150463909257,0.9888178913738019,3.7143282260738585e-16
0.8421414858550368,0.9888178913738019,1.2494110420916008e-16
0.8421414858550368,0.9896166134185304,1.2492488066315252e-16
0.8469125325357441,0.9896166134185304,8.852180606248074e-17
0.8469125325357441,0.9904153354632588,8.849872437519617e-17
0.8530910897339702,0.9904153354632588,5.61216124983762e-17
0.8530910897339702,0.9912140575079872,5.61077100754275e-17
0.866974732081408,0.9912140575079872,1.9479206122932254e-17
0.866974732081408,0.9920127795527156,1.947867452553002e-17
0.873525865593095,0.9920127795527156,1.1305629399093239e-17
0.873525865593095,0.9928115015974441,1.1304706255345938e-17
0.9023073858079472,0.9928115015974441,8.38387156363518e-19
0.9023073858079472,0.9936102236421726,8.381005647068059e-19
0.9109956584510139,0.9936102236421726,3.485717612818392e-19
0.9109956584510139,0.994408945686901,3.485256203922518e-19
0.9185662021536981,0.994408945686901,1.5256024223043758e-19
0.9185662021536981,0.9952076677316294,1.52551405570878e-19
0.9246360912604981,0.9952076677316294,7.55044710303939e-20
0.9246360912604981,0.9960063897763578,7.544903993572468e-20
0.9297641902416054,0.9960063897763578,4.0651351916263145e-20
0.9297641902416054,0.9968051118210862,4.0623728410471113e-20
0.9674823673084983,0.9968051118210862,1.1294437430527986e-22
0.9674823673084983,0.9976038338658147,1.1284755679091833e-22
0.9841655066779129,0.9976038338658147,1.2726774724027844e-24
0.9841655066779129,0.9984025559105432,1.2682301678314734e-24
0.9864061392296984,0.9984025559105432,5.511741947968455e-25
0.9864061392296984,0.9992012779552716,5.493202194670383e-25
0.9921914214303825,0.9992012779552716,2.979826923726697e-26
0.9921914214303825,1.0,2.974205877225739e-26
1.0,1.0,1.617883902871075e-35
