fpr,tpr,threshold
0.0,0.0,inf
5.174671020289885e-06,0.0,0.8981743829256795
6.727072326376851e-05,0.0,0.7085692693340292
6.727072326376851e-05,0.001597444089456869,0.7019731912101261
8.279473632463816e-05,0.001597444089456869,0.6926737525745971
8.279473632463816e-05,0.0023961661341853034,0.679738751567519
8.796940734492805e-05,0.0023961661341853034,0.6752393461856485
8.796940734492805e-05,0.00878594249201278,0.6513606515548657
9.314407836521793e-05,0.00878594249201278,0.6498562904482398
9.314407836521793e-05,0.012779552715654952,0.6342459219475713
9.831874938550782e-05,0.012779552715654952,0.633016669416772
9.831874938550782e-05,0.016773162939297124,0.6299518938469495
0.0001034934204057977,0.016773162939297124,0.6285159179923133
0.0001034934204057977,0.01757188498402556,0.6265242140431011
0.00010866809142608759,0.01757188498402556,0.6228513174931277
0.00010866809142608759,0.020766773162939296,0.6165228714235029
0.00011384276244637748,0.020766773162939296,0.6154545210038236
0.00011384276244637748,0.02156549520766773,0.6111643972417331
0.00011901743346666736,0.02156549520766773,0.6078561926039983
0.00011901743346666736,0.0231629392971246,0.6063446067237723
0.00012936677550724713,0.0231629392971246,0.6043976788825479
0.00012936677550724713,0.023961661341853034,0.6036173129360998
0.00013454144652753702,0.023961661341853034,0.6036023670577851
0.00013454144652753702,0.02476038338658147,0.6030902619546351
0.0001397161175478269,0.02476038338658147,0.6028767642434244
0.0001397161175478269,0.03514376996805112,0.5905317570763035
0.00015524013060869656,0.03514376996805112,0.5843487371476763
0.00015524013060869656,0.0439297124600639,0.5732633286364451
0.00016041480162898644,0.0439297124600639,0.5730418036371732
0.00016041480162898644,0.04472843450479233,0.5721958580088281
0.00016558947264927633,0.04472843450479233,0.5721817688811347
0.00016558947264927633,0.052715654952076675,0.5591945864549493
0.00017076414366956621,0.052715654952076675,0.5591438069246547
0.00017076414366956621,0.05351437699680511,0.5587545757857664
0.00018111348571014598,0.05351437699680511,0.5569943671230217
0.00018111348571014598,0.05830670926517572,0.5542144374267144
0.00018628815673043587,0.05830670926517572,0.5540190009361183
0.00018628815673043587,0.05990415335463259,0.5538646465111152
0.00019146282775072575,0.05990415335463259,0.553750087214184
0.00019146282775072575,0.06150159744408946,0.5527249530993524
0.00019663749877101564,0.06150159744408946,0.5525031822026156
0.00019663749877101564,0.06230031948881789,0.5524984195646203
0.0002069868408115954,0.06230031948881789,0.5506408369157643
0.0002069868408115954,0.06389776357827476,0.5470002721282003
0.00022768552489275495,0.06389776357827476,0.5438339013705866
0.00022768552489275495,0.0670926517571885,0.5411535956237009
0.0002432095379536246,0.0670926517571885,0.5397831688587506
0.0002432095379536246,0.06789137380191693,0.5396258546633913
0.0002535588799942044,0.06789137380191693,0.5371655297606515
0.0002535588799942044,0.07268370607028754,0.5329997698106912
0.00025873355101449426,0.07268370607028754,0.5320655182365345
0.00025873355101449426,0.07507987220447285,0.5286993746398986
0.00026390822203478415,0.07507987220447285,0.5284183605231232
0.00026390822203478415,0.07667731629392971,0.5273667396508198
0.00026908289305507403,0.07667731629392971,0.5265837590650998
0.00026908289305507403,0.07987220447284345,0.5248987746060453
0.0002742575640753639,0.07987220447284345,0.5243509230262563
0.0002742575640753639,0.08067092651757188,0.5242482850071747
0.0002846069061159437,0.08067092651757188,0.5234392043716499
0.0002846069061159437,0.08306709265175719,0.5205068780320172
0.0002897815771362336,0.08306709265175719,0.5202506119778834
0.0002897815771362336,0.0878594249201278,0.5178529037353532
0.00029495624815652346,0.0878594249201278,0.5152060635853101
0.00029495624815652346,0.09424920127795527,0.512060804107015
0.00030530559019710323,0.09424920127795527,0.5085909424579932
0.00030530559019710323,0.09664536741214058,0.5070331459718139
0.0003104802612173931,0.09664536741214058,0.5068109109466419
0.0003104802612173931,0.09904153354632587,0.5058532218190269
0.0003208296032579729,0.09904153354632587,0.5042997483397921
0.0003208296032579729,0.10223642172523961,0.5026317088033296
0.00032600427427826277,0.10223642172523961,0.5024599779451019
0.00032600427427826277,0.10303514376996806,0.5022961887439332
0.00033117894529855266,0.10303514376996806,0.5013417240385364
0.00033117894529855266,0.10862619808306709,0.49758089577038705
0.00034152828733913243,0.10862619808306709,0.49701066213781325
0.00034152828733913243,0.11421725239616613,0.494789833706544
0.0003467029583594223,0.11421725239616613,0.4947067580571222
0.0003467029583594223,0.11581469648562301,0.4940515558458436
0.0003518776293797122,0.11581469648562301,0.49387516281316884
0.0003518776293797122,0.11661341853035144,0.49369499694975455
0.0003570523004000021,0.11661341853035144,0.49289909472061344
0.0003570523004000021,0.12220447284345048,0.48951795672229304
0.00036222697142029197,0.12220447284345048,0.4891925277337764
0.00036222697142029197,0.1269968051118211,0.4854772099188775
0.00036740164244058185,0.1269968051118211,0.4853516937086618
0.00036740164244058185,0.134185303514377,0.47984341614094267
0.00037257631346087174,0.134185303514377,0.47967395554823894
0.00037257631346087174,0.1501597444089457,0.470361777292894
0.0003777509844811616,0.1501597444089457,0.47033473403686454
0.0003777509844811616,0.15654952076677317,0.46757825605175024
0.0003829256555014515,0.15654952076677317,0.4669603713153012
0.0003829256555014515,0.1621405750798722,0.464107844253156
0.0003881003265217414,0.1621405750798722,0.4624473769787629
0.0003881003265217414,0.16533546325878595,0.46010531858951975
0.00039844966856232117,0.16533546325878595,0.4585492357737493
0.00039844966856232117,0.17092651757188498,0.45428150861093475
0.00040362433958261105,0.17092651757188498,0.45332795636532586
0.00040362433958261105,0.17412140575079874,0.45061491368786344
0.00040879901060290094,0.17412140575079874,0.44914471944365736
0.00040879901060290094,0.17492012779552715,0.44848200874576544
0.0004139736816231908,0.17492012779552715,0.4482210297608688
0.0004139736816231908,0.1757188498402556,0.44781646022766025
0.0004191483526434807,0.1757188498402556,0.4475010049538463
0.0004191483526434807,0.18130990415335463,0.44334924935615294
0.0004243230236637706,0.18130990415335463,0.4431175880703928
0.0004243230236637706,0.1829073482428115,0.44188896776255965
0.0004294976946840605,0.1829073482428115,0.44166460404575913
0.0004294976946840605,0.18370607028753994,0.44080153827112395
0.00043984703672464025,0.18370607028753994,0.43981544462062583
0.00043984703672464025,0.18610223642172524,0.43786799080788247
0.00044502170774493013,0.18610223642172524,0.43768903721066416
0.00044502170774493013,0.19249201277955272,0.4339998621752699
0.00045019637876522,0.19249201277955272,0.43391628623616496
0.00045019637876522,0.2036741214057508,0.42788679425304027
0.0004553710497855099,0.2036741214057508,0.42779173083964767
0.0004553710497855099,0.20447284345047922,0.4274282466353514
0.0004657203918260897,0.20447284345047922,0.42535299902846113
0.0004657203918260897,0.213258785942492,0.4165065556572951
0.00047089506284637956,0.213258785942492,0.4155866011913007
0.00047089506284637956,0.21405750798722045,0.41557083748797075
0.00047606973386666944,0.21405750798722045,0.41531943989301895
0.00047606973386666944,0.21805111821086262,0.41243037429537016
0.00048124440488695933,0.21805111821086262,0.41222347786022256
0.00048124440488695933,0.2268370607028754,0.4071835101991489
0.000491593746927539,0.2268370607028754,0.40310717801611756
0.000491593746927539,0.22763578274760382,0.4022215497385635
0.000496768417947829,0.22763578274760382,0.40156415063475437
0.000496768417947829,0.23083067092651757,0.3999905378797803
0.0005174671020289885,0.23083067092651757,0.39873601446160606
0.0005174671020289885,0.23162939297124602,0.3980506766208424
0.0005278164440695683,0.23162939297124602,0.39758710880850867
0.0005278164440695683,0.23322683706070288,0.39378246572161896
0.0005536897991710177,0.23322683706070288,0.3894426182009956
0.0005536897991710177,0.2340255591054313,0.38864805100925714
0.0005588644701913076,0.2340255591054313,0.38791310093234976
0.0005588644701913076,0.2380191693290735,0.38561241121260637
0.0005743884832521772,0.2380191693290735,0.3839633847581534
0.0005743884832521772,0.2388178913738019,0.38393163446212264
0.0005899124963130469,0.2388178913738019,0.38347353231857584
0.0005899124963130469,0.24041533546325877,0.3815733165259517
0.0005950871673333368,0.24041533546325877,0.3811901458119604
0.0005950871673333368,0.24281150159744408,0.3792828828075281
0.0006002618383536267,0.24281150159744408,0.37905520248622304
0.0006002618383536267,0.24361022364217252,0.37825194465591033
0.0006054365093739165,0.24361022364217252,0.3779542402120527
0.0006054365093739165,0.24440894568690097,0.37781292434572755
0.0006106111803942065,0.24440894568690097,0.37687127671129267
0.0006106111803942065,0.24680511182108625,0.37617588697410625
0.0006157858514144963,0.24680511182108625,0.3741410112696953
0.0006157858514144963,0.2507987220447284,0.3707115950767551
0.0006209605224347862,0.2507987220447284,0.3705585503222083
0.0006209605224347862,0.2547923322683706,0.36838534895452923
0.000631309864475366,0.2547923322683706,0.36556689110199897
0.000631309864475366,0.2571884984025559,0.36310910468145724
0.0006364845354956558,0.2571884984025559,0.3627529548682307
0.0006364845354956558,0.25878594249201275,0.3603883761913112
0.0006416592065159458,0.25878594249201275,0.3599946816498664
0.0006416592065159458,0.2595846645367412,0.3594514880762725
0.0006520085485565255,0.2595846645367412,0.3579738404638322
0.0006520085485565255,0.26437699680511184,0.3549558988210357
0.0006571832195768154,0.26437699680511184,0.35421795195340966
0.0006571832195768154,0.26517571884984026,0.35408486882371987
0.0006623578905971053,0.26517571884984026,0.3540746210588776
0.0006623578905971053,0.26757188498402557,0.3517937130247813
0.0006882312456985547,0.26757188498402557,0.3479139847671951
0.0006882312456985547,0.2715654952076677,0.34517380453813873
0.0007037552587594244,0.2715654952076677,0.3429024671687317
0.0007037552587594244,0.273961661341853,0.3401591128785536
0.0007089299297797142,0.273961661341853,0.3392106076087516
0.0007089299297797142,0.2747603833865815,0.3381660786726688
0.0007296286138608738,0.2747603833865815,0.33654165805595154
0.0007296286138608738,0.2763578274760383,0.3358699746389819
0.000765851311002903,0.2763578274760383,0.3329271365194325
0.000765851311002903,0.2771565495207668,0.33247550716272745
0.0007762006530434828,0.2771565495207668,0.3315057521817279
0.0007762006530434828,0.2779552715654952,0.33117158270514563
0.0007813753240637726,0.2779552715654952,0.3301333676550555
0.0007813753240637726,0.2787539936102236,0.33001784913803994
0.0007917246661043524,0.2787539936102236,0.32824838793558997
0.0007917246661043524,0.2803514376996805,0.32741548415012
0.0008020740081449322,0.2803514376996805,0.32665027725107815
0.0008020740081449322,0.28115015974440893,0.32656652268567027
0.0008124233501855119,0.28115015974440893,0.32519096386199214
0.0008124233501855119,0.2819488817891374,0.32454771509941116
0.0008175980212058019,0.2819488817891374,0.3245363525340789
0.0008175980212058019,0.28354632587859424,0.3232822423626215
0.0008331220342666715,0.28354632587859424,0.3217575210130851
0.0008331220342666715,0.28833865814696485,0.31745646365514335
0.0008382967052869614,0.28833865814696485,0.3174111428217527
0.0008382967052869614,0.29073482428115016,0.31469184321307964
0.0008434713763072512,0.29073482428115016,0.31456868097753593
0.0008434713763072512,0.2915335463258786,0.3142943618814893
0.0008486460473275412,0.2915335463258786,0.31414206466093364
0.0008486460473275412,0.29233226837060705,0.3140185423815784
0.000853820718347831,0.29233226837060705,0.3133629104250181
0.000853820718347831,0.2955271565495208,0.3108474179349658
0.0008641700603884108,0.2955271565495208,0.30973245475936995
0.0008641700603884108,0.2963258785942492,0.30936695270098136
0.0008745194024289906,0.2963258785942492,0.3085208084032239
0.0008745194024289906,0.2987220447284345,0.30520133113089165
0.0009107420995710198,0.2987220447284345,0.30058748039677213
0.0009107420995710198,0.2995207667731629,0.29960389964117023
0.0009159167705913096,0.2995207667731629,0.2994631475082069
0.0009159167705913096,0.3003194888178914,0.29915448904852726
0.0009262661126318894,0.3003194888178914,0.2986953781360747
0.0009262661126318894,0.3019169329073482,0.29681635358073083
0.0009314407836521793,0.3019169329073482,0.2966842014462601
0.0009314407836521793,0.3027156549520767,0.29654999550967565
0.0009366154546724692,0.3027156549520767,0.2952651219520028
0.0009366154546724692,0.3035143769968051,0.294942016714084
0.0009417901256927591,0.3035143769968051,0.2947967612345308
0.0009417901256927591,0.30431309904153353,0.29473517150569556
0.000946964796713049,0.30431309904153353,0.29450065567932227
0.000946964796713049,0.305111821086262,0.2936479432567101
0.0009573141387536287,0.305111821086262,0.2927996701935617
0.0009573141387536287,0.3059105431309904,0.2920317543265197
0.0009624888097739187,0.3059105431309904,0.2918033154035482
0.0009624888097739187,0.30670926517571884,0.2908771750374289
0.0009728381518144984,0.30670926517571884,0.28956115540112276
0.0009728381518144984,0.3075079872204473,0.28950890997917517
0.0010090608489565277,0.3075079872204473,0.28522354925821536
0.0010090608489565277,0.3083067092651757,0.28511896277171145
0.0010142355199768175,0.3083067092651757,0.2849479532975802
0.0010142355199768175,0.30910543130990414,0.28486196725321555
0.0010194101909971073,0.30910543130990414,0.2847646847140355
0.0010194101909971073,0.31070287539936103,0.28402416847109724
0.0010245848620173972,0.31070287539936103,0.28318969601835137
0.0010245848620173972,0.31150159744408945,0.28292446083713696
0.0010297595330376872,0.31150159744408945,0.282678809551678
0.0010297595330376872,0.31389776357827476,0.28099379644596584
0.0010401088750782669,0.31389776357827476,0.2801193786971781
0.0010401088750782669,0.3146964856230032,0.27959957370180544
0.0010452835460985567,0.3146964856230032,0.2791447736141403
0.0010452835460985567,0.3170926517571885,0.2777802127121943
0.0010504582171188468,0.3170926517571885,0.2767278954213249
0.0010504582171188468,0.31869009584664537,0.2763329869701302
0.0010556328881391366,0.31869009584664537,0.27628850187953896
0.0010556328881391366,0.3226837060702875,0.27432348834228487
0.0010659822301797163,0.3226837060702875,0.2736360892665768
0.0010659822301797163,0.323482428115016,0.2727344658793335
0.0010711569012000063,0.323482428115016,0.2723608478586267
0.0010711569012000063,0.3250798722044728,0.2719714134264613
0.0010866809142608758,0.3250798722044728,0.27124333436122117
0.0010866809142608758,0.3258785942492013,0.2709786840827042
0.0011022049273217455,0.3258785942492013,0.2690102653405147
0.0011022049273217455,0.3266773162939297,0.2689742848859293
0.001122903611402905,0.3266773162939297,0.26744897702301046
0.001122903611402905,0.3274760383386581,0.2672897767902898
0.0011280782824231949,0.3274760383386581,0.26665496788510035
0.0011280782824231949,0.329073482428115,0.26594870324193026
0.0011436022954840646,0.329073482428115,0.2650358587036797
0.0011436022954840646,0.3306709265175719,0.26368695635293804
0.0011539516375246445,0.3306709265175719,0.26348935768384985
0.0011539516375246445,0.33226837060702874,0.26304540795693326
0.0011591263085449343,0.33226837060702874,0.26298571823231903
0.0011591263085449343,0.3354632587859425,0.2615883527917267
0.0011643009795652241,0.3354632587859425,0.2615705921320132
0.0011643009795652241,0.33626198083067094,0.2611885389933964
0.001169475650585514,0.33626198083067094,0.26098575477454516
0.001169475650585514,0.33706070287539935,0.2609521982869597
0.0011849996636463837,0.33706070287539935,0.26022631729021434
0.0011849996636463837,0.33865814696485624,0.25986594417460007
0.0011901743346666735,0.33865814696485624,0.2598418243751722
0.0011901743346666735,0.33945686900958466,0.2594614052997253
0.0012056983477275432,0.33945686900958466,0.25803500868641244
0.0012056983477275432,0.34185303514376997,0.257579754446673
0.001216047689768123,0.34185303514376997,0.2569794649408664
0.001216047689768123,0.34345047923322686,0.2567534218733826
0.001221222360788413,0.34345047923322686,0.2562680229313709
0.001221222360788413,0.3442492012779553,0.25621036258490626
0.0012522703869101521,0.3442492012779553,0.25294685206093065
0.0012522703869101521,0.3450479233226837,0.2522605371900843
0.001262619728950732,0.3450479233226837,0.2521093327024768
0.001262619728950732,0.34584664536741216,0.2518551309044527
0.0012677943999710218,0.34584664536741216,0.2515330568208983
0.0012677943999710218,0.3490415335463259,0.25045185561596234
0.0012729690709913117,0.3490415335463259,0.25042864573343937
0.0012729690709913117,0.3506389776357827,0.2500269322841269
0.0012781437420116017,0.3506389776357827,0.24987093459605447
0.0012781437420116017,0.3514376996805112,0.24941178238270154
0.0012833184130318915,0.3514376996805112,0.24890075356600913
0.0012833184130318915,0.35303514376996803,0.24852503994121575
0.0012988424260927613,0.35303514376996803,0.24751101311070164
0.0012988424260927613,0.3538338658146965,0.24719297719629008
0.0013143664391536307,0.3538338658146965,0.24617529648278608
0.0013143664391536307,0.35543130990415334,0.24598136948971674
0.0013195411101739208,0.35543130990415334,0.24501120859061207
0.0013195411101739208,0.3570287539936102,0.24484712456078572
0.0013247157811942106,0.3570287539936102,0.24464679893211588
0.0013247157811942106,0.35782747603833864,0.24413585136388877
0.0013454144652753702,0.35782747603833864,0.24254972403225214
0.0013454144652753702,0.35942492012779553,0.24213770680838406
0.0013557638073159498,0.35942492012779553,0.24162982639437475
0.0013557638073159498,0.36022364217252395,0.24162069428686586
0.0013609384783362399,0.36022364217252395,0.24130393017973717
0.0013609384783362399,0.3610223642172524,0.24125972523855943
0.0013764624913971094,0.3610223642172524,0.2398499408798632
0.0013764624913971094,0.36182108626198084,0.2398247374198232
0.0013816371624173994,0.36182108626198084,0.2394390624857873
0.0013816371624173994,0.36261980830670926,0.2391068898707275
0.001397161175478269,0.36261980830670926,0.2380753272424498
0.001397161175478269,0.3634185303514377,0.23800876789556322
0.0014178598595594285,0.3634185303514377,0.23716653772674043
0.0014178598595594285,0.36501597444089456,0.2360141914777355
0.0014230345305797183,0.36501597444089456,0.23581537036484854
0.0014230345305797183,0.36661341853035145,0.23549787636539496
0.001438558543640588,0.36661341853035145,0.23484488613829846
0.001438558543640588,0.3682108626198083,0.23438511107152038
0.0014489078856811679,0.3682108626198083,0.23374174289135832
0.0014489078856811679,0.3706070287539936,0.23323451449146962
0.0014644318987420374,0.3706070287539936,0.23246036388470795
0.0014644318987420374,0.37140575079872207,0.2321041737770501
0.0014696065697623274,0.37140575079872207,0.2319919367582774
0.0014696065697623274,0.3722044728434505,0.2319491979574118
0.001485130582823197,0.3722044728434505,0.23076597993842002
0.001485130582823197,0.3730031948881789,0.23035239097222815
0.001490305253843487,0.3730031948881789,0.2295657351225692
0.001490305253843487,0.3738019169329074,0.22917513321533872
0.0015006545958840666,0.3738019169329074,0.22880903892634852
0.0015006545958840666,0.3746006389776358,0.2284472611100777
0.0015213532799652262,0.3746006389776358,0.2281363300761559
0.0015213532799652262,0.3753993610223642,0.22790693936460585
0.0015368772930260959,0.3753993610223642,0.22747889881908268
0.0015368772930260959,0.37859424920127793,0.22701492822444957
0.0015524013060869656,0.37859424920127793,0.2262563734657096
0.0015524013060869656,0.3793929712460064,0.22619906049494998
0.001567925319147835,0.3793929712460064,0.22548343898601197
0.001567925319147835,0.3801916932907348,0.22498875308596122
0.0015834493322087048,0.3801916932907348,0.22463376927040543
0.0015834493322087048,0.38099041533546324,0.2244173864619016
0.0015886240032289946,0.38099041533546324,0.2240426029170016
0.0015886240032289946,0.3817891373801917,0.22366323998719198
0.0016300213713913137,0.3817891373801917,0.22124702423429143
0.0016300213713913137,0.38338658146964855,0.22108546393726525
0.0016351960424116037,0.38338658146964855,0.22102637454556168
0.0016351960424116037,0.384185303514377,0.22098376224225022
0.0016403707134318936,0.384185303514377,0.22068431827558985
0.0016403707134318936,0.38498402555910544,0.21971096541586607
0.0016558947264927633,0.38498402555910544,0.21864039990709833
0.0016558947264927633,0.38578274760383385,0.21855191144873073
0.0016610693975130531,0.38578274760383385,0.2182511473056684
0.0016610693975130531,0.38738019169329074,0.2182186031022676
0.0016714187395536328,0.38738019169329074,0.21781913849497594
0.0016714187395536328,0.38817891373801916,0.2175380628924777
0.0016765934105739228,0.38817891373801916,0.2174070815554125
0.0016765934105739228,0.3889776357827476,0.21738260104283724
0.001717990778736242,0.3889776357827476,0.2152948764294391
0.001717990778736242,0.38977635782747605,0.21509467413218908
0.0017283401207768216,0.38977635782747605,0.21484850676686543
0.0017283401207768216,0.3913738019169329,0.21418189261785203
0.0017438641338376913,0.3913738019169329,0.21279582010931625
0.0017438641338376913,0.39217252396166136,0.21273150664770965
0.0017490388048579811,0.39217252396166136,0.21272220277390158
0.0017490388048579811,0.3937699680511182,0.21256852549115943
0.00179561084404059,0.3937699680511182,0.21055918425602416
0.00179561084404059,0.3953674121405751,0.2100835461734387
0.001837008212202909,0.3953674121405751,0.2060598335428647
0.001837008212202909,0.3961661341853035,0.20604714782824515
0.0018732309093449384,0.3961661341853035,0.20385584911974347
0.0018732309093449384,0.3977635782747604,0.20355226159597348
0.0018835802513855182,0.3977635782747604,0.20299256711524094
0.0018835802513855182,0.3993610223642173,0.20279415400806494
0.0018991042644463877,0.3993610223642173,0.20229641611564558
0.0018991042644463877,0.4001597444089457,0.20224449096595204
0.0019249776195478373,0.4001597444089457,0.20077473995723943
0.0019249776195478373,0.40175718849840253,0.19973551074885185
0.001935326961588417,0.40175718849840253,0.19956262569987243
0.001935326961588417,0.402555910543131,0.19937337509708278
0.001966374987710156,0.402555910543131,0.19710592033535054
0.001966374987710156,0.4033546325878594,0.19703593697839536
0.001971549658730446,0.4033546325878594,0.19675701765990966
0.001971549658730446,0.40415335463258784,0.19631650187441557
0.001981899000771026,0.40415335463258784,0.1958490226760509
0.001981899000771026,0.4049520766773163,0.195244605163642
0.0019974230138318956,0.4049520766773163,0.1949847413969597
0.0019974230138318956,0.4057507987220447,0.19497681905744738
0.002054344395055084,0.4057507987220447,0.19282615108328313
0.002054344395055084,0.40814696485623003,0.19218707129794915
0.0020595190660753744,0.40814696485623003,0.19215936961396615
0.0020595190660753744,0.40894568690095845,0.1917509266616315
0.002069868408115954,0.40894568690095845,0.1916825694159035
0.002069868408115954,0.4097444089456869,0.19160956634251403
0.0020802177501565338,0.4097444089456869,0.191506014394856
0.0020802177501565338,0.41054313099041534,0.19122401280167103
0.0020853924211768236,0.41054313099041534,0.19101981541560392
0.0020853924211768236,0.41134185303514376,0.19091655933591242
0.0020905670921971134,0.41134185303514376,0.19088358083949694
0.0020905670921971134,0.41214057507987223,0.1903075150570982
0.0021060911052579834,0.41214057507987223,0.18926838777992444
0.0021060911052579834,0.41373801916932906,0.18892382631453367
0.002111265776278273,0.41373801916932906,0.1887772937853497
0.002111265776278273,0.41533546325878595,0.18841732812613707
0.0021371391313797223,0.41533546325878595,0.18753352339116847
0.0021371391313797223,0.41773162939297126,0.1868387474377681
0.0021526631444405923,0.41773162939297126,0.18615413405131423
0.0021526631444405923,0.4185303514376997,0.18615135325454824
0.002163012486481172,0.4185303514376997,0.18535194704829397
0.002163012486481172,0.4193290734824281,0.18489613180848252
0.0021888858415826215,0.4193290734824281,0.18328181802756735
0.0021888858415826215,0.42012779552715657,0.18320601209709123
0.0021940605126029114,0.42012779552715657,0.18304444132406394
0.0021940605126029114,0.420926517571885,0.18302623750580688
0.002199235183623201,0.420926517571885,0.18287636781962346
0.002199235183623201,0.4217252396166134,0.18270511278697554
0.0022251085387246508,0.4217252396166134,0.1804771035407655
0.0022251085387246508,0.4241214057507987,0.1797859865323327
0.0022406325517855203,0.4241214057507987,0.17903525549921748
0.0022406325517855203,0.4249201277955272,0.1789884086729938
0.0022561565648463898,0.4249201277955272,0.17879365661714225
0.0022561565648463898,0.4257188498402556,0.17875238310759356
0.0022768552489275495,0.4257188498402556,0.1780977439896574
0.0022768552489275495,0.426517571884984,0.17791418368699963
0.0022820299199478393,0.426517571884984,0.1771649719313996
0.0022820299199478393,0.42971246006389774,0.17642730586706568
0.0023130779460695788,0.42971246006389774,0.17511721543765382
0.0023130779460695788,0.4305111821086262,0.1749235405203403
0.002333776630150738,0.4305111821086262,0.1747963967422051
0.002333776630150738,0.43130990415335463,0.17474278721508235
0.002338951301171028,0.43130990415335463,0.1746604230160903
0.002338951301171028,0.4329073482428115,0.17412178305725573
0.002354475314231898,0.4329073482428115,0.17360317039181705
0.002354475314231898,0.43370607028753994,0.17333315581708705
0.0023699993272927673,0.43370607028753994,0.17217537517025738
0.0023699993272927673,0.43450479233226835,0.1721275594583357
0.002390698011373927,0.43450479233226835,0.17127090242265397
0.002390698011373927,0.4353035143769968,0.17041801453487798
0.0024165713664753763,0.4353035143769968,0.16966109067515117
0.0024165713664753763,0.43610223642172524,0.1689820398701438
0.002426920708515956,0.43610223642172524,0.16862265601636037
0.002426920708515956,0.43769968051118213,0.168057721613025
0.0024476193925971157,0.43769968051118213,0.16693260066709972
0.0024476193925971157,0.44009584664536744,0.1664461639999193
0.0024579687346376953,0.44009584664536744,0.1662899394636437
0.0024579687346376953,0.44089456869009586,0.16583868577698158
0.002463143405657985,0.44089456869009586,0.16583496897448774
0.002463143405657985,0.4416932907348243,0.1654493337395017
0.002468318076678275,0.4416932907348243,0.16541080102158665
0.002468318076678275,0.4424920127795527,0.16528544769623293
0.0024734927476985653,0.4424920127795527,0.16515420941437214
0.0024734927476985653,0.44329073482428116,0.16433279519970176
0.0024993661028000144,0.44329073482428116,0.16322519978566427
0.0024993661028000144,0.4440894568690096,0.16315678886673426
0.0025045407738203043,0.4440894568690096,0.16240624288406305
0.0025045407738203043,0.44568690095846647,0.16231061114083856
0.002525239457901464,0.44568690095846647,0.1620400030926075
0.002525239457901464,0.4472843450479233,0.16197650697193594
0.0025355887999420437,0.4472843450479233,0.16185110824115986
0.0025355887999420437,0.4496805111821086,0.1617125867257486
0.0025459381419826233,0.4496805111821086,0.1610504686887891
0.0025459381419826233,0.4512779552715655,0.1606505968428121
0.002551112813002913,0.4512779552715655,0.1606378311099158
0.002551112813002913,0.4520766773162939,0.1606236355049415
0.0025614621550434933,0.4520766773162939,0.15993269360582577
0.0025614621550434933,0.4528753993610224,0.1598621679897358
0.002571811497084073,0.4528753993610224,0.15901898966919253
0.002571811497084073,0.4536741214057508,0.158995747106849
0.0025873355101449424,0.4536741214057508,0.15863339439207952
0.0025873355101449424,0.4544728434504792,0.1586226387489705
0.002613208865246392,0.4544728434504792,0.15767967961676282
0.002613208865246392,0.45527156549520764,0.15743591562447906
0.0026287328783072615,0.45527156549520764,0.15725841421033848
0.0026287328783072615,0.45686900958466453,0.157154651323411
0.0026442568913681314,0.45686900958466453,0.1565817636630357
0.0026442568913681314,0.46006389776357826,0.15618756717392152
0.0026494315623884213,0.46006389776357826,0.15554821472719862
0.0026494315623884213,0.46166134185303515,0.15516455593170486
0.002654606233408711,0.46166134185303515,0.15498265495062385
0.002654606233408711,0.46246006389776356,0.1549349546998532
0.002659780904429001,0.46246006389776356,0.15483866364967658
0.002659780904429001,0.46325878594249204,0.1547552856065829
0.0026908289305507403,0.46325878594249204,0.15394147997575874
0.0026908289305507403,0.46405750798722045,0.1539405565623813
0.0027218769566724798,0.46405750798722045,0.15305020739262878
0.0027218769566724798,0.46565495207667734,0.15267692304451225
0.0027270516276927696,0.46565495207667734,0.15265782631362365
0.0027270516276927696,0.46645367412140576,0.15258767459120987
0.0027684489958550887,0.46645367412140576,0.1516061351612078
0.0027684489958550887,0.4672523961661342,0.15156412835589983
0.0027736236668753785,0.4672523961661342,0.15113175875875062
0.0027736236668753785,0.4680511182108626,0.1510994826494541
0.002783973008915958,0.4680511182108626,0.15068324287790566
0.002783973008915958,0.4696485623003195,0.1504659228451767
0.002794322350956538,0.4696485623003195,0.15038428982213548
0.002794322350956538,0.4720447284345048,0.1501341516505007
0.0027994970219768277,0.4720447284345048,0.1498828589992268
0.0027994970219768277,0.4728434504792332,0.14969690279652317
0.0028150210350376976,0.4728434504792332,0.147871069181441
0.0028150210350376976,0.4736421725239617,0.1476809622177774
0.002851243732179727,0.4736421725239617,0.14679311056059943
0.002851243732179727,0.4744408945686901,0.14666617984228056
0.002871942416260886,0.4744408945686901,0.14635486148513382
0.002871942416260886,0.476038338658147,0.14537453762643085
0.0029133397844232052,0.476038338658147,0.1440379966230882
0.0029133397844232052,0.4768370607028754,0.14366389848772895
0.0029288637974840747,0.4768370607028754,0.14292300562647078
0.0029288637974840747,0.4776357827476038,0.14285328437281727
0.0029495624815652345,0.4776357827476038,0.14218775939793601
0.0029495624815652345,0.4784345047923323,0.14213283867892945
0.0029547371525855243,0.4784345047923323,0.14199029077357994
0.0029547371525855243,0.4792332268370607,0.14185963345519342
0.002965086494626104,0.4792332268370607,0.141339785829896
0.002965086494626104,0.48083067092651754,0.14124076385686013
0.002970261165646394,0.48083067092651754,0.14086428639381868
0.002970261165646394,0.48242811501597443,0.1404808149918781
0.002975435836666684,0.48242811501597443,0.14034221394393293
0.002975435836666684,0.4840255591054313,0.14008429674329764
0.003011658533808713,0.4840255591054313,0.1395341035024474
0.003011658533808713,0.48562300319488816,0.139261191281653
0.003027182546869583,0.48562300319488816,0.1387750140867624
0.003027182546869583,0.48642172523961663,0.13829824301346888
0.0030323572178898727,0.48642172523961663,0.1381266867941727
0.0030323572178898727,0.48722044728434505,0.13795837062224764
0.003063405244011612,0.48722044728434505,0.13736269758793326
0.003063405244011612,0.4904153354632588,0.13720019842131137
0.003068579915031902,0.4904153354632588,0.13717030472894437
0.003068579915031902,0.49121405750798725,0.13715270846567254
0.0030737545860521917,0.49121405750798725,0.1370862944551812
0.0030737545860521917,0.49201277955271566,0.13695970459439816
0.0030892785991130612,0.49201277955271566,0.1367756772169551
0.0030892785991130612,0.4928115015974441,0.13665755874279345
0.0030996279411536413,0.4928115015974441,0.13645879025051583
0.0030996279411536413,0.4936102236421725,0.13639214910024935
0.003104802612173931,0.4936102236421725,0.13636983657339935
0.003104802612173931,0.4952076677316294,0.13626059779469274
0.003115151954214511,0.4952076677316294,0.13579995833989245
0.003115151954214511,0.4968051118210863,0.1353846632575347
0.0031306759672753803,0.4968051118210863,0.13506155891186983
0.0031306759672753803,0.4976038338658147,0.1347471364412439
0.00315137465135654,0.4976038338658147,0.134602877828201
0.00315137465135654,0.4992012779552716,0.1344473862298025
0.00315654932237683,0.4992012779552716,0.13434239710945842
0.00315654932237683,0.5,0.1341981364530583
0.0031668986644174096,0.5,0.1337109287441681
0.0031668986644174096,0.5023961661341853,0.13341395190758595
0.0031720733354376994,0.5023961661341853,0.13334776483285363
0.0031720733354376994,0.5031948881789138,0.13312222557598088
0.0031824226774782795,0.5031948881789138,0.1328994195957162
0.0031824226774782795,0.5039936102236422,0.13280008116303665
0.0032134707036000185,0.5039936102236422,0.13176269287857548
0.0032134707036000185,0.505591054313099,0.13142620171192795
0.0032496934007420477,0.505591054313099,0.13094163067569542
0.0032496934007420477,0.5063897763578274,0.1308439657011044
0.003285916097884077,0.5063897763578274,0.12984442897079926
0.003285916097884077,0.5071884984025559,0.12974528916852693
0.0033169641240058164,0.5071884984025559,0.12861231279256607
0.0033169641240058164,0.5079872204472844,0.12853517763828154
0.0033221387950261062,0.5079872204472844,0.12852768104384507
0.0033221387950261062,0.5087859424920128,0.1283404895002926
0.0033635361631884253,0.5087859424920128,0.12714435874188107
0.0033635361631884253,0.5103833865814696,0.12697930453532755
0.003379060176249295,0.5103833865814696,0.1267107575696896
0.003379060176249295,0.5111821086261981,0.12662209590606657
0.0033842348472695846,0.5111821086261981,0.12658499025448722
0.0033842348472695846,0.5119808306709265,0.12653975107785195
0.0034101082023710342,0.5119808306709265,0.1259074710412375
0.0034101082023710342,0.512779552715655,0.1258785785969338
0.0034463308995130635,0.512779552715655,0.12481214328710524
0.0034463308995130635,0.5135782747603834,0.12479532728974993
0.003461854912573933,0.5135782747603834,0.1243203440184317
0.003461854912573933,0.5143769968051118,0.124317073738129
0.003467029583594223,0.5143769968051118,0.12429506943474339
0.003467029583594223,0.5151757188498403,0.12417294514061832
0.003477378925634803,0.5151757188498403,0.12388293719274221
0.003477378925634803,0.5159744408945687,0.1237915558792696
0.0034877282676753826,0.5159744408945687,0.123614499526336
0.0034877282676753826,0.518370607028754,0.1221231273072736
0.0035549989909391512,0.518370607028754,0.1212677327502693
0.0035549989909391512,0.5191693290734825,0.12117533125080149
0.0035705230040000207,0.5191693290734825,0.12088350001464766
0.0035705230040000207,0.5199680511182109,0.12061292339724534
0.00359122168808118,0.5199680511182109,0.11945884680029928
0.00359122168808118,0.5215654952076677,0.11923715830545145
0.0036274443852232093,0.5215654952076677,0.11869745923320485
0.0036274443852232093,0.5223642172523961,0.11858954171826248
0.003674016424405818,0.5223642172523961,0.11800483043386671
0.003674016424405818,0.5231629392971247,0.11797971326058823
0.0036791910954261085,0.5231629392971247,0.11797701761325388
0.0036791910954261085,0.5239616613418531,0.11793919111858234
0.003694715108486978,0.5239616613418531,0.11764451934267238
0.003694715108486978,0.5247603833865815,0.11746816601327383
0.0037050644505275576,0.5247603833865815,0.11722241585187411
0.0037050644505275576,0.5263578274760383,0.11708977575574885
0.0037205884635884276,0.5263578274760383,0.11694825614516374
0.0037205884635884276,0.5271565495207667,0.11693685914722045
0.003741287147669587,0.5271565495207667,0.11683389125234642
0.003741287147669587,0.5279552715654952,0.1168192397980288
0.0037619858317507466,0.5279552715654952,0.1164187235767696
0.0037619858317507466,0.5287539936102237,0.11633379470051038
0.003777509844811616,0.5287539936102237,0.11600012988113763
0.003777509844811616,0.5295527156549521,0.11599327218817394
0.0037982085288927755,0.5295527156549521,0.1156698530838473
0.0037982085288927755,0.5303514376996805,0.11557788393767324
0.0038499552390956746,0.5303514376996805,0.11426981683187237
0.0038499552390956746,0.5319488817891374,0.11389559406467846
0.003886177936237704,0.5319488817891374,0.1129616556542004
0.003886177936237704,0.5327476038338658,0.11294040296917855
0.0038913526072579937,0.5327476038338658,0.11290721594961332
0.0038913526072579937,0.5343450479233227,0.11277604750183261
0.0039017019492985734,0.5343450479233227,0.11268314531684843
0.0039017019492985734,0.5351437699680511,0.11260923141356205
0.003906876620318863,0.5351437699680511,0.11260865277736128
0.003906876620318863,0.5359424920127795,0.11255746448988617
0.003922400633379733,0.5359424920127795,0.11240879605777233
0.003922400633379733,0.5375399361022364,0.11233323548137432
0.003932749975420312,0.5375399361022364,0.11209080499380995
0.003932749975420312,0.5383386581469649,0.11207084642587954
0.003943099317460892,0.5383386581469649,0.11183554907627064
0.003943099317460892,0.5391373801916933,0.11177139343952766
0.004005195369704371,0.5391373801916933,0.11086443755262412
0.004005195369704371,0.5399361022364217,0.11075256854923206
0.004036243395826111,0.5399361022364217,0.11038125175456139
0.004036243395826111,0.5407348242811502,0.11034020712117913
0.0040414180668464006,0.5407348242811502,0.11033925525103509
0.0040414180668464006,0.5415335463258786,0.11008846994240361
0.004108688790110168,0.5415335463258786,0.10840481576650852
0.004108688790110168,0.542332268370607,0.10829184893574015
0.004113863461130459,0.542332268370607,0.10828861348108244
0.004113863461130459,0.5431309904153354,0.10827580275596678
0.004155260829292778,0.5431309904153354,0.10782327390020602
0.004155260829292778,0.5439297124600639,0.10779010089038313
0.004207007539495677,0.5439297124600639,0.1071807078460239
0.004207007539495677,0.5447284345047924,0.10711461014303421
0.004212182210515967,0.5447284345047924,0.10681460085664884
0.004212182210515967,0.5455271565495208,0.10673546174197902
0.0042484049076579955,0.5455271565495208,0.10582367486742805
0.0042484049076579955,0.5463258785942492,0.10576288000517937
0.004310500959901474,0.5463258785942492,0.10481651370096845
0.004310500959901474,0.5471246006389776,0.10477912456587639
0.004320850301942054,0.5471246006389776,0.10456251672004654
0.004320850301942054,0.549520766773163,0.104528281734169
0.004331199643982634,0.549520766773163,0.10433320029977862
0.004331199643982634,0.5503194888178914,0.10429065985367642
0.0043363743150029235,0.5503194888178914,0.10427597574602043
0.0043363743150029235,0.5511182108626198,0.10427302620994536
0.004367422341124663,0.5511182108626198,0.10387585984122773
0.004367422341124663,0.5527156549520766,0.10384772392821413
0.004398470367246402,0.5527156549520766,0.10319434279577108
0.004398470367246402,0.5535143769968051,0.10308650904086669
0.004408819709286982,0.5535143769968051,0.10304363104430264
0.004408819709286982,0.555111821086262,0.10294802252238068
0.0044243437223478515,0.555111821086262,0.10263963793631926
0.0044243437223478515,0.5567092651757188,0.10251139765036606
0.004429518393368141,0.5567092651757188,0.10248406767601409
0.004429518393368141,0.5575079872204473,0.10234617247064677
0.004460566419489881,0.5575079872204473,0.10192325125061102
0.004460566419489881,0.5583067092651757,0.10176387298476351
0.004476090432550751,0.5583067092651757,0.10150886791270927
0.004476090432550751,0.5591054313099042,0.1014866298434456
0.00449161444561162,0.5591054313099042,0.10135882315171581
0.00449161444561162,0.560702875399361,0.10108615919568241
0.00449678911663191,0.560702875399361,0.10096976903725666
0.00449678911663191,0.5615015974440895,0.10087926742465723
0.004553710497855099,0.5615015974440895,0.09966733569256868
0.004553710497855099,0.5623003194888179,0.09963270412431909
0.004605457208057997,0.5623003194888179,0.09869258738001224
0.004605457208057997,0.5630990415335463,0.09868867359974762
0.004610631879078287,0.5630990415335463,0.0986469828875132
0.004610631879078287,0.5638977635782748,0.09855878752767593
0.004615806550098578,0.5638977635782748,0.09820405805723842
0.004615806550098578,0.5646964856230032,0.09818375585111198
0.004620981221118868,0.5646964856230032,0.09812312046017424
0.004620981221118868,0.5654952076677316,0.09810505664984995
0.0046261558921391575,0.5654952076677316,0.09807786371188136
0.0046261558921391575,0.5662939297124601,0.0980573120276459
0.004636505234179737,0.5662939297124601,0.09795950367217751
0.004636505234179737,0.5670926517571885,0.09795545160799925
0.004641679905200027,0.5670926517571885,0.09790155270282637
0.004641679905200027,0.5678913738019169,0.09784833302263589
0.004677902602342056,0.5678913738019169,0.09754322318561655
0.004677902602342056,0.5710862619808307,0.0970346297528373
0.004708950628463796,0.5710862619808307,0.09682731943759743
0.004708950628463796,0.5718849840255591,0.09680873153079772
0.0047141252994840855,0.5718849840255591,0.09679738967224262
0.0047141252994840855,0.5726837060702875,0.0967648258038205
0.004724474641524665,0.5726837060702875,0.0966978423838232
0.004724474641524665,0.5734824281150159,0.0966815431502479
0.004760697338666694,0.5734824281150159,0.09621913857817474
0.004760697338666694,0.5742811501597445,0.0961897490070126
0.004796920035808724,0.5742811501597445,0.09565527465569104
0.004796920035808724,0.5750798722044729,0.09559852995697724
0.004822793390910173,0.5750798722044729,0.0952574876140237
0.004822793390910173,0.5758785942492013,0.09512468459576975
0.004838317403971042,0.5758785942492013,0.09503544538405528
0.004838317403971042,0.5766773162939297,0.09500950449013779
0.004843492074991332,0.5766773162939297,0.09495857555995683
0.004843492074991332,0.5774760383386581,0.09484581611011847
0.004884889443153652,0.5774760383386581,0.09434911242991427
0.004884889443153652,0.5782747603833865,0.09433617724015467
0.0048900641141739415,0.5782747603833865,0.09431167727383115
0.0048900641141739415,0.579073482428115,0.09424551236298441
0.004895238785194231,0.579073482428115,0.09413057006412487
0.004895238785194231,0.5798722044728435,0.09409920915225162
0.0049469854953971305,0.5798722044728435,0.0934247889557395
0.0049469854953971305,0.5806709265175719,0.09338575687233022
0.004988382863559449,0.5806709265175719,0.09297178023690547
0.004988382863559449,0.5814696485623003,0.09296818944999656
0.005029780231721769,0.5814696485623003,0.09225799335837831
0.005029780231721769,0.5822683706070287,0.09209402843133793
0.005076352270904377,0.5822683706070287,0.09134881295265984
0.005076352270904377,0.5830670926517572,0.09130308264894493
0.005081526941924667,0.5830670926517572,0.09123844488476822
0.005081526941924667,0.5838658146964856,0.09116326275001334
0.005091876283965247,0.5838658146964856,0.0911032728415706
0.005091876283965247,0.5846645367412141,0.09109805386867649
0.005107400297026116,0.5846645367412141,0.09095364664252699
0.005107400297026116,0.5854632587859425,0.09092390457513637
0.005117749639066697,0.5854632587859425,0.09080466682643897
0.005117749639066697,0.5862619808306709,0.09078514129397944
0.005159147007229015,0.5862619808306709,0.09055494876786324
0.005159147007229015,0.5870607028753994,0.09052441389099722
0.005195369704371045,0.5870607028753994,0.09013317158612304
0.005195369704371045,0.5878594249201278,0.09012584669316302
0.005257465756614523,0.5878594249201278,0.0895322670576276
0.005257465756614523,0.5886581469648562,0.08951274973612901
0.005314387137837712,0.5886581469648562,0.08910712675390671
0.005314387137837712,0.5894568690095847,0.08909444525353191
0.005335085821918871,0.5894568690095847,0.08891240127091135
0.005335085821918871,0.5902555910543131,0.08885431400397084
0.005340260492939161,0.5902555910543131,0.08882866096981308
0.005340260492939161,0.5910543130990416,0.08881215672575071
0.005355784506000031,0.5910543130990416,0.08853157454990045
0.005355784506000031,0.5926517571884984,0.08842611090369606
0.00540753121620293,0.5926517571884984,0.08802739927885005
0.00540753121620293,0.5934504792332268,0.08802396171142557
0.005459277926405829,0.5934504792332268,0.08760226257063645
0.005459277926405829,0.5942492012779552,0.08759138486433253
0.005500675294568148,0.5942492012779552,0.08708684809317944
0.005500675294568148,0.5950479233226837,0.08702543462670177
0.005557596675791337,0.5950479233226837,0.0867058293768717
0.005557596675791337,0.5966453674121406,0.08667012567718645
0.005578295359872496,0.5966453674121406,0.0865811058490471
0.005578295359872496,0.597444089456869,0.08657501606347026
0.005640391412115975,0.597444089456869,0.08593336791848818
0.005640391412115975,0.5982428115015974,0.08584715956715963
0.005697312793339164,0.5982428115015974,0.08542855157455752
0.005697312793339164,0.5998402555910544,0.08538667587129523
0.00586290226598844,0.5998402555910544,0.08428111115114921
0.00586290226598844,0.6006389776357828,0.08409602888527207
0.00586807693700873,0.6006389776357828,0.08406054128913144
0.00586807693700873,0.6014376996805112,0.08399726883654864
0.005930172989252208,0.6014376996805112,0.08356579583012345
0.005930172989252208,0.6022364217252396,0.08351948859876748
0.005966395686394238,0.6022364217252396,0.08333352399903589
0.005966395686394238,0.603035143769968,0.08331412845557981
0.005976745028434817,0.603035143769968,0.08319039284653476
0.005976745028434817,0.604632587859425,0.08314915321982999
0.005992269041495687,0.604632587859425,0.08294202926646146
0.005992269041495687,0.6054313099041534,0.0829358805384181
0.0060026183835362665,0.6054313099041534,0.08287295412965842
0.0060026183835362665,0.6062300319488818,0.08284012922044105
0.006069889106800035,0.6062300319488818,0.08197709940280345
0.006069889106800035,0.6070287539936102,0.08194764618635979
0.006142334501084094,0.6070287539936102,0.08133958102953961
0.006142334501084094,0.6078274760383386,0.08130514883796695
0.006152683843124673,0.6078274760383386,0.08129454486607321
0.006152683843124673,0.6086261980830671,0.08128559688953887
0.006209605224347862,0.6086261980830671,0.08091294795048694
0.006209605224347862,0.610223642172524,0.08088679553534026
0.006240653250469601,0.610223642172524,0.08068314925805829
0.006240653250469601,0.6110223642172524,0.08065580768169661
0.0062923999606725005,0.6110223642172524,0.08020764594786174
0.0062923999606725005,0.6118210862619808,0.08016487188895119
0.0063544960129159785,0.6118210862619808,0.07978634958781587
0.0063544960129159785,0.6126198083067093,0.07969510717330094
0.006364845354956559,0.6126198083067093,0.0796416741441156
0.006364845354956559,0.6134185303514377,0.07946609348548636
0.0063803693680174285,0.6134185303514377,0.07944635412584161
0.0063803693680174285,0.6142172523961661,0.07942546571165637
0.006390718710058008,0.6142172523961661,0.07919595963023675
0.006390718710058008,0.6150159744408946,0.07914680378810218
0.006447640091281197,0.6150159744408946,0.07871331215590832
0.006447640091281197,0.615814696485623,0.07865877714929936
0.006473513446382646,0.615814696485623,0.07854103735713253
0.006473513446382646,0.6166134185303515,0.07850586661718367
0.006618404234950763,0.6166134185303515,0.07755063164443318
0.006618404234950763,0.6174121405750799,0.0775472763790324
0.007161744692081201,0.6174121405750799,0.0736052160526855
0.007161744692081201,0.6182108626198083,0.07348818197363957
0.0072134914022841,0.6182108626198083,0.07325480795550246
0.0072134914022841,0.6198083067092651,0.0731281051329073
0.007270412783507288,0.6198083067092651,0.07292428530428016
0.007270412783507288,0.6206070287539937,0.07289227432590362
0.007389430216973956,0.6206070287539937,0.0723431302612217
0.007389430216973956,0.6214057507987221,0.07224882586876685
0.0074929236373797534,0.6214057507987221,0.0718620256093942
0.0074929236373797534,0.6222044728434505,0.07184316586519607
0.007523971663501493,0.6222044728434505,0.07163848543091718
0.007523971663501493,0.6230031948881789,0.07163381043957033
0.007622290412887001,0.6230031948881789,0.07127707866401388
0.007622290412887001,0.6238019169329073,0.0712444120274681
0.00765333843900874,0.6238019169329073,0.07107838169140455
0.00765333843900874,0.6246006389776357,0.07107150513939188
0.00768956113615077,0.6246006389776357,0.07081447826251965
0.00768956113615077,0.6253993610223643,0.07081255327077549
0.007705085149211639,0.6253993610223643,0.07073626561078712
0.007705085149211639,0.6261980830670927,0.07072588504029367
0.007762006530434827,0.6261980830670927,0.0703976958554197
0.007762006530434827,0.6269968051118211,0.07038500253571257
0.007865499950840625,0.6269968051118211,0.06961170419125055
0.007865499950840625,0.6277955271565495,0.06957597488655713
0.007896547976962365,0.6277955271565495,0.0692784995832971
0.007896547976962365,0.6285942492012779,0.069216334319233
0.008062137449611642,0.6285942492012779,0.06817795556976333
0.008062137449611642,0.6293929712460063,0.06809723282924271
0.00809318547573338,0.6293929712460063,0.06792540547766254
0.00809318547573338,0.6301916932907349,0.06791596657685312
0.00810870948879425,0.6301916932907349,0.06785052644800356
0.00810870948879425,0.6309904153354633,0.06784584172482562
0.00812940817287541,0.6309904153354633,0.06772105743723754
0.00812940817287541,0.6317891373801917,0.06770965714270123
0.008243250935321788,0.6317891373801917,0.06738711344987806
0.008243250935321788,0.6333865814696485,0.06733135935219643
0.008263949619402947,0.6333865814696485,0.06722540881465958
0.008263949619402947,0.634185303514377,0.06721224340221855
0.008300172316544976,0.634185303514377,0.06703598600646278
0.008300172316544976,0.6349840255591054,0.06697230829138666
0.008486460473275411,0.6349840255591054,0.0658613623263001
0.008486460473275411,0.6357827476038339,0.0658499096304387
0.008615827248782659,0.6357827476038339,0.06512357568724293
0.008615827248782659,0.6365814696485623,0.06512090865100326
0.008719320669188456,0.6365814696485623,0.06476857401633045
0.008719320669188456,0.6373801916932907,0.06476513944704604
0.008760718037350776,0.6373801916932907,0.06453629951021504
0.008760718037350776,0.6381789137380192,0.06451353808955647
0.008776242050411645,0.6381789137380192,0.06446414408553948
0.008776242050411645,0.6389776357827476,0.06445821846562727
0.008812464747553674,0.6389776357827476,0.06435993637275964
0.008812464747553674,0.639776357827476,0.06435112400314077
0.008827988760614544,0.639776357827476,0.06429397354100433
0.008827988760614544,0.6405750798722045,0.06428508908195084
0.009117770337750778,0.6405750798722045,0.0630025272524535
0.009117770337750778,0.6413738019169329,0.06298477208681202
0.009190215732034835,0.6413738019169329,0.06278218495809161
0.009190215732034835,0.6421725239616614,0.0627151486209789
0.009205739745095705,0.6421725239616614,0.06261223967343611
0.009205739745095705,0.6429712460063898,0.06261200981740557
0.009324757178562373,0.6429712460063898,0.06224018587881155
0.009324757178562373,0.6437699680511182,0.062176654016868206
0.00947482263815078,0.6437699680511182,0.06148847949760148
0.00947482263815078,0.6445686900958466,0.06148763030875332
0.009619713426718897,0.6445686900958466,0.06099976699997851
0.009619713426718897,0.645367412140575,0.06097050495508948
0.009712857505084114,0.645367412140575,0.060677583968252055
0.009712857505084114,0.6461661341853036,0.06060696126039605
0.009743905531205854,0.6461661341853036,0.060510331244218396
0.009743905531205854,0.646964856230032,0.06051032010212945
0.00986809763569281,0.646964856230032,0.05998138489693402
0.00986809763569281,0.6477635782747604,0.05996706278337082
0.009925019016916,0.6477635782747604,0.05977237045494164
0.009925019016916,0.6485623003194888,0.05975400474934632
0.00995089237201745,0.6485623003194888,0.05970733575577583
0.00995089237201745,0.6493610223642172,0.05966227556242866
0.009997464411200058,0.6493610223642172,0.059484010554124916
0.009997464411200058,0.6501597444089456,0.05947431402547994
0.010069909805484117,0.6501597444089456,0.05917561622745826
0.010069909805484117,0.6509584664536742,0.05914088032212637
0.010132005857727595,0.6509584664536742,0.05893100598391389
0.010132005857727595,0.6517571884984026,0.058915741525619174
0.010178577896910204,0.6517571884984026,0.0588196425965303
0.010178577896910204,0.652555910543131,0.05881779724703537
0.010209625923031942,0.652555910543131,0.058738189640328814
0.010209625923031942,0.6533546325878594,0.058704703688163516
0.010520106184249336,0.6533546325878594,0.05770059046547506
0.010520106184249336,0.6541533546325878,0.057672319916074424
0.010768490393223251,0.6541533546325878,0.05684008094212416
0.010768490393223251,0.6549520766773163,0.05681367707198171
0.010903031839750789,0.6549520766773163,0.05619357919310083
0.010903031839750789,0.6557507987220448,0.05619163525117514
0.011053097299339195,0.6557507987220448,0.055750995410505585
0.011053097299339195,0.6565495207667732,0.05574105048325737
0.011078970654440645,0.6565495207667732,0.05564944296199063
0.011078970654440645,0.6573482428115016,0.05563269237460382
0.01127043348219137,0.6573482428115016,0.05497574514591465
0.01127043348219137,0.65814696485623,0.054975136729288034
0.011865520649524706,0.65814696485623,0.053429386270027926
0.011865520649524706,0.6589456869009584,0.05342333294333748
0.011937966043808765,0.6589456869009584,0.05326936083921383
0.011937966043808765,0.6597444089456869,0.053264750887446734
0.012005236767072533,0.6597444089456869,0.05306511554111454
0.012005236767072533,0.6605431309904153,0.05303489196305505
0.01222257294992471,0.6605431309904153,0.05244639284758507
0.01222257294992471,0.6613418530351438,0.05243606368747482
0.012243271634005869,0.6613418530351438,0.05238896754180105
0.012243271634005869,0.6621405750798722,0.052388540886623994
0.012248446305026158,0.6621405750798722,0.052381434749942134
0.012248446305026158,0.6629392971246006,0.052353610209703666
0.012253620976046448,0.6629392971246006,0.052353129319711054
0.012253620976046448,0.6637380191693291,0.05232594176234492
0.012367463738492825,0.6637380191693291,0.052099201376664885
0.012367463738492825,0.6645367412140575,0.052095917294401634
0.012439909132776884,0.6645367412140575,0.051893743082963746
0.012439909132776884,0.6653354632587859,0.05188805708536988
0.013231633798881237,0.6653354632587859,0.04991275195574426
0.013231633798881237,0.6661341853035144,0.04990880379575225
0.013252332482962396,0.6661341853035144,0.04987058312843917
0.013252332482962396,0.6669329073482428,0.04987008044852854
0.013257507153982686,0.6669329073482428,0.04985647537084391
0.013257507153982686,0.6677316293929713,0.04984777124724695
0.013381699258469644,0.6677316293929713,0.04955091052451008
0.013381699258469644,0.6685303514376997,0.04955043056712097
0.013687004848666745,0.6685303514376997,0.048741236308385186
0.013687004848666745,0.6693290734824281,0.048725541733067514
0.013697354190707325,0.6693290734824281,0.04871082694015588
0.013697354190707325,0.6701277955271565,0.04870032934899924
0.013831895637234862,0.6701277955271565,0.048459932273859495
0.013831895637234862,0.670926517571885,0.04845733220246332
0.013919865044579791,0.670926517571885,0.04829860016176088
0.013919865044579791,0.6717252396166135,0.0482866371535169
0.014168249253553705,0.6717252396166135,0.04771282338654808
0.014168249253553705,0.6725239616613419,0.04768154523471531
0.014230345305797185,0.6725239616613419,0.04755490666032626
0.014230345305797185,0.6733226837060703,0.04755328894303639
0.014318314713142112,0.6733226837060703,0.04737032949134284
0.014318314713142112,0.6741214057507987,0.047354260561062886
0.015254930167814582,0.6741214057507987,0.04537522056717541
0.015254930167814582,0.6749201277955271,0.04536667646387854
0.015394646285362409,0.6749201277955271,0.04500349155676471
0.015394646285362409,0.6757188498402555,0.044991177015277925
0.01566890384943777,0.6757188498402555,0.044484589428088965
0.01566890384943777,0.6765175718849841,0.04448300343277395
0.016051829504939222,0.6765175718849841,0.04382359495381087
0.016051829504939222,0.6773162939297125,0.04381489574691799
0.01620706963554792,0.6773162939297125,0.04356753770433138
0.01620706963554792,0.6781150159744409,0.043562669191017894
0.01679698213186097,0.6781150159744409,0.04264661853137637
0.01679698213186097,0.6789137380191693,0.04263598318843999
0.01715403443226097,0.6789137380191693,0.04199549457027991
0.01715403443226097,0.6797124600638977,0.04198528804593895
0.01750591206164068,0.6797124600638977,0.041450672791219674
0.01750591206164068,0.6805111821086262,0.04143329917512029
0.018328684753866772,0.6805111821086262,0.0402837080342351
0.018328684753866772,0.6813099041533547,0.040278060365943405
0.01899621731548417,0.6813099041533547,0.03929788742484916
0.01899621731548417,0.6821086261980831,0.03929748998878883
0.019125584090991417,0.6821086261980831,0.03909781211894075
0.019125584090991417,0.6829073482428115,0.0390931846563073
0.020191566321171132,0.6829073482428115,0.037645611484165446
0.020191566321171132,0.6837060702875399,0.037643899092721825
0.02077630414646389,0.6837060702875399,0.0368413096592049
0.02077630414646389,0.6845047923322684,0.03683939098659706
0.020817701514626207,0.6845047923322684,0.03676377893676815
0.020817701514626207,0.6853035143769968,0.036758290078193555
0.021319644603594326,0.6853035143769968,0.03612121172802547
0.021319644603594326,0.6861022364217252,0.036109534284724625
0.02157837815460882,0.6861022364217252,0.03584233963084252
0.02157837815460882,0.6869009584664537,0.03583933750813332
0.02158355282562911,0.6869009584664537,0.03583020240654356
0.02158355282562911,0.6876996805111821,0.03581832086599767
0.022163115979901577,0.6876996805111821,0.035121489726022
0.022163115979901577,0.6884984025559105,0.03511731618302577
0.022602963016626218,0.6884984025559105,0.034635172192025915
0.022602963016626218,0.689297124600639,0.0346309254156197
0.023275670249263903,0.689297124600639,0.03397519986730882
0.023275670249263903,0.6900958466453674,0.03397076116821493
0.02386040807455666,0.6900958466453674,0.03339664536102802
0.02386040807455666,0.6916932907348243,0.033389401862713594
0.02387075741659724,0.6916932907348243,0.03338636232796735
0.02387075741659724,0.6924920127795527,0.033382267250302515
0.02388110675863782,0.6924920127795527,0.033375237888364453
0.02388110675863782,0.6932907348242812,0.033351112782907914
0.02615278733654508,0.6932907348242812,0.031497228340054986
0.02615278733654508,0.6940894568690096,0.03148352161477752
0.02642187022960015,0.6940894568690096,0.03133282048694112
0.02642187022960015,0.694888178913738,0.03132934233967929
0.029583594222997275,0.694888178913738,0.028932175308462472
0.029583594222997275,0.6956869009584664,0.028927904307393178
0.029956170536458146,0.6956869009584664,0.028627037070246726
0.029956170536458146,0.6964856230031949,0.028625058656016233
0.03024077744257409,0.6964856230031949,0.02843835023927767
0.03024077744257409,0.6972843450479234,0.028433726783388454
0.03051503500664945,0.6972843450479234,0.028231144809576524
0.03051503500664945,0.6980830670926518,0.028230021759053113
0.03144130111928134,0.6980830670926518,0.027545740253717924
0.03144130111928134,0.6988817891373802,0.027544067330989998
0.03194324420824946,0.6988817891373802,0.027248210703682985
0.03194324420824946,0.6996805111821086,0.027245539897047238
0.03225889914048714,0.6996805111821086,0.027051213629492806
0.03225889914048714,0.700479233226837,0.027051209546197014
0.03256420473068425,0.700479233226837,0.02687539731282101
0.03256420473068425,0.7012779552715654,0.026871777779225583
0.035689706026939334,0.7012779552715654,0.0251678086477682
0.035689706026939334,0.702076677316294,0.025165475197268226
0.03621752247100891,0.702076677316294,0.024853532742184235
0.03621752247100891,0.7028753993610224,0.024852148457357826
0.03653317740324659,0.7028753993610224,0.02466671983596574
0.03653317740324659,0.7036741214057508,0.024665295375777087
0.03700407246609297,0.7036741214057508,0.024447669011913437
0.03700407246609297,0.7044728434504792,0.02444612181814603
0.037557762265263986,0.7044728434504792,0.024190610265227234
0.037557762265263986,0.7052715654952076,0.024186858951596727
0.03794068792076544,0.7052715654952076,0.024007198848837463
0.03794068792076544,0.7060702875399361,0.024003721125828815
0.03823564416892196,0.7060702875399361,0.023822504617071426
0.03823564416892196,0.7068690095846646,0.02382001591407333
0.038546124430139356,0.7068690095846646,0.023664895176744388
0.038546124430139356,0.707667731629393,0.0236645110723557
0.03975699744888719,0.707667731629393,0.023069088685405227
0.03975699744888719,0.7084664536741214,0.023066082971402765
0.03976217211990748,0.7084664536741214,0.023064642016658178
0.03976217211990748,0.7092651757188498,0.023063437573527166
0.03992258692153646,0.7092651757188498,0.02297716653396637
0.03992258692153646,0.7100638977635783,0.022975444907912958
0.04047627672070748,0.7100638977635783,0.02274149787010652
0.04047627672070748,0.7108626198083067,0.0227403208209852
0.041304224083953865,0.7108626198083067,0.022402295305462123
0.041304224083953865,0.7116613418530351,0.02240100787985719
0.0421011234210785,0.7116613418530351,0.02208150716223518
0.0421011234210785,0.7124600638977636,0.022079935225592748
0.04214769546026111,0.7124600638977636,0.022063660411374957
0.04214769546026111,0.713258785942492,0.022062976435570276
0.043456887228394456,0.713258785942492,0.021511111793887084
0.043456887228394456,0.7140575079872205,0.021510602153534772
0.04418134117123504,0.7140575079872205,0.02123440770077403
0.04418134117123504,0.7148562300319489,0.021227484134895145
0.044331406630823446,0.7148562300319489,0.021175153726871346
0.044331406630823446,0.7156549520766773,0.021174094728258874
0.044662585576121995,0.7156549520766773,0.02104976579187933
0.044662585576121995,0.7164536741214057,0.0210487863157659
0.04550605695242925,0.7164536741214057,0.020723114678318666
0.04550605695242925,0.7172523961661342,0.020720068931970873
0.04849184213113651,0.7172523961661342,0.019668908531379117
0.04849184213113651,0.7180511182108626,0.019668351711741625
0.04931461482336261,0.7180511182108626,0.019410654828148844
0.04931461482336261,0.7188498402555911,0.01941009116217473
0.04960439640049884,0.7188498402555911,0.019316389105794925
0.04960439640049884,0.7196485623003195,0.01931580227357985
0.050608282578435075,0.7196485623003195,0.01899964478750819
0.050608282578435075,0.7204472843450479,0.01899903752993835
0.05069107731475971,0.7204472843450479,0.018979322415797265
0.05069107731475971,0.7212460063897763,0.018978849098261082
0.05086184145842928,0.7212460063897763,0.018932225588909567
0.05086184145842928,0.7220447284345048,0.01893159420046999
0.051193020403727835,0.7220447284345048,0.018821982743481385
0.051193020403727835,0.7236421725239617,0.018820867253773067
0.051689788821675665,0.7236421725239617,0.01865392668923834
0.051689788821675665,0.7244408945686901,0.01865381174720738
0.0531024740102148,0.7244408945686901,0.018256168733962356
0.0531024740102148,0.7252396166134185,0.018255018667849017
0.05328876216694524,0.7252396166134185,0.018212630033257078
0.05328876216694524,0.7260383386581469,0.018211954303868114
0.05386832532121771,0.7260383386581469,0.018028694628649856
0.05386832532121771,0.7268370607028753,0.01802713340147756
0.05416328156937423,0.7268370607028753,0.01793833001666866
0.05416328156937423,0.7276357827476039,0.017937769118356928
0.05476871807874814,0.7276357827476039,0.017766606910952363
0.05476871807874814,0.7284345047923323,0.01776449387650942
0.054779067420788724,0.7284345047923323,0.017763120139657487
0.054779067420788724,0.7292332268370607,0.017760069455339065
0.055136119721188724,0.7292332268370607,0.01766255692116646
0.055136119721188724,0.7300319488817891,0.01766005245582613
0.05522408912853365,0.7300319488817891,0.01763706700359688
0.05522408912853365,0.7308306709265175,0.017636562914078467
0.05544659998240612,0.7308306709265175,0.017570552789046907
0.05544659998240612,0.731629392971246,0.0175703290794274
0.056621250304011925,0.731629392971246,0.017285370073572358
0.056621250304011925,0.7324281150159745,0.01728423277253043
0.057495769706440915,0.7324281150159745,0.01702336496731242
0.057495769706440915,0.7332268370607029,0.017022523581916867
0.05757338977174526,0.7332268370607029,0.017004318699127444
0.05757338977174526,0.7340255591054313,0.017003076804713253
0.05813225424193657,0.7340255591054313,0.016854235542868762
0.05813225424193657,0.7348242811501597,0.016851648699624813
0.05853587858151918,0.7348242811501597,0.01674229762374062
0.05853587858151918,0.7356230031948882,0.016740405629961767
0.058815310816614834,0.7356230031948882,0.01666992922501473
0.058815310816614834,0.7364217252396166,0.016669665322635776
0.059084393709669905,0.7364217252396166,0.016612280229359486
0.059084393709669905,0.737220447284345,0.01661219053914732
0.06032114008351919,0.737220447284345,0.01631357809904948
0.06032114008351919,0.7380191693290735,0.01631031283910777
0.06078686047534528,0.7380191693290735,0.016201781022464504
0.06078686047534528,0.7388178913738019,0.01620075030978107
0.06126293020921195,0.7388178913738019,0.016078349564513473
0.06126293020921195,0.7396166134185304,0.016073506029709084
0.06134572494553659,0.7396166134185304,0.016055632255945477
0.06134572494553659,0.7404153354632588,0.01605560562415849
0.06156306112838876,0.7404153354632588,0.01600358128381483
0.06156306112838876,0.7412140575079872,0.016002411703571567
0.06485415189729313,0.7412140575079872,0.0152167535038142
0.06485415189729313,0.7420127795527156,0.015215530991826721
0.06693954431846995,0.7420127795527156,0.014747458557452912
0.06693954431846995,0.7428115015974441,0.014746991004036978
0.06744666207845836,0.7428115015974441,0.014630272932140498
0.06744666207845836,0.7436102236421726,0.014628492670827144
0.06828495878374533,0.7436102236421726,0.014478111880021077
0.06828495878374533,0.744408945686901,0.01447782941668889
0.06916982752821489,0.744408945686901,0.014306557741595964
0.06916982752821489,0.7452076677316294,0.01430536307632241
0.07429275183830188,0.7452076677316294,0.013327023507010382
0.07429275183830188,0.7460063897763578,0.013324159012344251
0.07652820971906711,0.7460063897763578,0.012959310631161854
0.07652820971906711,0.7468051118210862,0.0129589241333391
0.07753727056802363,0.7468051118210862,0.012775719566022005
0.07753727056802363,0.7476038338658147,0.012775188343741577
0.07833416990514828,0.7476038338658147,0.012644527904006147
0.07833416990514828,0.7484025559105432,0.012644428535665176
0.08104052284875989,0.7484025559105432,0.012238734832656752
0.08104052284875989,0.7492012779552716,0.012238038786734174
0.08245320803729903,0.7492012779552716,0.012014424758142798
0.08245320803729903,0.75,0.01201433231569965
0.0827274656013744,0.75,0.011968718996957955
0.0827274656013744,0.7507987220447284,0.011967492920905595
0.08279473632463816,0.7507987220447284,0.011958096040611283
0.08279473632463816,0.7515974440894568,0.011957718977490754
0.08320353533524107,0.7515974440894568,0.011901519531077464
0.08320353533524107,0.7523961661341853,0.011899195141541252
0.08320871000626136,0.7523961661341853,0.011897573663069263
0.08320871000626136,0.7531948881789138,0.011897320479453318
0.08325528204544395,0.7531948881789138,0.011893300154464761
0.08325528204544395,0.7539936102236422,0.011889766478929158
0.08501984486336281,0.7539936102236422,0.01163950242967567
0.08501984486336281,0.7547923322683706,0.011638252733450852
0.08540277051886426,0.7547923322683706,0.011586837372481833
0.08540277051886426,0.755591054313099,0.011585750976218495
0.08662916755067297,0.755591054313099,0.011419736162100128
0.08662916755067297,0.7563897763578274,0.011419311064447858
0.08843512773675413,0.7563897763578274,0.01117512764837076
0.08843512773675413,0.7571884984025559,0.01117470497529019
0.09019969055467299,0.7571884984025559,0.010933275810929658
0.09019969055467299,0.7579872204472844,0.01093243675215902
0.09038597871140343,0.7579872204472844,0.01091283548940723
0.09038597871140343,0.7587859424920128,0.010912598070074808
0.0932630957986846,0.7587859424920128,0.010544808796954753
0.0932630957986846,0.7595846645367412,0.010543255654555432
0.09416348855621504,0.7595846645367412,0.010444359203471738
0.09416348855621504,0.7603833865814696,0.010443864891152607
0.09797722109816868,0.7603833865814696,0.009974188592507705
0.09797722109816868,0.7611821086261981,0.009971752146115788
0.09962794115364115,0.7611821086261981,0.009780334377991216
0.09962794115364115,0.7619808306709265,0.009780302759960403
0.09968486253486435,0.7619808306709265,0.009774908444867284
0.09968486253486435,0.762779552715655,0.009774195990608844
0.10224115001888755,0.762779552715655,0.009472752321706402
0.10224115001888755,0.7635782747603834,0.009472221216717815
0.10513379111922959,0.7635782747603834,0.009177612168429194
0.10513379111922959,0.7643769968051118,0.009177589878209923
0.10580649835186728,0.7643769968051118,0.009112527095261098
0.10580649835186728,0.7651757188498403,0.009112340731533997
0.10742617038121802,0.7651757188498403,0.008963792654834792
0.10742617038121802,0.7659744408945687,0.008963108865808665
0.10776252399753686,0.7659744408945687,0.008928464077250592
0.10776252399753686,0.7667731629392971,0.008928215044504863
0.11353228218516008,0.7667731629392971,0.008387020450026981
0.11353228218516008,0.7675718849840255,0.008386398352901543
0.11403939994514849,0.7675718849840255,0.008340816814570277
0.11403939994514849,0.768370607028754,0.008340008785235891
0.11449994566595428,0.768370607028754,0.008304762340934656
0.11449994566595428,0.7691693290734825,0.008304713055571846
0.11668883150753691,0.7691693290734825,0.008120324085440833
0.11668883150753691,0.7699680511182109,0.008119638833976373
0.11718042525446445,0.7699680511182109,0.008078270390723867
0.11718042525446445,0.7707667731629393,0.008077772811180271
0.1175633509099659,0.7707667731629393,0.008046753185018943
0.1175633509099659,0.7715654952076677,0.008046705783533083
0.1207871709556065,0.7715654952076677,0.00776565411400091
0.1207871709556065,0.7723642172523961,0.007764791185530117
0.1210924765458036,0.7723642172523961,0.007742028005145192
0.1210924765458036,0.7731629392971247,0.0077415401705836755
0.12758151400524712,0.7731629392971247,0.007254750461654347
0.12758151400524712,0.7739616613418531,0.007254366669098894
0.13381699258469643,0.7739616613418531,0.006829934677634196
0.13381699258469643,0.7747603833865815,0.006829580892199816
0.13483122810467324,0.7747603833865815,0.006757440726436519
0.13483122810467324,0.7755591054313099,0.006756673314066908
0.13579889158546746,0.7755591054313099,0.00669159526147774
0.13579889158546746,0.7763578274760383,0.0066915582744526666
0.13765142381073123,0.7763578274760383,0.006569063043175387
0.13765142381073123,0.7771565495207667,0.006568726538536512
0.14117537477554865,0.7771565495207667,0.006340991969730581
0.14117537477554865,0.7779552715654952,0.00634095287653258
0.14453891093873708,0.7779552715654952,0.00614532242040873
0.14453891093873708,0.7787539936102237,0.0061438456950841025
0.1459050240880936,0.7787539936102237,0.006069198898204091
0.1459050240880936,0.7795527156549521,0.006068348428775803
0.14780930302356027,0.7795527156549521,0.00595926547657221
0.14780930302356027,0.7803514376996805,0.005959175928568726
0.1487303944651719,0.7803514376996805,0.005905017280687279
0.1487303944651719,0.7811501597444089,0.005903993828224885
0.15303054608303276,0.7811501597444089,0.005690268715522097
0.15303054608303276,0.7819488817891374,0.005689984926710055
0.15503831843890525,0.7819488817891374,0.005595851832362414
0.15503831843890525,0.7827476038338658,0.005594625606975067
0.1612117009661111,0.7827476038338658,0.0052987839249536905
0.1612117009661111,0.7835463258785943,0.005298772781234617
0.16134624241263862,0.7835463258785943,0.005291344219390225
0.16134624241263862,0.7843450479233227,0.00529109426554252
0.16259851279954876,0.7843450479233227,0.0052304797069637745
0.16259851279954876,0.7851437699680511,0.005230461017820593
0.16695041112761255,0.7851437699680511,0.005042993366827735
0.16695041112761255,0.7859424920127795,0.005042749400382872
0.167136699284343,0.7859424920127795,0.005033428123272573
0.167136699284343,0.786741214057508,0.005033364377467352
0.17166453642709664,0.786741214057508,0.004842034206514617
0.17166453642709664,0.7875399361022364,0.00484197347991308
0.17238899036993724,0.7875399361022364,0.004812291600154113
0.17238899036993724,0.7883386581469649,0.004812001999304627
0.17560763574455754,0.7883386581469649,0.004674885579661134
0.17560763574455754,0.7891373801916933,0.004674881755787911
0.17585084528251116,0.7891373801916933,0.0046648250167555015
0.17585084528251116,0.7899361022364217,0.004664290139334543
0.17781204559920102,0.7899361022364217,0.004591260422705364
0.17781204559920102,0.7907348242811502,0.004590865484280653
0.18281595247582136,0.7907348242811502,0.004408241957298906
0.18281595247582136,0.7915335463258786,0.004408193480941527
0.18465296068802425,0.7915335463258786,0.004345493256774021
0.18465296068802425,0.792332268370607,0.004345407154890372
0.19200616820785618,0.792332268370607,0.004077781048088057
0.19200616820785618,0.7931309904153354,0.004077687192498612
0.19375003234169388,0.7931309904153354,0.004022030634395428
0.19375003234169388,0.7939297124600639,0.004022008074438651
0.19839688691791418,0.7939297124600639,0.003871236825803343
0.19839688691791418,0.7947284345047924,0.00387118861477071
0.20119120926887074,0.7947284345047924,0.0037859790079716616
0.20119120926887074,0.7955271565495208,0.003785734132602507
0.20164140564763594,0.7955271565495208,0.00377176262988548
0.20164140564763594,0.7963258785942492,0.0037710997826833487
0.20799590166055193,0.7963258785942492,0.0035767120915787226
0.20799590166055193,0.7971246006389776,0.003576601088444113
0.20879797566869687,0.7971246006389776,0.003553145335617711
0.20879797566869687,0.797923322683706,0.0035529959072335957
0.20900496250950845,0.797923322683706,0.0035479765480310407
0.20900496250950845,0.7987220447284346,0.0035475215959409265
0.21104895756252295,0.7987220447284346,0.0034914988089269584
0.21104895756252295,0.799520766773163,0.0034914978876982106
0.21281869505146211,0.799520766773163,0.0034431329368253185
0.21281869505146211,0.8003194888178914,0.0034431110364260614
0.2155871440473172,0.8003194888178914,0.003370406032879412
0.2155871440473172,0.8011182108626198,0.003370362927147088
0.21940605126029114,0.8011182108626198,0.0032726784875637435
0.21940605126029114,0.8019169329073482,0.0032726158627422045
0.22087048315903315,0.8019169329073482,0.003235673785903323
0.22087048315903315,0.8027156549520766,0.0032356497952801305
0.22099467526352012,0.8027156549520766,0.0032327456525035134
0.22099467526352012,0.8035143769968051,0.0032327214239714196
0.2259778834560593,0.8035143769968051,0.00310038468376463
0.2259778834560593,0.8043130990415336,0.003100127328889258
0.2308731222412535,0.8043130990415336,0.0029745781092491074
0.2308731222412535,0.805111821086262,0.002974221126265729
0.23586150510481296,0.805111821086262,0.002856830994567076
0.23586150510481296,0.8059105431309904,0.0028567427797539257
0.2461280524090681,0.8059105431309904,0.0026279068552035613
0.2461280524090681,0.8067092651757188,0.0026278828796471067
0.24829623956656954,0.8067092651757188,0.002582847464317016
0.24829623956656954,0.8075079872204473,0.0025828156891700505
0.2641410822306972,0.8075079872204473,0.0022841473720714364
0.2641410822306972,0.8083067092651757,0.0022840898484871477
0.2670026753049175,0.8083067092651757,0.0022339347961255994
0.2670026753049175,0.8091054313099042,0.002233933669903983
0.2679030680624479,0.8091054313099042,0.002216652437831126
0.2679030680624479,0.8099041533546326,0.0022166219443251313
0.2689897489767088,0.8099041533546326,0.0021991260338388094
0.2689897489767088,0.810702875399361,0.002199078710236093
0.2708888532411552,0.810702875399361,0.0021667987558466606
0.2708888532411552,0.8115015974440895,0.0021666490369487866
0.2723481104688769,0.8115015974440895,0.0021423295748416657
0.2723481104688769,0.8123003194888179,0.002142300497631255
0.2850984998628712,0.8123003194888179,0.0019524665755973059
0.2850984998628712,0.8130990415335463,0.00195223186641588
0.2901748521337756,0.8130990415335463,0.0018764476821514233
0.2901748521337756,0.8138977635782748,0.001876372363247606
0.29050085640805384,0.8138977635782748,0.0018720559317435218
0.29050085640805384,0.8146964856230032,0.0018719481683033327
0.29495107348550315,0.8146964856230032,0.0018152973319750007
0.29495107348550315,0.8154952076677316,0.0018152844347288837
0.2967725576846452,0.8154952076677316,0.001790376915583055
0.2967725576846452,0.8162939297124601,0.0017903030566368504
0.2985733431997061,0.8162939297124601,0.00176651389513328
0.2985733431997061,0.8170926517571885,0.0017664562973188586
0.2994789106282568,0.8170926517571885,0.0017525597499879644
0.2994789106282568,0.8178913738019169,0.00175247619799837
0.29976869220539304,0.8178913738019169,0.0017474586649854113
0.29976869220539304,0.8186900958466453,0.001747345836169947
0.30109340798658724,0.8186900958466453,0.0017305410787006733
0.30109340798658724,0.8194888178913738,0.001730538285700522
0.30225770896615245,0.8194888178913738,0.0017163212519128856
0.30225770896615245,0.8202875399361023,0.0017163191296302052
0.30487091783139886,0.8202875399361023,0.0016858514512974145
0.30487091783139886,0.8210862619808307,0.0016858075421548556
0.30566264249750325,0.8210862619808307,0.0016739032584767728
0.30566264249750325,0.8218849840255591,0.001673867297767765
0.30661478196523656,0.8218849840255591,0.0016598876439887804
0.30661478196523656,0.8226837060702875,0.0016598728351601285
0.3067493234117641,0.8226837060702875,0.0016580667842431306
0.3067493234117641,0.8234824281150159,0.0016579439349113307
0.30748930136766556,0.8234824281150159,0.0016489695875602582
0.30748930136766556,0.8242811501597445,0.0016489632272545958
0.3081154365611206,0.8242811501597445,0.0016431753520215761
0.3081154365611206,0.8250798722044729,0.0016431473864635142
0.30978168062965394,0.8250798722044729,0.0016234305716758472
0.30978168062965394,0.8258785942492013,0.001623396636236083
0.3101232089169931,0.8258785942492013,0.0016189580521026477
0.3101232089169931,0.8266773162939297,0.0016189223166848208
0.3109511562802395,0.8266773162939297,0.0016091242732016995
0.3109511562802395,0.8274760383386581,0.0016089834157750342
0.31260187633571196,0.8274760383386581,0.0015900443900017005
0.31260187633571196,0.8282747603833865,0.001590026064759043
0.3137403039601757,0.8282747603833865,0.0015775226595406808
0.3137403039601757,0.829073482428115,0.0015774152785208995
0.31792661281559026,0.829073482428115,0.0015311371984842936
0.31792661281559026,0.8298722044728435,0.001531104029695897
0.32063814043022215,0.8298722044728435,0.0015015510098265975
0.32063814043022215,0.8306709265175719,0.0015015454841455173
0.3235877029117874,0.8306709265175719,0.001470865406713815
0.3235877029117874,0.8314696485623003,0.0014708297654721775
0.32589043151581637,0.8314696485623003,0.0014481322754295114
0.32589043151581637,0.8322683706070287,0.0014481228303491129
0.32640272394682507,0.8322683706070287,0.001442148337126241
0.32640272394682507,0.8330670926517572,0.001441970836079765
0.326651108155799,0.8330670926517572,0.0014394603467198566
0.326651108155799,0.8338658146964856,0.001439447488026222
0.33306770022095844,0.8338658146964856,0.001373645641957538
0.33306770022095844,0.8346645367412141,0.0013736167092377085
0.33348684857360195,0.8346645367412141,0.0013694023929405044
0.33348684857360195,0.8354632587859425,0.001369384364557894
0.33537042882498747,0.8354632587859425,0.001351941898203038
0.33537042882498747,0.8362619808306709,0.0013519090697544846
0.33653990447557297,0.8362619808306709,0.001340136479305754
0.33653990447557297,0.8370607028753994,0.001340087040609902
0.3414196192477063,0.8370607028753994,0.0012967375766445009
0.3414196192477063,0.8378594249201278,0.0012966162168886158
0.34210785049340486,0.8378594249201278,0.0012911371978969574
0.34210785049340486,0.8386581469648562,0.0012911245542014534
0.343484312984802,0.8386581469648562,0.0012807414528876629
0.343484312984802,0.8394568690095847,0.0012807060573644588
0.3457766922467904,0.8394568690095847,0.0012612704626532533
0.3457766922467904,0.8402555910543131,0.001261265930195593
0.34632520737494116,0.8402555910543131,0.0012568835015111242
0.34632520737494116,0.8410543130990416,0.0012568359285357342
0.34715315473818753,0.8410543130990416,0.0012497637713609023
0.34715315473818753,0.84185303514377,0.0012497264803931173
0.3471738534222687,0.84185303514377,0.0012495532462716867
0.3471738534222687,0.8426517571884984,0.0012494944295966385
0.34764474848511506,0.8426517571884984,0.0012452077442896906
0.34764474848511506,0.8434504792332268,0.0012451693497544476
0.3481880889422455,0.8434504792332268,0.0012402396569320333
0.3481880889422455,0.8442492012779552,0.0012402005302405593
0.34953867807854117,0.8442492012779552,0.0012274186570474296
0.34953867807854117,0.8450479233226837,0.001227337068763503
0.35102898333238464,0.8450479233226837,0.0012145596381787063
0.35102898333238464,0.8458466453674122,0.0012144801829268687
0.35138086096176435,0.8458466453674122,0.0012113867176097304
0.35138086096176435,0.8466453674121406,0.0012113753764028447
0.3523588737845991,0.8466453674121406,0.001204076993477933
0.3523588737845991,0.847444089456869,0.0012040517081170854
0.3526538300327557,0.847444089456869,0.0012015148644530626
0.3526538300327557,0.8482428115015974,0.00120139629452465
0.3546357290335267,0.8482428115015974,0.0011847780985754209
0.3546357290335267,0.8490415335463258,0.001184768997696075
0.3554015803445296,0.8490415335463258,0.0011786508966337317
0.3554015803445296,0.8498402555910544,0.0011786434014062167
0.35743005138448325,0.8498402555910544,0.0011622452473847493
0.35743005138448325,0.8506389776357828,0.0011621683336565168
0.36136280135990356,0.8506389776357828,0.0011307864601818919
0.36136280135990356,0.8514376996805112,0.0011307247027253144
0.3614973428064311,0.8514376996805112,0.0011296937351181636
0.3614973428064311,0.8522364217252396,0.0011296856142472798
0.36227354345947455,0.8522364217252396,0.001123856571751916
0.36227354345947455,0.853035143769968,0.0011238543088315058
0.3637845473973992,0.853035143769968,0.00111253204883955
0.3637845473973992,0.8538338658146964,0.0011124901735812414
0.3663977562626456,0.8538338658146964,0.001093349916576362
0.3663977562626456,0.854632587859425,0.0010933209508640835
0.36641328027570647,0.854632587859425,0.0010931198101067846
0.36641328027570647,0.8554313099041534,0.0010930038305248144
0.37080140130091227,0.8554313099041534,0.0010621794554628403
0.37080140130091227,0.8562300319488818,0.0010621696177971767
0.3727367282625007,0.8562300319488818,0.0010492351743431048
0.3727367282625007,0.8570287539936102,0.0010492201780089
0.37833572230645435,0.8570287539936102,0.001010274230747683
0.37833572230645435,0.8578274760383386,0.0010102014846508653
0.37897220684195004,0.8578274760383386,0.0010058696204400632
0.37897220684195004,0.8586261980830671,0.0010058647238522342
0.3809282324876196,0.8586261980830671,0.000993008887361616
0.3809282324876196,0.8594249201277955,0.0009930025617814987
0.38137842886638484,0.8594249201277955,0.0009900329549678872
0.38137842886638484,0.860223642172524,0.0009900264290364082
0.38263587392431525,0.860223642172524,0.0009809245349132255
0.38263587392431525,0.8610223642172524,0.0009808897658596322
0.3839916377316312,0.8610223642172524,0.000972298460622307
0.3839916377316312,0.8618210862619808,0.0009722923926709625
0.3850265719356892,0.8618210862619808,0.0009664681520288802
0.3850265719356892,0.8626198083067093,0.0009664646504223134
0.386682466662182,0.8626198083067093,0.000955383433248425
0.386682466662182,0.8634185303514377,0.0009553533098789676
0.3867031653462631,0.8634185303514377,0.0009552115606377915
0.3867031653462631,0.8642172523961661,0.0009551124922371535
0.3892594528302863,0.8642172523961661,0.0009385449900481338
0.3892594528302863,0.8650159744408946,0.0009384676373034642
0.3907756314392313,0.8650159744408946,0.0009291997138482588
0.3907756314392313,0.865814696485623,0.0009290691647105384
0.3911119850555501,0.865814696485623,0.0009270919519980447
0.3911119850555501,0.8666134185303515,0.0009270649722239023
0.3952931192399443,0.8666134185303515,0.0009011494968691597
0.3952931192399443,0.8674121405750799,0.0009011058778956464
0.39613141594523127,0.8674121405750799,0.0008959613208904562
0.39613141594523127,0.8682108626198083,0.0008959559540215382
0.39957774684474434,0.8682108626198083,0.0008761157133629625
0.39957774684474434,0.8690095846645367,0.0008761084872416079
0.40189599946183424,0.8690095846645367,0.0008615544977007833
0.40189599946183424,0.8698083067092651,0.0008614677731128377
0.4019322221589762,0.8698083067092651,0.0008611670561426291
0.4019322221589762,0.8706070287539937,0.0008611463265096438
0.4022530517622342,0.8706070287539937,0.0008591732590138006
0.4022530517622342,0.8714057507987221,0.0008591243066134466
0.40326211261119077,0.8714057507987221,0.0008534856929188071
0.40326211261119077,0.8722044728434505,0.0008534730254316229
0.40432292017035015,0.8722044728434505,0.0008471966570570815
0.40432292017035015,0.8730031948881789,0.0008471883606406586
0.4051508675335965,0.8730031948881789,0.0008418833182344524
0.4051508675335965,0.8738019169329073,0.0008418278804774359
0.4066929194976429,0.8738019169329073,0.000832975511180365
0.4066929194976429,0.8746006389776357,0.0008329052913827285
0.40725178396783424,0.8746006389776357,0.000829668947148985
0.40725178396783424,0.8753993610223643,0.0008296643302039854
0.40782617245108643,0.8753993610223643,0.0008268122040974467
0.40782617245108643,0.8761980830670927,0.0008267695056066282
0.40914571356126034,0.8761980830670927,0.0008191238396643021
0.40914571356126034,0.8769968051118211,0.0008191022111965013
0.4091819362584024,0.8769968051118211,0.0008189594567119653
0.4091819362584024,0.8777955271565495,0.0008188846876564676
0.409906390201243,0.8777955271565495,0.0008149037992738388
0.409906390201243,0.8785942492012779,0.000814825234505042
0.4107188135514285,0.8785942492012779,0.0008105040519305017
0.4107188135514285,0.8793929712460063,0.0008104944239138144
0.4115726342697763,0.8793929712460063,0.0008061195869436608
0.4115726342697763,0.8801916932907349,0.0008060362438265807
0.4132026556411676,0.8801916932907349,0.0007979235122550167
0.4132026556411676,0.8809904153354633,0.0007978431627273391
0.4150189651692894,0.8809904153354633,0.0007886101378667584
0.4150189651692894,0.8817891373801917,0.0007885984229164257
0.415101759905614,0.8817891373801917,0.0007881110643271277
0.415101759905614,0.8825878594249201,0.0007881005935210106
0.41606424871538794,0.8825878594249201,0.000782669233007394
0.41606424871538794,0.8833865814696485,0.0007826688027262139
0.4164833970680314,0.8833865814696485,0.000780693496908086
0.4164833970680314,0.884185303514377,0.0007806354660709551
0.4194691822467387,0.884185303514377,0.0007659209803566455
0.4194691822467387,0.8849840255591054,0.0007659158309818853
0.4204316710565126,0.8849840255591054,0.0007610065286770362
0.4204316710565126,0.8857827476038339,0.0007609775110811976
0.4238469539299039,0.8857827476038339,0.0007445389904626998
0.4238469539299039,0.8865814696485623,0.0007444572542256948
0.4239970193894923,0.8865814696485623,0.0007437644651964149
0.4239970193894923,0.8873801916932907,0.0007437480137310669
0.4269000098318749,0.8873801916932907,0.0007311055503086915
0.4269000098318749,0.8881789137380192,0.0007310813411799557
0.4269879792392199,0.8881789137380192,0.0007307782762801388
0.4269879792392199,0.8889776357827476,0.0007307505341245214
0.42700867792330105,0.8889776357827476,0.0007307048268581425
0.42700867792330105,0.889776357827476,0.0007306922998096635
0.43053780355913873,0.889776357827476,0.0007140653442511195
0.43053780355913873,0.8905750798722045,0.0007140102006542845
0.43124673348891845,0.8905750798722045,0.0007108608467112652
0.43124673348891845,0.8913738019169329,0.0007108510386111094
0.43150029236891263,0.8913738019169329,0.0007098213354979128
0.43150029236891263,0.8921725239616614,0.0007098198551488593
0.4330526936749996,0.8921725239616614,0.0007023339422615659
0.4330526936749996,0.8929712460063898,0.000702300031261787
0.4335649861060083,0.8929712460063898,0.0007000452322115106
0.4335649861060083,0.8937699680511182,0.0007000096370406842
0.43527780221372425,0.8937699680511182,0.000691902109051377
0.43527780221372425,0.8945686900958466,0.00069186256495728
0.435826317341875,0.8945686900958466,0.000689516754077271
0.435826317341875,0.895367412140575,0.0006895020935873078
0.437218303846333,0.895367412140575,0.0006828228589616004
0.437218303846333,0.8961661341853036,0.0006828163536050506
0.4380669498936605,0.8961661341853036,0.0006785375845969403
0.4380669498936605,0.896964856230032,0.0006785114682268244
0.44045764790503444,0.896964856230032,0.0006683632922755118
0.44045764790503444,0.8977635782747604,0.0006683238530029649
0.4414356607278692,0.8977635782747604,0.0006641447025871582
0.4414356607278692,0.8985623003194888,0.0006641104208858006
0.4420980186184663,0.8985623003194888,0.0006613769491928741
0.4420980186184663,0.8993610223642172,0.0006613555003566329
0.44506827978411273,0.8993610223642172,0.0006483818646780606
0.44506827978411273,0.9001597444089456,0.0006483711130470213
0.4472209429285533,0.9001597444089456,0.0006398282807458737
0.4472209429285533,0.9009584664536742,0.0006397994569790958
0.4472675149677359,0.9009584664536742,0.0006395772646622803
0.4472675149677359,0.9017571884984026,0.0006395761619861313
0.44847321331546347,0.9017571884984026,0.0006348098751669824
0.44847321331546347,0.902555910543131,0.000634788165262979
0.4488302656158635,0.902555910543131,0.0006333859992388824
0.4488302656158635,0.9033546325878594,0.0006333656598061527
0.4509570554052026,0.9033546325878594,0.0006242685782459838
0.4509570554052026,0.9041533546325878,0.0006242509845632818
0.45426367018716785,0.9041533546325878,0.0006112473390258781
0.45426367018716785,0.9049520766773163,0.0006112434506914543
0.4543878622916548,0.9049520766773163,0.0006108044605139803
0.4543878622916548,0.9057507987220448,0.0006107528556487372
0.45543314583775335,0.9057507987220448,0.0006068431734699057
0.45543314583775335,0.9065495207667732,0.0006068395527580917
0.45607480504426934,0.9065495207667732,0.0006045850225194178
0.45607480504426934,0.9073482428115016,0.0006045484488699406
0.456783734974049,0.9073482428115016,0.0006013182863053556
0.456783734974049,0.90814696485623,0.0006012924740156629
0.45681478300017075,0.90814696485623,0.0006012109991755664
0.45681478300017075,0.9089456869009584,0.0006011427930929328
0.45763755569239684,0.9089456869009584,0.000598007430208131
0.45763755569239684,0.9097444089456869,0.0005980051724608957
0.4587966820009418,0.9097444089456869,0.0005937424234752957
0.4587966820009418,0.9105431309904153,0.0005937413835451155
0.4601110484400954,0.9105431309904153,0.0005892158463826501
0.4601110484400954,0.9113418530351438,0.0005892010985706464
0.46249139710942877,0.9113418530351438,0.0005805484718347193
0.46249139710942877,0.9121405750798722,0.0005805380953656939
0.4629157201330925,0.9121405750798722,0.0005787802925372829
0.4629157201330925,0.9129392971246006,0.000578775975649544
0.4642197372302056,0.9129392971246006,0.0005742429257859124
0.4642197372302056,0.9137380191693291,0.0005742333800457322
0.46791445233869255,0.9137380191693291,0.0005616683743669399
0.46791445233869255,0.9145367412140575,0.0005616565051825241
0.4679351510227737,0.9145367412140575,0.0005616288288299835
0.4679351510227737,0.9153354632587859,0.0005615893816435319
0.469332312198252,0.9153354632587859,0.0005566157938786746
0.469332312198252,0.9161341853035144,0.0005566125328884205
0.47280451645286653,0.9161341853035144,0.0005448779157350098
0.47280451645286653,0.9169329073482428,0.0005448694212023566
0.4734099529622404,0.9169329073482428,0.0005429262783554719
0.4734099529622404,0.9177316293929713,0.0005428964233685856
0.47520038913526075,0.9177316293929713,0.0005367327705683264
0.47520038913526075,0.9185303514376997,0.0005367291675800505
0.4774513710290868,0.9185303514376997,0.000528829809945579
0.4774513710290868,0.9193290734824281,0.0005288057104194784
0.4779791874731564,0.9193290734824281,0.0005271796235491802
0.4779791874731564,0.9201277955271565,0.00052717363722061
0.47866741871885493,0.9201277955271565,0.0005248930849422854
0.47866741871885493,0.920926517571885,0.0005248897902564612
0.4836402775693535,0.920926517571885,0.0005084068904014569
0.4836402775693535,0.9217252396166135,0.0005084052926153706
0.4844630502615796,0.9217252396166135,0.0005055757564766711
0.4844630502615796,0.9225239616613419,0.000505555865713166
0.4845354956558637,0.9225239616613419,0.0005052619445597611
0.4845354956558637,0.9233226837060703,0.0005052586823124144
0.4883906255659796,0.9233226837060703,0.0004934434194083529
0.4883906255659796,0.9241214057507987,0.000493441671886932
0.4884785949733246,0.9241214057507987,0.0004931599374515822
0.4884785949733246,0.9249201277955271,0.0004931385476964253
0.48960149858472746,0.9249201277955271,0.0004894516252192102
0.48960149858472746,0.9257188498402555,0.0004894405947260031
0.49236477290956226,0.9257188498402555,0.0004817579018695253
0.49236477290956226,0.9265175718849841,0.0004817243264532191
0.49830012056983475,0.9265175718849841,0.0004638109806606612
0.49830012056983475,0.9273162939297125,0.00046375415828615705
0.49865199819921446,0.9273162939297125,0.00046272552184456055
0.49865199819921446,0.9281150159744409,0.00046270541617701196
0.5022690932423971,0.9281150159744409,0.0004524162125295013
0.5022690932423971,0.9289137380191693,0.00045240348428836623
0.5066468649255623,0.9289137380191693,0.00044028032223600305
0.5066468649255623,0.9297124600638977,0.0004402661729017275
0.506693436964745,0.9297124600638977,0.0004401080776507003
0.506693436964745,0.9305111821086262,0.00044010153643130745
0.5076921484716609,0.9305111821086262,0.0004372244220982954
0.5076921484716609,0.9313099041533547,0.0004372043534260107
0.5085770172161305,0.9313099041533547,0.000434699655329741
0.5085770172161305,0.9321086261980831,0.000434693061030626
0.5105589162169015,0.9321086261980831,0.00042932612066530127
0.5105589162169015,0.9329073482428115,0.00042930221553150806
0.510657234966287,0.9329073482428115,0.00042907412957230107
0.510657234966287,0.9337060702875399,0.0004290693822674049
0.5136119721188726,0.9337060702875399,0.0004212934746306011
0.5136119721188726,0.9345047923322684,0.00042127343744275184
0.5166495040077828,0.9345047923322684,0.0004134077171597848
0.5166495040077828,0.9353035143769968,0.0004134074103671008
0.5173584339375624,0.9353035143769968,0.0004117479643714601
0.5173584339375624,0.9361022364217252,0.0004117470604816616
0.5263157894736842,0.9361022364217252,0.00038929981653520074
0.5263157894736842,0.9369009584664537,0.00038928730662491794
0.5271747848630524,0.9369009584664537,0.0003871370099675961
0.5271747848630524,0.9376996805111821,0.000387135376175775
0.5271954835471335,0.9376996805111821,0.00038709716367054867
0.5271954835471335,0.9384984025559105,0.00038701159428018885
0.5288255049185248,0.9384984025559105,0.0003832117851670287
0.5288255049185248,0.939297124600639,0.0003832072691892132
0.5307504825380727,0.939297124600639,0.00037918528418337305
0.5307504825380727,0.9400958466453674,0.00037918438855503496
0.5352990183649075,0.9400958466453674,0.0003681065604856977
0.5352990183649075,0.9408945686900958,0.0003681028940965239
0.5354853065216378,0.9408945686900958,0.000367700321010451
0.5354853065216378,0.9416932907348243,0.0003677001227596159
0.5416742130619046,0.9416932907348243,0.0003530750031353942
0.5416742130619046,0.9424920127795527,0.0003530691028257646
0.5424918110831104,0.9424920127795527,0.00035140039532459015
0.5424918110831104,0.9432907348242812,0.0003513810176225078
0.5448462863973423,0.9432907348242812,0.0003465206137959415
0.5448462863973423,0.9440894568690096,0.00034651706215238444
0.5466936439515858,0.9440894568690096,0.00034239482249783323
0.5466936439515858,0.944888178913738,0.0003423901544522813
0.5510558916216901,0.944888178913738,0.0003329160537086116
0.5510558916216901,0.9456869009584664,0.00033290880915525883
0.5514543412902525,0.9456869009584664,0.0003322419732236309
0.5514543412902525,0.9464856230031949,0.0003322328968083402
0.5536484018028553,0.9464856230031949,0.0003277177997516261
0.5536484018028553,0.9472843450479234,0.0003276982002097171
0.559123203742322,0.9472843450479234,0.0003170569470899691
0.559123203742322,0.9480830670926518,0.0003170421168300914
0.5613120895839047,0.9480830670926518,0.00031294633893972143
0.5613120895839047,0.9488817891373802,0.00031294367618872403
0.5623263251038815,0.9488817891373802,0.0003106932148540708
0.5623263251038815,0.9496805111821086,0.00031068754850956587
0.5731724355624092,0.9496805111821086,0.0002905269781180522
0.5731724355624092,0.950479233226837,0.00029051150391821935
0.5802306868340845,0.950479233226837,0.00027700115205809726
0.5802306868340845,0.9512779552715654,0.00027699191535908056
0.5835373016160498,0.9512779552715654,0.0002711190157771069
0.5835373016160498,0.952076677316294,0.00027111251544933475
0.5868904884371976,0.952076677316294,0.0002652082123660962
0.5868904884371976,0.9528753993610224,0.0002652081562126885
0.5893381078297947,0.9528753993610224,0.0002608522962549525
0.5893381078297947,0.9536741214057508,0.0002608512982018783
0.5900056403914121,0.9536741214057508,0.00025963281302976107
0.5900056403914121,0.9544728434504792,0.00025962825275287237
0.5906421249269078,0.9544728434504792,0.00025859644642915915
0.5906421249269078,0.9552715654952076,0.0002585958701760523
0.5941557265496846,0.9552715654952076,0.00025253840865302127
0.5941557265496846,0.9560702875399361,0.00025253103379053505
0.624706984253476,0.9560702875399361,0.0002063693328554422
0.624706984253476,0.9568690095846646,0.00020636915648899345
0.6332503661079747,0.9568690095846646,0.00019440742033785603
0.6332503661079747,0.957667731629393,0.0001944066194536472
0.6364897101666761,0.957667731629393,0.000189799513511363
0.6364897101666761,0.9584664536741214,0.00018979500218253652
0.6379903647625602,0.9584664536741214,0.00018798146986515773
0.6379903647625602,0.9592651757188498,0.00018795976881020869
0.6394651460033428,0.9592651757188498,0.0001860631424197687
0.6394651460033428,0.9600638977635783,0.0001860576853661072
0.6435841841354936,0.9600638977635783,0.00018071583323845517
0.6435841841354936,0.9608626198083067,0.000180712315318054
0.6447588344570994,0.9608626198083067,0.00017912510177501775
0.6447588344570994,0.9616613418530351,0.00017911658571722792
0.6465958426693023,0.9616613418530351,0.00017685327276663362
0.6465958426693023,0.9624600638977636,0.00017685273179203798
0.6508908196161429,0.9624600638977636,0.00017152716528568774
0.6508908196161429,0.963258785942492,0.0001715167756105948
0.6563449228715285,0.963258785942492,0.0001647067208447093
0.6563449228715285,0.9640575079872205,0.00016470220010089535
0.6648417326868444,0.9640575079872205,0.00015467661518295993
0.6648417326868444,0.9648562300319489,0.00015466416636918315
0.664976274133372,0.9648562300319489,0.0001545196795749602
0.664976274133372,0.9656549520766773,0.00015451116701939045
0.6685985438475749,0.9656549520766773,0.00015040557156791363
0.6685985438475749,0.9664536741214057,0.00015040193442304763
0.677721488856346,0.9664536741214057,0.00014056174768552467
0.677721488856346,0.9672523961661342,0.00014056133677259672
0.6893851973360794,0.9672523961661342,0.00012858952266293875
0.6893851973360794,0.9680511182108626,0.00012857734796171117
0.7076310873536215,0.9680511182108626,0.00011161933237280532
0.7076310873536215,0.9688498402555911,0.00011161514934859298
0.7143219369828563,0.9688498402555911,0.00010564193121523052
0.7143219369828563,0.9696485623003195,0.00010562795092408584
0.7197294681990593,0.9696485623003195,0.00010075888541152668
0.7197294681990593,0.9704472843450479,0.00010075142823949032
0.7216596204896274,0.9704472843450479,9.919124825433131e-05
0.7216596204896274,0.9712460063897763,9.918923505198208e-05
0.721990799434926,0.9712460063897763,9.889549809908038e-05
0.721990799434926,0.9720447284345048,9.88949110169435e-05
0.7240865411981433,0.9720447284345048,9.709243789644698e-05
0.7240865411981433,0.9728434504792333,9.709243735253011e-05
0.730042587542497,0.9728434504792333,9.224676715196692e-05
0.730042587542497,0.9736421725239617,9.223923270323241e-05
0.7352793546150304,0.9736421725239617,8.820822112590801e-05
0.7352793546150304,0.9744408945686901,8.820678350886666e-05
0.7543945893639812,0.9744408945686901,7.431258581542757e-05
0.7543945893639812,0.9752396166134185,7.430912298439369e-05
0.755998737380271,0.9752396166134185,7.320445979370196e-05
0.755998737380271,0.9760383386581469,7.319425260804665e-05
0.7573596758586073,0.9760383386581469,7.230244603001865e-05
0.7573596758586073,0.9768370607028753,7.230104714693224e-05
0.7602160942618073,0.9768370607028753,7.049872335137048e-05
0.7602160942618073,0.9776357827476039,7.049425202354776e-05
0.7607594347189377,0.9776357827476039,7.016165068984086e-05
0.7607594347189377,0.9784345047923323,7.015972323925125e-05
0.7621876439205377,0.9784345047923323,6.919351048152009e-05
0.7621876439205377,0.9792332268370607,6.919299052250322e-05
0.7630880366780682,0.9792332268370607,6.857496763543964e-05
0.7630880366780682,0.9800319488817891,6.85745216475961e-05
0.7755848671920683,0.9800319488817891,6.0698622726608134e-05
0.7755848671920683,0.9808306709265175,6.069832735385295e-05
0.7770492990908103,0.9808306709265175,5.987906534091652e-05
0.7770492990908103,0.981629392971246,5.987811996033513e-05
0.7785706523707755,0.981629392971246,5.9006035346080755e-05
0.7785706523707755,0.9824281150159745,5.900320913272042e-05
0.7931425259639119,0.9824281150159745,5.091919914858555e-05
0.7931425259639119,0.9832268370607029,5.091802393809931e-05
0.798482786456851,0.9832268370607029,4.823900448010255e-05
0.798482786456851,0.9840255591054313,4.8238640933278566e-05
0.8036160601089786,0.9840255591054313,4.5713633203371085e-05
0.8036160601089786,0.9848242811501597,4.571314362819331e-05
0.8097946173072047,0.9848242811501597,4.278660963653601e-05
0.8097946173072047,0.9856230031948882,4.278619038662642e-05
0.8100016041480163,0.9856230031948882,4.269591252936482e-05
0.8100016041480163,0.9864217252396166,4.2694430183748556e-05
0.8147416028026018,0.9864217252396166,4.0553773445581124e-05
0.8147416028026018,0.987220447284345,4.055019386325759e-05
0.8148864935911699,0.987220447284345,4.046930996383754e-05
0.8148864935911699,0.9880191693290735,4.046643621058083e-05
0.8189330863290366,0.9880191693290735,3.872894871150835e-05
0.8189330863290366,0.9888178913738019,3.8728490699769086e-05
0.8287132145573846,0.9888178913738019,3.478749096839731e-05
0.8287132145573846,0.9896166134185304,3.478484678949036e-05
0.8348762477425498,0.9896166134185304,3.2329341247105e-05
0.8348762477425498,0.9904153354632588,3.2325212819894004e-05
0.847072947337373,0.9904153354632588,2.779396782870475e-05
0.847072947337373,0.9912140575079872,2.7785912357963358e-05
0.8778311918819761,0.9912140575079872,1.856778612437896e-05
0.8778311918819761,0.9920127795527156,1.8565927866625746e-05
0.8810653612696573,0.9920127795527156,1.7723557397752784e-05
0.8810653612696573,0.9928115015974441,1.772189503442438e-05
0.8834405352679703,0.9928115015974441,1.709196092907581e-05
0.8834405352679703,0.9936102236421726,1.7091421700724277e-05
0.8963668634766545,0.9936102236421726,1.4093652845608416e-05
0.8963668634766545,0.994408945686901,1.4092374129806413e-05
0.9033474946830256,0.994408945686901,1.2706862866459338e-05
0.9033474946830256,0.9952076677316294,1.2706634557845615e-05
0.9034768614585328,0.9952076677316294,1.266703765220221e-05
0.9034768614585328,0.9960063897763578,1.2663205164678638e-05
0.9138365528411532,0.9960063897763578,1.0685923074182707e-05
0.9138365528411532,0.9968051118210862,1.0684761441199352e-05
0.9326723553550083,0.9968051118210862,7.610086221313696e-06
0.9326723553550083,0.9976038338658147,7.609630446726811e-06
0.9503852542574606,0.9976038338658147,5.3395929715284246e-06
0.9503852542574606,0.9984025559105432,5.338792153120014e-06
0.9736609245067245,0.9984025559105432,2.826941095655953e-06
0.9736609245067245,0.9992012779552716,2.824789761599194e-06
0.9831823191840579,0.9992012779552716,1.8942055406267e-06
0.9831823191840579,1.0,1.8940338637985883e-06
1.0,1.0,5.169180242024379e-08
