fpr,tpr,threshold
0.0,0.0,inf
5.174671020289885e-06,0.0,0.8987805985471409
7.24453942840584e-05,0.0,0.7083199960103256
7.24453942840584e-05,0.001597444089456869,0.7043815446286353
8.279473632463816e-05,0.001597444089456869,0.6925803060598875
8.279473632463816e-05,0.0023961661341853034,0.6816843056749362
8.796940734492805e-05,0.0023961661341853034,0.6770601969264037
8.796940734492805e-05,0.00878594249201278,0.653248175443123
9.314407836521793e-05,0.00878594249201278,0.6496158373542344
9.314407836521793e-05,0.015175718849840255,0.6351502614357966
9.831874938550782e-05,0.015175718849840255,0.6343321906645879
9.831874938550782e-05,0.016773162939297124,0.632354000981099
0.0001034934204057977,0.016773162939297124,0.6291332558268211
0.0001034934204057977,0.020766773162939296,0.6196274240687124
0.00011384276244637748,0.020766773162939296,0.6185263953134039
0.00011384276244637748,0.02156549520766773,0.6135043794159188
0.00011901743346666736,0.02156549520766773,0.6096417082199466
0.00011901743346666736,0.0231629392971246,0.608890667703533
0.00012419210448695725,0.0231629392971246,0.6075380972713328
0.00012419210448695725,0.023961661341853034,0.6064716650758001
0.00013454144652753702,0.023961661341853034,0.605815747443721
0.00013454144652753702,0.027955271565495207,0.5985737548792393
0.0001397161175478269,0.027955271565495207,0.5981972291189661
0.0001397161175478269,0.03514376996805112,0.5920220993562362
0.00015006545958840667,0.03514376996805112,0.5881236845908435
0.00015006545958840667,0.035942492012779555,0.5874652740058101
0.00015524013060869656,0.035942492012779555,0.5860199812899205
0.00015524013060869656,0.0439297124600639,0.5754643143934371
0.00016041480162898644,0.0439297124600639,0.575065725143927
0.00016041480162898644,0.0463258785942492,0.5735485531203595
0.00016558947264927633,0.0463258785942492,0.5731783881636564
0.00016558947264927633,0.05351437699680511,0.560981598614784
0.00017076414366956621,0.05351437699680511,0.5598757932262478
0.00017076414366956621,0.054313099041533544,0.5597132239898062
0.0001759388146898561,0.054313099041533544,0.5589636321475215
0.0001759388146898561,0.05511182108626198,0.55851610440977
0.00018111348571014598,0.05511182108626198,0.5581867314100135
0.00018111348571014598,0.05750798722044728,0.5561845591827977
0.00018628815673043587,0.05750798722044728,0.5560222649761049
0.00018628815673043587,0.05830670926517572,0.5560033705498783
0.00019146282775072575,0.05830670926517572,0.5558459902968595
0.00019146282775072575,0.05990415335463259,0.555170890189601
0.00019663749877101564,0.05990415335463259,0.5551531466962457
0.00019663749877101564,0.06230031948881789,0.5546512837187677
0.00020181216979130553,0.06230031948881789,0.5525746994092882
0.00020181216979130553,0.06309904153354633,0.5521531031863427
0.0002069868408115954,0.06309904153354633,0.5511904495540363
0.0002069868408115954,0.06389776357827476,0.5488421943706784
0.0002121615118318853,0.06389776357827476,0.5477799618906724
0.0002121615118318853,0.06469648562300319,0.5466493322179621
0.00022251085387246507,0.06469648562300319,0.5454686245423859
0.00022251085387246507,0.06549520766773163,0.5448895740069519
0.00022768552489275495,0.06549520766773163,0.5443139633677615
0.00022768552489275495,0.0670926517571885,0.5433163647195196
0.00023803486693333472,0.0670926517571885,0.5421601893554208
0.00023803486693333472,0.06789137380191693,0.5421559587278953
0.0002535588799942044,0.06789137380191693,0.5391039938237606
0.0002535588799942044,0.07268370607028754,0.5350299911590306
0.00025873355101449426,0.07268370607028754,0.5337788506757423
0.00025873355101449426,0.07587859424920128,0.529935458129964
0.00026390822203478415,0.07587859424920128,0.5297087254309064
0.00026390822203478415,0.07827476038338659,0.5269695289792049
0.00026908289305507403,0.07827476038338659,0.5265720183179882
0.00026908289305507403,0.07907348242811502,0.526388323386818
0.0002742575640753639,0.07907348242811502,0.526343626889076
0.0002742575640753639,0.07987220447284345,0.5258082814111432
0.0002794322350956538,0.07987220447284345,0.525600577379893
0.0002794322350956538,0.08546325878594249,0.520838864222304
0.0002846069061159437,0.08546325878594249,0.5208252276292059
0.0002846069061159437,0.09185303514376997,0.515409360156402
0.0002897815771362336,0.09185303514376997,0.5153817555412268
0.0002897815771362336,0.09345047923322684,0.514792765920521
0.00030013091917681335,0.09345047923322684,0.5146924437555347
0.00030013091917681335,0.09424920127795527,0.5146696067590782
0.0003104802612173931,0.09424920127795527,0.5111759740167772
0.0003104802612173931,0.09664536741214058,0.5089204917588112
0.000315654932237683,0.09664536741214058,0.5086700422693884
0.000315654932237683,0.10063897763578275,0.5058373686909348
0.00032600427427826277,0.10063897763578275,0.5051450320396068
0.00032600427427826277,0.10303514376996806,0.503358792769947
0.00033117894529855266,0.10303514376996806,0.5032189388382822
0.00033117894529855266,0.1110223642172524,0.49831201532173086
0.00033635361631884254,0.1110223642172524,0.4982906474625117
0.00033635361631884254,0.1134185303514377,0.4975830723372569
0.00034152828733913243,0.1134185303514377,0.4971483748315212
0.00034152828733913243,0.11581469648562301,0.49598262535755644
0.0003518776293797122,0.11581469648562301,0.49571149054869895
0.0003518776293797122,0.11741214057507987,0.4948300773446239
0.0003570523004000021,0.11741214057507987,0.49379220064776624
0.0003570523004000021,0.12220447284345048,0.49149923998936973
0.00036222697142029197,0.12220447284345048,0.490639380466621
0.00036222697142029197,0.12460063897763578,0.4879068514899034
0.00036740164244058185,0.12460063897763578,0.48742924429958934
0.00036740164244058185,0.12859424920127796,0.48528817390247814
0.00037257631346087174,0.12859424920127796,0.4847830720437116
0.00037257631346087174,0.13578274760383385,0.4795229307151592
0.0003777509844811616,0.13578274760383385,0.47947575349093924
0.0003777509844811616,0.14616613418530353,0.47190514261676336
0.0003829256555014515,0.14616613418530353,0.47190127975665186
0.0003829256555014515,0.15575079872204473,0.46839961512922473
0.0003881003265217414,0.15575079872204473,0.4683942075553139
0.0003881003265217414,0.16533546325878595,0.4613816531045488
0.0003932749975420313,0.16533546325878595,0.4607756204867232
0.0003932749975420313,0.16613418530351437,0.45942630359320163
0.00040362433958261105,0.16613418530351437,0.45863956846533493
0.00040362433958261105,0.17172523961661343,0.45489007955399685
0.00040879901060290094,0.17172523961661343,0.45406126378822276
0.00040879901060290094,0.1757188498402556,0.4498908916859138
0.0004139736816231908,0.1757188498402556,0.44955808744654396
0.0004139736816231908,0.17651757188498401,0.4492476993630949
0.0004191483526434807,0.17651757188498401,0.4487957621235208
0.0004191483526434807,0.17731629392971246,0.447641111676966
0.0004243230236637706,0.17731629392971246,0.4466639625011718
0.0004243230236637706,0.17971246006389777,0.44507167709561984
0.0004294976946840605,0.17971246006389777,0.4444777072434686
0.0004294976946840605,0.1829073482428115,0.4426729922322688
0.00043467236570435036,0.1829073482428115,0.4425034041704997
0.00043467236570435036,0.18370607028753994,0.4422666468876885
0.00043984703672464025,0.18370607028753994,0.44162281619036764
0.00043984703672464025,0.18610223642172524,0.4384488202248684
0.00044502170774493013,0.18610223642172524,0.438342971292045
0.00044502170774493013,0.19249201277955272,0.4352067057541438
0.00045019637876522,0.19249201277955272,0.4346489887271207
0.00045019637876522,0.20287539936102236,0.4301171880541329
0.0004553710497855099,0.20287539936102236,0.42829405430227685
0.0004553710497855099,0.2036741214057508,0.42796070432352284
0.0004605457208057998,0.2036741214057508,0.42791073086869647
0.0004605457208057998,0.20447284345047922,0.42757691090109046
0.0004657203918260897,0.20447284345047922,0.42707180248581506
0.0004657203918260897,0.213258785942492,0.4171721454549404
0.00047089506284637956,0.213258785942492,0.4171185420245071
0.00047089506284637956,0.21405750798722045,0.416320831752051
0.00047606973386666944,0.21405750798722045,0.41598760097636983
0.00047606973386666944,0.21485623003194887,0.4143162449183827
0.00048124440488695933,0.21485623003194887,0.4139111288483576
0.00048124440488695933,0.2268370607028754,0.40748646407969524
0.000496768417947829,0.2268370607028754,0.40346524586561516
0.000496768417947829,0.22843450479233227,0.40260420180899953
0.0005019430889681188,0.22843450479233227,0.40143612216542746
0.0005019430889681188,0.23003194888178913,0.4004465118888833
0.0005071177599884088,0.23003194888178913,0.40011001037489696
0.0005071177599884088,0.23162939297124602,0.39922436266342787
0.0005174671020289885,0.23162939297124602,0.39865323370170486
0.0005174671020289885,0.23242811501597443,0.3961297383400785
0.0005278164440695683,0.23242811501597443,0.3946683013826962
0.0005278164440695683,0.23322683706070288,0.39427550430392416
0.0005536897991710177,0.23322683706070288,0.38933864700073406
0.0005536897991710177,0.2356230031948882,0.3887902683075918
0.0005588644701913076,0.2356230031948882,0.3875732518180377
0.0005588644701913076,0.2388178913738019,0.3863879927544508
0.0005899124963130469,0.2388178913738019,0.3843136292332638
0.0005899124963130469,0.24041533546325877,0.38355819749449926
0.0005950871673333368,0.24041533546325877,0.38265095803840005
0.0005950871673333368,0.24201277955271566,0.3817056092265965
0.0006054365093739165,0.24201277955271566,0.38008282697513635
0.0006054365093739165,0.2452076677316294,0.37761814903044244
0.0006106111803942065,0.2452076677316294,0.3773446668681986
0.0006106111803942065,0.24600638977635783,0.3764916994705515
0.0006157858514144963,0.24600638977635783,0.37571368813403705
0.0006157858514144963,0.24920127795527156,0.37392901717578764
0.0006209605224347862,0.24920127795527156,0.37199121624952564
0.0006209605224347862,0.2547923322683706,0.36857236921239184
0.0006261351934550761,0.2547923322683706,0.3673823731411037
0.0006261351934550761,0.25559105431309903,0.36683574514440337
0.0006364845354956558,0.25559105431309903,0.3643364217469103
0.0006364845354956558,0.25878594249201275,0.3597881750373676
0.0006520085485565255,0.25878594249201275,0.35907402841510866
0.0006520085485565255,0.26517571884984026,0.35473781420380923
0.0006571832195768154,0.26517571884984026,0.3546156793478548
0.0006571832195768154,0.2659744408945687,0.3540226358992741
0.0006675325616173951,0.2659744408945687,0.35303071010522835
0.0006675325616173951,0.26757188498402557,0.35173319620419924
0.0006830565746782649,0.26757188498402557,0.3479049652265695
0.0006830565746782649,0.26916932907348246,0.3467593621705862
0.0006934059167188446,0.26916932907348246,0.34569164751292897
0.0006934059167188446,0.26996805111821087,0.3455554915271587
0.0006985805877391345,0.26996805111821087,0.34487295161814996
0.0006985805877391345,0.2715654952076677,0.3433550171590265
0.0007037552587594244,0.2715654952076677,0.3427437802564051
0.0007037552587594244,0.2731629392971246,0.34165154724872693
0.0007141046008000042,0.2731629392971246,0.3396055292274596
0.0007141046008000042,0.273961661341853,0.3393449885476251
0.0007348032848811637,0.273961661341853,0.33659654567490943
0.0007348032848811637,0.2747603833865815,0.3365086250313712
0.0007399779559014535,0.2747603833865815,0.33560103912604394
0.0007399779559014535,0.2755591054313099,0.3352090021777667
0.000765851311002903,0.2755591054313099,0.3328278273933787
0.000765851311002903,0.2763578274760383,0.33244652357219157
0.0007865499950840626,0.2763578274760383,0.3293618868654784
0.0007865499950840626,0.2787539936102236,0.3284999170075892
0.0007917246661043524,0.2787539936102236,0.32775541483226894
0.0007917246661043524,0.2795527156549521,0.32740634639870275
0.0008072486791652221,0.2795527156549521,0.3272595961483191
0.0008072486791652221,0.2803514376996805,0.3272200960764528
0.0008124233501855119,0.2803514376996805,0.32572249554648447
0.0008124233501855119,0.28115015974440893,0.32527807846918394
0.0008175980212058019,0.28115015974440893,0.32516039546994435
0.0008175980212058019,0.2827476038338658,0.32456541180732346
0.0008227726922260917,0.2827476038338658,0.3238682243679803
0.0008227726922260917,0.28354632587859424,0.3230630027622241
0.0008331220342666715,0.28354632587859424,0.3222969557049266
0.0008331220342666715,0.28833865814696485,0.3173738404681516
0.0008382967052869614,0.28833865814696485,0.31736733203437245
0.0008382967052869614,0.28913738019169327,0.3159646663546773
0.000853820718347831,0.28913738019169327,0.3144890624782993
0.000853820718347831,0.29073482428115016,0.3141010761501256
0.000858995389368121,0.29073482428115016,0.31408564539958916
0.000858995389368121,0.2915335463258786,0.31369226474172307
0.0008641700603884108,0.2915335463258786,0.3134482769341659
0.0008641700603884108,0.2955271565495208,0.3099592174397864
0.0008693447314087007,0.2955271565495208,0.3085409115037971
0.0008693447314087007,0.2971246006389776,0.3078194168866122
0.0008952180865101501,0.2971246006389776,0.3035973801312663
0.0008952180865101501,0.2979233226837061,0.303490769367273
0.0009055674285507299,0.2979233226837061,0.3028398671028513
0.0009055674285507299,0.2995207667731629,0.3003568091237915
0.0009262661126318894,0.2995207667731629,0.29764811206322744
0.0009262661126318894,0.3003194888178914,0.297265200509319
0.0009314407836521793,0.3003194888178914,0.29717118800707404
0.0009314407836521793,0.3027156549520767,0.2956900415201924
0.0009417901256927591,0.3027156549520767,0.295250577178833
0.0009417901256927591,0.3035143769968051,0.2947577710113009
0.000946964796713049,0.3035143769968051,0.2946017073359982
0.000946964796713049,0.30431309904153353,0.2937944859871651
0.0009521394677333389,0.30431309904153353,0.29374348450898174
0.0009521394677333389,0.305111821086262,0.2930896626043182
0.0009624888097739187,0.305111821086262,0.291798443214757
0.0009624888097739187,0.3059105431309904,0.29142842356197113
0.0009883621648753681,0.3059105431309904,0.28914570510390697
0.0009883621648753681,0.30670926517571884,0.28903983213105794
0.000993536835895658,0.30670926517571884,0.2881658050242437
0.000993536835895658,0.30910543130990414,0.28643136450339934
0.0009987115069159478,0.30910543130990414,0.2864098213181189
0.0009987115069159478,0.31070287539936103,0.2861328997411793
0.0010297595330376872,0.31070287539936103,0.2828414075107406
0.0010297595330376872,0.31150159744408945,0.2819753001525018
0.001034934204057977,0.31150159744408945,0.28160956702607853
0.001034934204057977,0.31230031948881787,0.28118856669943554
0.0010401088750782669,0.31230031948881787,0.280907644825372
0.0010401088750782669,0.31389776357827476,0.2806915622480456
0.0010452835460985567,0.31389776357827476,0.28060040299415484
0.0010452835460985567,0.31869009584664537,0.2778124048204141
0.0010556328881391366,0.31869009584664537,0.27711218296699985
0.0010556328881391366,0.3210862619808307,0.2755938936621463
0.0010608075591594264,0.3210862619808307,0.27510888296885405
0.0010608075591594264,0.3218849840255591,0.27462694662997617
0.0010659822301797163,0.3218849840255591,0.27375561893028544
0.0010659822301797163,0.323482428115016,0.2734877887049618
0.0010711569012000063,0.323482428115016,0.272717252226372
0.0010711569012000063,0.3242811501597444,0.27253305069970196
0.001081506243240586,0.3242811501597444,0.2713801112840226
0.001081506243240586,0.3250798722044728,0.2712535798965604
0.0010970302563014557,0.3250798722044728,0.2696165573516912
0.0010970302563014557,0.3258785942492013,0.26949228739640024
0.0011125542693623254,0.3258785942492013,0.26891129876100045
0.0011125542693623254,0.3266773162939297,0.268271702937767
0.001122903611402905,0.3266773162939297,0.2675067255539809
0.001122903611402905,0.3282747603833866,0.2662053316584856
0.0011384276244637748,0.3282747603833866,0.2651038257758019
0.0011384276244637748,0.329073482428115,0.2647222452888644
0.0011436022954840646,0.329073482428115,0.2642030910193534
0.0011436022954840646,0.32987220447284343,0.2637806997572581
0.0011487769665043544,0.32987220447284343,0.2635570364219687
0.0011487769665043544,0.33386581469648563,0.2629029295624645
0.0011539516375246445,0.33386581469648563,0.26231993365851614
0.0011539516375246445,0.33466453674121405,0.26224780802247394
0.0011591263085449343,0.33466453674121405,0.2621867088600512
0.0011591263085449343,0.3354632587859425,0.26175988066291894
0.0011643009795652241,0.3354632587859425,0.2615937409074057
0.0011643009795652241,0.33626198083067094,0.26152107625735727
0.001174650321605804,0.33626198083067094,0.26128401657228545
0.001174650321605804,0.33706070287539935,0.2609508020985056
0.0011901743346666735,0.33706070287539935,0.2603426609885351
0.0011901743346666735,0.33945686900958466,0.258641543857086
0.0012005236767072534,0.33945686900958466,0.2580391500711202
0.0012005236767072534,0.3402555910543131,0.2579942677112329
0.0012056983477275432,0.3402555910543131,0.257849306734922
0.0012056983477275432,0.34105431309904155,0.257443352059119
0.001216047689768123,0.34105431309904155,0.25666205536211745
0.001216047689768123,0.34185303514376997,0.25661882693123966
0.0012263970318087028,0.34185303514376997,0.2565468910885624
0.0012263970318087028,0.34345047923322686,0.25609326478722044
0.0012419210448695725,0.34345047923322686,0.2552068597147011
0.0012419210448695725,0.3442492012779553,0.25472819221007026
0.0012574450579304422,0.3442492012779553,0.2531857352593843
0.0012574450579304422,0.3466453674121406,0.2524162532499855
0.001262619728950732,0.3466453674121406,0.25225793878155567
0.001262619728950732,0.3498402555910543,0.2505628722965672
0.0012833184130318915,0.3498402555910543,0.2498240415423518
0.0012833184130318915,0.3522364217252396,0.2492411816236627
0.0012988424260927613,0.3522364217252396,0.24838287507775939
0.0012988424260927613,0.35303514376996803,0.24795898756025572
0.001304017097113051,0.35303514376996803,0.24749062177512937
0.001304017097113051,0.35543130990415334,0.24628655068320177
0.001309191768133341,0.35543130990415334,0.24601141242225028
0.001309191768133341,0.3562300319488818,0.2459433853774672
0.0013195411101739208,0.3562300319488818,0.24537424903739638
0.0013195411101739208,0.3570287539936102,0.2449878447843385
0.0013402397942550803,0.3570287539936102,0.2436453535857899
0.0013402397942550803,0.35782747603833864,0.24356494448512217
0.0013454144652753702,0.35782747603833864,0.2431389530752459
0.0013454144652753702,0.35942492012779553,0.24255037179359193
0.0013557638073159498,0.35942492012779553,0.24196525132753063
0.0013557638073159498,0.36022364217252395,0.24148893143494865
0.0013712878203768195,0.36022364217252395,0.24065118380845252
0.0013712878203768195,0.3610223642172524,0.24029817870295786
0.0014178598595594285,0.3610223642172524,0.23757627322946578
0.0014178598595594285,0.3634185303514377,0.2368733844470524
0.0014333838726202982,0.3634185303514377,0.23620551058945807
0.0014333838726202982,0.365814696485623,0.23538387754507925
0.001438558543640588,0.365814696485623,0.23536053263816364
0.001438558543640588,0.36661341853035145,0.23442781822017292
0.0014437332146608778,0.36661341853035145,0.23440403564031576
0.0014437332146608778,0.36741214057507987,0.23421630203532515
0.0014540825567014577,0.36741214057507987,0.2340765021551113
0.0014540825567014577,0.3682108626198083,0.2339785774692143
0.0014592572277217475,0.3682108626198083,0.23367130586298948
0.0014592572277217475,0.36900958466453676,0.2333745336854352
0.0014747812407826172,0.36900958466453676,0.23251794748469293
0.0014747812407826172,0.37140575079872207,0.23186117953495475
0.001490305253843487,0.37140575079872207,0.2310492541331911
0.001490305253843487,0.3730031948881789,0.22991116913732443
0.0015058292669043565,0.3730031948881789,0.22908519989769144
0.0015058292669043565,0.3738019169329074,0.22888061019184738
0.0015213532799652262,0.3738019169329074,0.22856119401353636
0.0015213532799652262,0.3746006389776358,0.22840494934555416
0.001526527950985516,0.3746006389776358,0.228384899071018
0.001526527950985516,0.3753993610223642,0.2283158611618736
0.001531702622005806,0.3753993610223642,0.22797640692677604
0.001531702622005806,0.3769968051118211,0.2272856027817501
0.0015368772930260959,0.3769968051118211,0.22709936223020785
0.0015368772930260959,0.3777955271565495,0.22708525899852997
0.0015575759771072554,0.3777955271565495,0.22602913061014443
0.0015575759771072554,0.37859424920127793,0.22559984586856302
0.0015627506481275452,0.37859424920127793,0.22539202259718713
0.0015627506481275452,0.3793929712460064,0.22534968581453285
0.0015730999901681251,0.3793929712460064,0.22513708961675816
0.0015730999901681251,0.3801916932907348,0.22487295542359373
0.001578274661188415,0.3801916932907348,0.2245934435245448
0.001578274661188415,0.38099041533546324,0.22425326945729454
0.0016144973583304442,0.38099041533546324,0.22261753665908057
0.0016144973583304442,0.38338658146964855,0.22218572949371254
0.001619672029350734,0.38338658146964855,0.22161523228991978
0.001619672029350734,0.38498402555910544,0.22114280122189112
0.0016300213713913137,0.38498402555910544,0.22038411370399114
0.0016300213713913137,0.38578274760383385,0.22025367260414924
0.0016558947264927633,0.38578274760383385,0.21888562458239638
0.0016558947264927633,0.3865814696485623,0.21881586457776692
0.0016610693975130531,0.3865814696485623,0.21873849012743524
0.0016610693975130531,0.38738019169329074,0.2186132613039837
0.0016765934105739228,0.38738019169329074,0.21804803406344506
0.0016765934105739228,0.38817891373801916,0.21761584226668002
0.0016972920946550824,0.38817891373801916,0.2171976185613227
0.0016972920946550824,0.3889776357827476,0.2168871621313011
0.0017024667656753722,0.3889776357827476,0.21633117879154912
0.0017024667656753722,0.38977635782747605,0.21619462606021791
0.0017283401207768216,0.38977635782747605,0.21553224445816407
0.0017283401207768216,0.39217252396166136,0.2139586502765909
0.0017335147917971114,0.39217252396166136,0.2136918835960596
0.0017335147917971114,0.3929712460063898,0.21345680550416937
0.0017438641338376913,0.3929712460063898,0.21307198097814023
0.0017438641338376913,0.3937699680511182,0.21293640508494605
0.001759388146898561,0.3937699680511182,0.21271007346078158
0.001759388146898561,0.39456869009584666,0.21224502611645626
0.00180078551506088,0.39456869009584666,0.21058505010016237
0.00180078551506088,0.3953674121405751,0.21046730726533353
0.0018628815673043587,0.3953674121405751,0.20589586974138727
0.0018628815673043587,0.3961661341853035,0.20545231233805716
0.0018680562383246485,0.3961661341853035,0.20544559333500848
0.0018680562383246485,0.3985623003194888,0.20387179846907083
0.0018784055803652282,0.3985623003194888,0.20352688002853833
0.0018784055803652282,0.3993610223642173,0.20348018246406227
0.001893929593426098,0.3993610223642173,0.2025874099403365
0.001893929593426098,0.4001597444089457,0.20206551319445987
0.0019094536064869676,0.4001597444089457,0.20145354154944176
0.0019094536064869676,0.4009584664536741,0.20117425669123445
0.0019301522905681272,0.4009584664536741,0.20038970906008768
0.0019301522905681272,0.40175718849840253,0.2002105081699208
0.001935326961588417,0.40175718849840253,0.19991431347353433
0.001935326961588417,0.402555910543131,0.19974057250937055
0.0019612003166898664,0.402555910543131,0.19797963501734692
0.0019612003166898664,0.4033546325878594,0.19750651097916985
0.0019767243297507363,0.4033546325878594,0.1966132844842876
0.0019767243297507363,0.4049520766773163,0.1953715325417058
0.001981899000771026,0.4049520766773163,0.19530352813370963
0.001981899000771026,0.4057507987220447,0.19521112002440463
0.0020077723558724753,0.4057507987220447,0.19420490996448478
0.0020077723558724753,0.40654952076677314,0.19396964550892953
0.0020181216979130554,0.40654952076677314,0.19371047892234494
0.0020181216979130554,0.4073482428115016,0.19352008350191804
0.002033645710973925,0.4073482428115016,0.19282011613618985
0.002033645710973925,0.40814696485623003,0.19281444671581605
0.0020439950530145045,0.40814696485623003,0.19249471133029533
0.0020439950530145045,0.40894568690095845,0.19223053774122292
0.0020491697240347943,0.40894568690095845,0.19190379677646127
0.0020491697240347943,0.4097444089456869,0.19174306846435957
0.0020802177501565338,0.4097444089456869,0.19059677509414766
0.0020802177501565338,0.41054313099041534,0.19058361416304198
0.0020853924211768236,0.41054313099041534,0.1904206453744968
0.0020853924211768236,0.41214057507987223,0.1902812738398058
0.0020905670921971134,0.41214057507987223,0.190227034906274
0.0020905670921971134,0.41293929712460065,0.18999279428096963
0.0021009164342376935,0.41293929712460065,0.18962614232971603
0.0021009164342376935,0.41373801916932906,0.1893461659663645
0.0021060911052579834,0.41373801916932906,0.18929104051758178
0.0021060911052579834,0.41533546325878595,0.1883926454443233
0.002121615118318853,0.41533546325878595,0.1878904990700738
0.002121615118318853,0.41613418530351437,0.18748986422996333
0.0021423138024000126,0.41613418530351437,0.18703305180771626
0.0021423138024000126,0.4169329073482428,0.1868719830959028
0.0021474884734203024,0.4169329073482428,0.18638733781751046
0.0021474884734203024,0.41773162939297126,0.1861272169697834
0.002157837815460882,0.41773162939297126,0.18560644829013143
0.002157837815460882,0.4185303514376997,0.18548381641534598
0.0021785364995420414,0.4185303514376997,0.18461044682020822
0.0021785364995420414,0.4193290734824281,0.18419046330020336
0.0021940605126029114,0.4193290734824281,0.1834982799046511
0.0021940605126029114,0.42012779552715657,0.18304949136186321
0.002209584525663781,0.42012779552715657,0.18229692942041878
0.002209584525663781,0.4217252396166134,0.18155265547237734
0.0022147591966840707,0.4217252396166134,0.18137057150868163
0.0022147591966840707,0.4241214057507987,0.18011803823665748
0.0022251085387246508,0.4241214057507987,0.1799029837381817
0.0022251085387246508,0.4249201277955272,0.17956968642127735
0.0022354578807652304,0.4249201277955272,0.1790142338168416
0.0022354578807652304,0.4257188498402556,0.17885244296329977
0.00224580722280581,0.4257188498402556,0.17826046574506252
0.00224580722280581,0.426517571884984,0.17823839935737879
0.0022613312358666796,0.426517571884984,0.1778192570708374
0.0022613312358666796,0.4273162939297125,0.17769567646673692
0.0022768552489275495,0.4273162939297125,0.17682451870524069
0.0022768552489275495,0.4281150159744409,0.17644119444553868
0.002287204590968129,0.4281150159744409,0.17620007714291291
0.002287204590968129,0.4289137380191693,0.17619904412738627
0.002297553933008709,0.4289137380191693,0.17610803954391224
0.002297553933008709,0.42971246006389774,0.17585857628304857
0.0023027286040289987,0.42971246006389774,0.17575498622130784
0.0023027286040289987,0.4305111821086262,0.1755688133094234
0.0023130779460695788,0.4305111821086262,0.17530225880015532
0.0023130779460695788,0.43130990415335463,0.1749734886238406
0.002333776630150738,0.43130990415335463,0.17481992153708262
0.002333776630150738,0.4329073482428115,0.17457944680149046
0.002349300643211608,0.4329073482428115,0.1734214235537575
0.002349300643211608,0.43370607028753994,0.1732880454903698
0.002385523340353637,0.43370607028753994,0.1715472944195595
0.002385523340353637,0.43450479233226835,0.17147581503818915
0.002390698011373927,0.43450479233226835,0.17118236850931504
0.002390698011373927,0.4353035143769968,0.17099770585019655
0.0024165713664753763,0.4353035143769968,0.16966815786848047
0.0024165713664753763,0.43690095846645366,0.16916286411924805
0.002421746037495666,0.43690095846645366,0.16860600377387358
0.002421746037495666,0.43769968051118213,0.16851838983376208
0.002442444721576826,0.43769968051118213,0.16781672526366803
0.002442444721576826,0.43929712460063897,0.1672406098455026
0.0024476193925971157,0.43929712460063897,0.1667511974039516
0.0024476193925971157,0.44009584664536744,0.16649525259947728
0.002478667418718855,0.44009584664536744,0.16553692881545534
0.002478667418718855,0.44089456869009586,0.16535226256869273
0.002483842089739145,0.44089456869009586,0.1649876894418197
0.002483842089739145,0.4416932907348243,0.1648580621106447
0.0024993661028000144,0.4416932907348243,0.1641131454245506
0.0024993661028000144,0.44329073482428116,0.1638557110724155
0.0025045407738203043,0.44329073482428116,0.1638241752429161
0.0025045407738203043,0.4440894568690096,0.16372606335208498
0.002525239457901464,0.4440894568690096,0.16301083362181149
0.002525239457901464,0.4480830670926518,0.16238904645921087
0.0025355887999420437,0.4480830670926518,0.16187226237187363
0.0025355887999420437,0.4488817891373802,0.16147013577409386
0.002551112813002913,0.4488817891373802,0.16090002470288392
0.002551112813002913,0.4512779552715655,0.1605504811919388
0.0025614621550434933,0.4512779552715655,0.16012344834352366
0.0025614621550434933,0.4520766773162939,0.1597367862532834
0.0025769861681043628,0.4520766773162939,0.15927176054398942
0.0025769861681043628,0.4528753993610224,0.15924464361572316
0.0025976848521855225,0.4528753993610224,0.15844816881115115
0.0025976848521855225,0.4536741214057508,0.15832653321041998
0.0026028595232058123,0.4536741214057508,0.15825312034036462
0.0026028595232058123,0.4560702875399361,0.15791037500508448
0.0026339075493275513,0.4560702875399361,0.1572474275485516
0.0026339075493275513,0.45686900958466453,0.15715830720390248
0.0026390822203478416,0.45686900958466453,0.15695130888791745
0.0026390822203478416,0.45766773162939295,0.15684932097965246
0.0026494315623884213,0.45766773162939295,0.15622908836181978
0.0026494315623884213,0.45926517571884984,0.15590433830444445
0.002654606233408711,0.45926517571884984,0.1556079522430117
0.002654606233408711,0.46086261980830673,0.15479650047040727
0.002659780904429001,0.46086261980830673,0.15473375377557105
0.002659780904429001,0.46166134185303515,0.15466729395240242
0.0026856542595304505,0.46166134185303515,0.15434850778381126
0.0026856542595304505,0.46246006389776356,0.1539805288131047
0.0026908289305507403,0.46246006389776356,0.15378520204882415
0.0026908289305507403,0.46325878594249204,0.1537800121418823
0.0027270516276927696,0.46325878594249204,0.15292472608289642
0.0027270516276927696,0.46405750798722045,0.15284826721240358
0.002742575640753639,0.46405750798722045,0.1522966651491639
0.002742575640753639,0.46485623003194887,0.1521323438626355
0.0027684489958550887,0.46485623003194887,0.15174535578541504
0.0027684489958550887,0.46565495207667734,0.15170657288159015
0.002783973008915958,0.46565495207667734,0.15116453266611662
0.002783973008915958,0.46884984025559107,0.15063390798328624
0.002789147679936248,0.46884984025559107,0.15059234225553328
0.002789147679936248,0.4696485623003195,0.1505643220125183
0.002794322350956538,0.4696485623003195,0.15040443501920026
0.002794322350956538,0.4704472843450479,0.1501347894854152
0.0028150210350376976,0.4704472843450479,0.14951188939201057
0.0028150210350376976,0.4712460063897764,0.14859317747780507
0.0028201957060579874,0.4712460063897764,0.14819468102842875
0.0028201957060579874,0.4720447284345048,0.14814596953690237
0.002871942416260886,0.4720447284345048,0.14646774647029984
0.002871942416260886,0.4744408945686901,0.14558134747316445
0.0029133397844232052,0.4744408945686901,0.1445902244245907
0.0029133397844232052,0.4752396166134185,0.14430196636430376
0.002918514455443495,0.4752396166134185,0.14406025906567618
0.002918514455443495,0.4768370607028754,0.14317611061856925
0.0029495624815652345,0.4768370607028754,0.1421874580714001
0.0029495624815652345,0.4784345047923323,0.14199701854618468
0.0029547371525855243,0.4784345047923323,0.14186177177164194
0.0029547371525855243,0.48083067092651754,0.1415270340934292
0.002965086494626104,0.48083067092651754,0.14113625744380795
0.002965086494626104,0.48242811501597443,0.1408665487620182
0.002970261165646394,0.48242811501597443,0.14075888103719988
0.002970261165646394,0.48322683706070285,0.1404211937009579
0.002975435836666684,0.48322683706070285,0.14036833475186458
0.002975435836666684,0.4840255591054313,0.14035688231878707
0.0030013091917681332,0.4840255591054313,0.139965834987325
0.0030013091917681332,0.48482428115015974,0.13981427542720026
0.003016833204829003,0.48482428115015974,0.13933611193044415
0.003016833204829003,0.48562300319488816,0.1393282246258298
0.0030375318889101625,0.48562300319488816,0.13855997742633455
0.0030375318889101625,0.48642172523961663,0.13841340333205202
0.003047881230950742,0.48642172523961663,0.1379622394036291
0.003047881230950742,0.48801916932907347,0.1378514102710878
0.003053055901971032,0.48801916932907347,0.1377907593677481
0.003053055901971032,0.48881789137380194,0.13771189548926832
0.0030789292570724816,0.48881789137380194,0.13729130009967477
0.0030789292570724816,0.49121405750798725,0.13723797256432485
0.0030841039280927714,0.49121405750798725,0.13716342593460257
0.0030841039280927714,0.49201277955271566,0.1370110376208449
0.0030892785991130612,0.49201277955271566,0.13698584339748457
0.0030892785991130612,0.49440894568690097,0.13684374057225465
0.0030996279411536413,0.49440894568690097,0.13675176479118503
0.0030996279411536413,0.4952076677316294,0.1365533702518022
0.003109977283194221,0.4952076677316294,0.13602249810627717
0.003109977283194221,0.4968051118210863,0.13586255681162798
0.0031306759672753803,0.4968051118210863,0.13500708281581905
0.0031306759672753803,0.4992012779552716,0.1347322247226932
0.0031461999803362502,0.4992012779552716,0.1344893656220311
0.0031461999803362502,0.5,0.1342682786849618
0.00315654932237683,0.5,0.13400063376607974
0.00315654932237683,0.5007987220447284,0.13386013173618813
0.0031824226774782795,0.5007987220447284,0.13328476910001685
0.0031824226774782795,0.5015974440894568,0.13316269860718394
0.003192772019518859,0.5015974440894568,0.13309285313867153
0.003192772019518859,0.5039936102236422,0.132582602860976
0.0032186453746203083,0.5039936102236422,0.1317535671303582
0.0032186453746203083,0.5047923322683706,0.13135832444285397
0.003239344058701468,0.5047923322683706,0.1311209821486818
0.003239344058701468,0.505591054313099,0.13107142638691616
0.003285916097884077,0.505591054313099,0.13027125169240214
0.003285916097884077,0.5063897763578274,0.13021726325367947
0.0032962654399246566,0.5063897763578274,0.1301767741154902
0.0032962654399246566,0.5071884984025559,0.13008117462965432
0.0033221387950261062,0.5071884984025559,0.12880578462169603
0.0033221387950261062,0.5079872204472844,0.128613961826777
0.003332488137066686,0.5079872204472844,0.12798415359142812
0.003332488137066686,0.5087859424920128,0.1279149952920201
0.003379060176249295,0.5087859424920128,0.12663624484617356
0.003379060176249295,0.5103833865814696,0.12658193484517677
0.003415282873391324,0.5103833865814696,0.1261068307510669
0.003415282873391324,0.5111821086261981,0.12606709805296906
0.003435981557472484,0.5111821086261981,0.1254238892419653
0.003435981557472484,0.5119808306709265,0.12531865121165695
0.0034411562284927736,0.5119808306709265,0.12520892506288522
0.0034411562284927736,0.512779552715655,0.12510296750915506
0.003456680241553643,0.512779552715655,0.12485739271724444
0.003456680241553643,0.5143769968051118,0.12413864925627632
0.003461854912573933,0.5143769968051118,0.12407572472059036
0.003461854912573933,0.5151757188498403,0.12392333234946194
0.0034825535966550927,0.5151757188498403,0.12314910616988732
0.0034825535966550927,0.5167731629392971,0.12306170665167883
0.0034877282676753826,0.5167731629392971,0.12289897718434872
0.0034877282676753826,0.5175718849840255,0.12230130208644104
0.003549824319918861,0.5175718849840255,0.12128677818571415
0.003549824319918861,0.518370607028754,0.12096408548464563
0.003565348332979731,0.518370607028754,0.12054181596326563
0.003565348332979731,0.5191693290734825,0.12052865903323659
0.0035808723460406004,0.5191693290734825,0.11975438993608709
0.0035808723460406004,0.5207667731629393,0.11949401932483486
0.00360674570114205,0.5207667731629393,0.11914891449465735
0.00360674570114205,0.5215654952076677,0.11895696507422363
0.0036636670823652386,0.5215654952076677,0.11814579713138848
0.0036636670823652386,0.5223642172523961,0.11813090201189413
0.003694715108486978,0.5223642172523961,0.1175304079292686
0.003694715108486978,0.5231629392971247,0.11751207477720252
0.0037102391215478475,0.5231629392971247,0.11740505788049034
0.0037102391215478475,0.5247603833865815,0.11735280553338799
0.0037309378056290072,0.5247603833865815,0.11723578050625232
0.0037309378056290072,0.5271565495207667,0.11700728418603974
0.0037982085288927755,0.5271565495207667,0.11616849404274202
0.0037982085288927755,0.5279552715654952,0.11615923847021221
0.0038085578709333556,0.5279552715654952,0.1159113276730704
0.0038085578709333556,0.5303514376996805,0.11547793222465803
0.003824081883994225,0.5303514376996805,0.11502271633599583
0.003824081883994225,0.5311501597444089,0.11484411487819025
0.0038499552390956746,0.5311501597444089,0.11427469178163703
0.0038499552390956746,0.5319488817891374,0.11373753836332195
0.003886177936237704,0.5319488817891374,0.11323084496176683
0.003886177936237704,0.5327476038338658,0.11320102911801935
0.003906876620318863,0.5327476038338658,0.11282096955157882
0.003906876620318863,0.536741214057508,0.11225822912762341
0.003943099317460892,0.536741214057508,0.1118306498131075
0.003943099317460892,0.5375399361022364,0.11174817349443263
0.003958623330521762,0.5375399361022364,0.11152155519660335
0.003958623330521762,0.5383386581469649,0.11148170512682926
0.003989671356643501,0.5383386581469649,0.11123095106266218
0.003989671356643501,0.5391373801916933,0.11122214176527317
0.004010370040724661,0.5391373801916933,0.1110869172350047
0.004010370040724661,0.5399361022364217,0.11105393101103285
0.00404659273786669,0.5399361022364217,0.11014083197322523
0.00404659273786669,0.5407348242811502,0.11012380911716489
0.0041293874741913286,0.5407348242811502,0.1084815119293767
0.0041293874741913286,0.5415335463258786,0.1083073492363936
0.004155260829292778,0.5415335463258786,0.1080205536367595
0.004155260829292778,0.542332268370607,0.10801638806457646
0.004165610171333357,0.542332268370607,0.10761702451858128
0.004165610171333357,0.5431309904153354,0.10761098545695201
0.0041914835264348065,0.5431309904153354,0.10727817324615471
0.0041914835264348065,0.5439297124600639,0.10727581174812671
0.0042173568815362565,0.5439297124600639,0.10697418635408013
0.0042173568815362565,0.5447284345047924,0.1068805329843384
0.004227706223576836,0.5447284345047924,0.10665844702131046
0.004227706223576836,0.5455271565495208,0.10646305860737594
0.004258754249698575,0.5455271565495208,0.10584049314914795
0.004258754249698575,0.5463258785942492,0.10569016436154129
0.0043053262888811845,0.5463258785942492,0.10515494635004759
0.0043053262888811845,0.5471246006389776,0.10509886019077881
0.004310500959901474,0.5471246006389776,0.1050014830414157
0.004310500959901474,0.547923322683706,0.10492236468528567
0.004331199643982634,0.547923322683706,0.1045163620573008
0.004331199643982634,0.5487220447284346,0.10446137255425084
0.004362247670104373,0.5487220447284346,0.10412553215888029
0.004362247670104373,0.549520766773163,0.10395697960741027
0.004382946354185533,0.549520766773163,0.10373306125282887
0.004382946354185533,0.5527156549520766,0.10349720454046468
0.004403645038266692,0.5527156549520766,0.10340892077252924
0.004403645038266692,0.5535143769968051,0.10336566383311367
0.004408819709286982,0.5535143769968051,0.10331255555392559
0.004408819709286982,0.555111821086262,0.10322907863772536
0.004429518393368141,0.555111821086262,0.10276429876748394
0.004429518393368141,0.5559105431309904,0.10269541906155365
0.004455391748469591,0.5559105431309904,0.10234989087658526
0.004455391748469591,0.5567092651757188,0.102309477574521
0.00449161444561162,0.5567092651757188,0.10176347668986183
0.00449161444561162,0.5599041533546326,0.10150828066964841
0.0045019637876522,0.5599041533546326,0.10132518990273512
0.0045019637876522,0.560702875399361,0.10111559072706289
0.004517487800713069,0.560702875399361,0.1006696292756546
0.004517487800713069,0.5615015974440895,0.10064580140228419
0.004574409181936258,0.5615015974440895,0.099542397787028
0.004574409181936258,0.5623003194888179,0.09939209835252598
0.004589933194997128,0.5623003194888179,0.0990744846849333
0.004589933194997128,0.5630990415335463,0.09905795114196309
0.004610631879078287,0.5630990415335463,0.09845096395875728
0.004610631879078287,0.5638977635782748,0.0984355689150616
0.004631330563159447,0.5638977635782748,0.09837964661640221
0.004631330563159447,0.5646964856230032,0.09826374481207165
0.004652029247240607,0.5646964856230032,0.09815215764922217
0.004652029247240607,0.5654952076677316,0.09812419076212357
0.004677902602342056,0.5654952076677316,0.09788674096783657
0.004677902602342056,0.5662939297124601,0.09786080062362346
0.004683077273362346,0.5662939297124601,0.09771428936064804
0.004683077273362346,0.5670926517571885,0.09769967674660432
0.004698601286423216,0.5670926517571885,0.09759660154857629
0.004698601286423216,0.5694888178913738,0.09726995817873503
0.004703775957443506,0.5694888178913738,0.09722219625894753
0.004703775957443506,0.5702875399361023,0.09722176549182111
0.004708950628463796,0.5702875399361023,0.09705273692222505
0.004708950628463796,0.5710862619808307,0.09703503062014575
0.004724474641524665,0.5710862619808307,0.09692424554489991
0.004724474641524665,0.5718849840255591,0.09687450195112257
0.004765872009686984,0.5718849840255591,0.09644740028896015
0.004765872009686984,0.5726837060702875,0.09637167034461439
0.004781396022747854,0.5726837060702875,0.09604377475559227
0.004781396022747854,0.5734824281150159,0.09603418106255282
0.004786570693768144,0.5734824281150159,0.09598850027559036
0.004786570693768144,0.5742811501597445,0.09596244135172864
0.0048020947068290135,0.5742811501597445,0.09578859057892498
0.0048020947068290135,0.5750798722044729,0.09576696373861063
0.0048331427329507525,0.5750798722044729,0.09535223348469356
0.0048331427329507525,0.5758785942492013,0.09527047510227805
0.004843492074991332,0.5758785942492013,0.09517254214499919
0.004843492074991332,0.5766773162939297,0.0951520918800486
0.004848666746011622,0.5766773162939297,0.09509431418209191
0.004848666746011622,0.5774760383386581,0.09507578869947376
0.0048900641141739415,0.5774760383386581,0.09444774119512003
0.0048900641141739415,0.5782747603833865,0.09442728761914118
0.004895238785194231,0.5782747603833865,0.09435608919902544
0.004895238785194231,0.5798722044728435,0.09423874374648629
0.004915937469275391,0.5798722044728435,0.09405709723564884
0.004915937469275391,0.5806709265175719,0.09398832448919103
0.004988382863559449,0.5806709265175719,0.09288545337342811
0.004988382863559449,0.5814696485623003,0.09285984074846235
0.005019430889681188,0.5814696485623003,0.09255738847195936
0.005019430889681188,0.5822683706070287,0.0923321063452503
0.005086701612944957,0.5822683706070287,0.09145452279573907
0.005086701612944957,0.5830670926517572,0.09137662575809534
0.005102225626005826,0.5830670926517572,0.09131170832736905
0.005102225626005826,0.5838658146964856,0.0912626815900635
0.005107400297026116,0.5838658146964856,0.09125978894634468
0.005107400297026116,0.5846645367412141,0.0910832454595899
0.005133273652127566,0.5846645367412141,0.09098228309482669
0.005133273652127566,0.5854632587859425,0.09086052593915839
0.0051539723362087255,0.5854632587859425,0.09070244885342185
0.0051539723362087255,0.5862619808306709,0.09067764137873643
0.005190195033350754,0.5862619808306709,0.09033831424485587
0.005190195033350754,0.5870607028753994,0.09032504490615113
0.005205719046411625,0.5870607028753994,0.0902319715309526
0.005205719046411625,0.5878594249201278,0.09020791639498407
0.005247116414573943,0.5878594249201278,0.08985608329582925
0.005247116414573943,0.5886581469648562,0.0898531629437598
0.005283339111715973,0.5886581469648562,0.0896131740654319
0.005283339111715973,0.5894568690095847,0.08958643109526335
0.005366133848040611,0.5894568690095847,0.08865373175363064
0.005366133848040611,0.5902555910543131,0.08865340168111964
0.00539200720314206,0.5902555910543131,0.08850935350018274
0.00539200720314206,0.59185303514377,0.0883106036167883
0.005448928584365249,0.59185303514377,0.08779361330670933
0.005448928584365249,0.5926517571884984,0.0877072063753548
0.0054748019394666985,0.5926517571884984,0.08748795884768625
0.0054748019394666985,0.5942492012779552,0.08747740096115515
0.005500675294568148,0.5942492012779552,0.08713682483009978
0.005500675294568148,0.5950479233226837,0.08710900277829299
0.005557596675791337,0.5950479233226837,0.0867337803921203
0.005557596675791337,0.5958466453674122,0.08664962482402612
0.005578295359872496,0.5958466453674122,0.08652125449006151
0.005578295359872496,0.597444089456869,0.086434764109995
0.005686963451298583,0.597444089456869,0.08561624113218054
0.005686963451298583,0.5982428115015974,0.08560573212180232
0.005712836806400033,0.5982428115015974,0.08541383373203694
0.005712836806400033,0.5990415335463258,0.08537245869382942
0.00584220358190728,0.5990415335463258,0.0845549733751901
0.00584220358190728,0.5998402555910544,0.08448964843115386
0.00586290226598844,0.5998402555910544,0.08416508874374773
0.00586290226598844,0.6006389776357828,0.08415863416405107
0.005888775621089889,0.6006389776357828,0.0840618228115179
0.005888775621089889,0.6014376996805112,0.0839695022481162
0.005950871673333368,0.6014376996805112,0.08354389686247136
0.005950871673333368,0.6022364217252396,0.08348869862277225
0.005981919699455107,0.6022364217252396,0.08338801305275734
0.005981919699455107,0.603035143769968,0.0833655243953262
0.005997443712515977,0.603035143769968,0.08312763985020913
0.005997443712515977,0.6038338658146964,0.08305608787988152
0.006018142396597136,0.6038338658146964,0.08296335751814289
0.006018142396597136,0.604632587859425,0.08294225758845349
0.006023317067617426,0.604632587859425,0.08286049501949845
0.006023317067617426,0.6054313099041534,0.08280763294387274
0.0060905877908811945,0.6054313099041534,0.08191944132275307
0.0060905877908811945,0.6062300319488818,0.08191165579991899
0.006188906540266702,0.6062300319488818,0.08128874513369828
0.006188906540266702,0.6070287539936102,0.08122997143286805
0.006194081211286993,0.6070287539936102,0.08122060050074077
0.006194081211286993,0.6078274760383386,0.08121010476738633
0.0062354785794493115,0.6078274760383386,0.0808789352458172
0.0062354785794493115,0.6086261980830671,0.08087795744828814
0.006240653250469601,0.6086261980830671,0.08085557872760017
0.006240653250469601,0.6094249201277955,0.08085447436108505
0.006282050618631921,0.6094249201277955,0.08056108803898494
0.006282050618631921,0.610223642172524,0.08049603766217622
0.006370020025976849,0.610223642172524,0.0796166401218938
0.006370020025976849,0.6110223642172524,0.07957729940486773
0.0063803693680174285,0.6110223642172524,0.07945472074723403
0.0063803693680174285,0.6118210862619808,0.07940717600363557
0.006401068052098588,0.6118210862619808,0.07927773702597224
0.006401068052098588,0.6126198083067093,0.07924565880740975
0.006416592065159457,0.6126198083067093,0.07917679238936738
0.006416592065159457,0.6134185303514377,0.07910376096249812
0.006447640091281197,0.6134185303514377,0.07888053021536881
0.006447640091281197,0.6142172523961661,0.0788674356866755
0.006457989433321777,0.6142172523961661,0.07874145969629777
0.006457989433321777,0.6150159744408946,0.07871402881141196
0.006478688117402936,0.6150159744408946,0.07861073751372166
0.006478688117402936,0.615814696485623,0.07856780641204399
0.006716722984336271,0.615814696485623,0.07693223494447556
0.006716722984336271,0.6166134185303515,0.07685685119620944
0.007068600613715983,0.6166134185303515,0.07437754597441722
0.007068600613715983,0.6174121405750799,0.07430969021916939
0.007249714099426129,0.6174121405750799,0.073243699711801
0.007249714099426129,0.6182108626198083,0.07318636414397078
0.007270412783507288,0.6182108626198083,0.0730346666450775
0.007270412783507288,0.6190095846645367,0.07303436382849865
0.007322159493710187,0.6190095846645367,0.07268120747277639
0.007322159493710187,0.6198083067092651,0.07267803080536399
0.007389430216973956,0.6198083067092651,0.0724761231705691
0.007389430216973956,0.6206070287539937,0.07244608381892265
0.007410128901055115,0.6206070287539937,0.07233256527633919
0.007410128901055115,0.6214057507987221,0.07233175088918735
0.007534321005542073,0.6214057507987221,0.07173661306796168
0.007534321005542073,0.6222044728434505,0.07172421645180245
0.00765333843900874,0.6222044728434505,0.07131708184272337
0.00765333843900874,0.6230031948881789,0.0713029438172514
0.007699910478191349,0.6230031948881789,0.07094337301718855
0.007699910478191349,0.6238019169329073,0.07091846565694615
0.007710259820231929,0.6238019169329073,0.07087604251126617
0.007710259820231929,0.6246006389776357,0.07072750266392698
0.007720609162272509,0.6246006389776357,0.07065681693161852
0.007720609162272509,0.6253993610223643,0.07065027089372342
0.007730958504313088,0.6253993610223643,0.07058560756296567
0.007730958504313088,0.6261980830670927,0.07053157698715254
0.007746482517373958,0.6261980830670927,0.07052104602230384
0.007746482517373958,0.6269968051118211,0.07049239460385351
0.007891373305942074,0.6269968051118211,0.06934263899362027
0.007891373305942074,0.6277955271565495,0.06931102262812938
0.007937945345124684,0.6277955271565495,0.06907779087946742
0.007937945345124684,0.6285942492012779,0.06906782748822395
0.008031089423489901,0.6285942492012779,0.06847770731488538
0.008031089423489901,0.6293929712460063,0.06846745923780988
0.00810870948879425,0.6293929712460063,0.06785090014644429
0.00810870948879425,0.6301916932907349,0.06784641655153853
0.0081345828438957,0.6301916932907349,0.06772626814260219
0.0081345828438957,0.6309904153354633,0.06772482550015155
0.008165630870017438,0.6309904153354633,0.06767900245247485
0.008165630870017438,0.6317891373801917,0.06765376714073101
0.008238076264301498,0.6317891373801917,0.0674160855215747
0.008238076264301498,0.6325878594249201,0.0674061263325617
0.008274298961443527,0.6325878594249201,0.06724817258176075
0.008274298961443527,0.6333865814696485,0.06723836467675501
0.008294997645524686,0.6333865814696485,0.06712002947073148
0.008294997645524686,0.634185303514377,0.06705988804026011
0.008445063105113093,0.634185303514377,0.06614116707475973
0.008445063105113093,0.6349840255591054,0.06610895268703372
0.008693447314087006,0.6349840255591054,0.06496604416691404
0.008693447314087006,0.6357827476038339,0.0649479655215531
0.008771067379391356,0.6357827476038339,0.06474470562267538
0.008771067379391356,0.6365814696485623,0.06472947563140945
0.008848687444695703,0.6365814696485623,0.06425799486985256
0.008848687444695703,0.6373801916932907,0.06422265205217573
0.008853862115715993,0.6373801916932907,0.06422051083012344
0.008853862115715993,0.6381789137380192,0.06421000615626904
0.008900434154898603,0.6381789137380192,0.0640650595742995
0.008900434154898603,0.6389776357827476,0.06405553415437666
0.00898840356224353,0.6389776357827476,0.06376450362229348
0.00898840356224353,0.639776357827476,0.0637224944539796
0.009159167705913096,0.639776357827476,0.06298424800718476
0.009159167705913096,0.6405750798722045,0.06298342508634398
0.009174691718973966,0.6405750798722045,0.06294788470009627
0.009174691718973966,0.6413738019169329,0.06294185334355495
0.009231613100197156,0.6413738019169329,0.06269748550782206
0.009231613100197156,0.6421725239616614,0.06266037847186617
0.009267835797339185,0.6421725239616614,0.06252481354757349
0.009267835797339185,0.6429712460063898,0.06252421721835316
0.009397202572846432,0.6429712460063898,0.06193401033746949
0.009397202572846432,0.6437699680511182,0.061930034832806846
0.009511045335292808,0.6437699680511182,0.06153477270626929
0.009511045335292808,0.6445686900958466,0.06147232793601223
0.009655936123860925,0.6445686900958466,0.060906154471627935
0.009655936123860925,0.645367412140575,0.06088695009576383
0.009733556189165275,0.645367412140575,0.060635020176672244
0.009733556189165275,0.6461661341853036,0.0606271840791345
0.009795652241408753,0.6461661341853036,0.060459280312457404
0.009795652241408753,0.646964856230032,0.060429112200207344
0.00994054302997687,0.646964856230032,0.059748297919439745
0.00994054302997687,0.6477635782747604,0.05970965163459819
0.010018163095281217,0.6477635782747604,0.05947101392103896
0.010018163095281217,0.6485623003194888,0.05946587531841712
0.010023337766301507,0.6485623003194888,0.05946446296967617
0.010023337766301507,0.6493610223642172,0.059431618777758335
0.010090608489565276,0.6493610223642172,0.0592305572357793
0.010090608489565276,0.6501597444089456,0.0592280320941414
0.010126831186707305,0.6501597444089456,0.05908056731698482
0.010126831186707305,0.6509584664536742,0.05905753908433584
0.010240673949153683,0.6509584664536742,0.05871273219682936
0.010240673949153683,0.6517571884984026,0.05869873610427737
0.010287245988336292,0.6517571884984026,0.05853951101904337
0.010287245988336292,0.652555910543131,0.05851480922888053
0.01041143809282325,0.652555910543131,0.058111254063758035
0.01041143809282325,0.6533546325878594,0.058102329441159895
0.010639123617716004,0.6533546325878594,0.05730416911380174
0.010639123617716004,0.6541533546325878,0.057282887412800215
0.010768490393223251,0.6541533546325878,0.05679866135764206
0.010768490393223251,0.6549520766773163,0.05678694999926467
0.010939254536892817,0.6549520766773163,0.056180725027183756
0.010939254536892817,0.6557507987220448,0.05617330501478713
0.011104844009542094,0.6557507987220448,0.055677788432633435
0.011104844009542094,0.6565495207667732,0.05566926777076425
0.011172114732805861,0.6565495207667732,0.055419150076703554
0.011172114732805861,0.6573482428115016,0.05541453422706874
0.01129630683729282,0.6573482428115016,0.054963728306806424
0.01129630683729282,0.65814696485623,0.05495507903752105
0.011808599268301518,0.65814696485623,0.053590091735208165
0.011808599268301518,0.6589456869009584,0.05358893121300265
0.011979363411971084,0.6589456869009584,0.05319569870354144
0.011979363411971084,0.6597444089456869,0.053147382657449734
0.012077682161356592,0.6597444089456869,0.05291920970133669
0.012077682161356592,0.6605431309904153,0.05290975741381341
0.012227747620945,0.6605431309904153,0.05243969656090216
0.012227747620945,0.6613418530351438,0.05241879375147237
0.012284669002168187,0.6613418530351438,0.05235381177318498
0.012284669002168187,0.6621405750798722,0.05234730531458343
0.012310542357269636,0.6621405750798722,0.05223738267832318
0.012310542357269636,0.6629392971246006,0.05222144840702991
0.012377813080533404,0.6629392971246006,0.05210785801149311
0.012377813080533404,0.6637380191693291,0.05209619584628124
0.012382987751553696,0.6637380191693291,0.05208818673123166
0.012382987751553696,0.6645367412140575,0.052085644016970405
0.012424385119716014,0.6645367412140575,0.05201315815022693
0.012424385119716014,0.6653354632587859,0.051991050517549674
0.013247157811942106,0.6653354632587859,0.050025393870722676
0.013247157811942106,0.6661341853035144,0.05001963567360275
0.013345476561327613,0.6661341853035144,0.0498033457781984
0.013345476561327613,0.6669329073482428,0.049786843478447404
0.013397223271530513,0.6669329073482428,0.04968636258450699
0.013397223271530513,0.6677316293929713,0.04968551744180471
0.013526590047037759,0.6677316293929713,0.049239168896608676
0.013526590047037759,0.6685303514376997,0.04923770798738475
0.013718052874788486,0.6685303514376997,0.04875207008645178
0.013718052874788486,0.6693290734824281,0.048749368248798434
0.013925039715600081,0.6693290734824281,0.0483025477274229
0.013925039715600081,0.6701277955271565,0.04829802889688303
0.01396126241274211,0.6701277955271565,0.048219308357701156
0.01396126241274211,0.670926517571885,0.048209887256774296
0.014173423924573995,0.670926517571885,0.047739930306549196
0.014173423924573995,0.6717252396166135,0.04772880972066819
0.014183773266614574,0.6717252396166135,0.04770991943508112
0.014183773266614574,0.6725239616613419,0.047695880706892325
0.014307965371101532,0.6725239616613419,0.0473664112816974
0.014307965371101532,0.6733226837060703,0.04735355888557348
0.014385585436405881,0.6733226837060703,0.047273486966100675
0.014385585436405881,0.6741214057507987,0.047257025595979225
0.015348074246179799,0.6741214057507987,0.04517895125021161
0.015348074246179799,0.6749201277955271,0.04516350447400269
0.015487790363727626,0.6749201277955271,0.04481010082372101
0.015487790363727626,0.6757188498402555,0.044799937281034756
0.01577757194086386,0.6757188498402555,0.0443072250475551
0.01577757194086386,0.6765175718849841,0.044293766937568105
0.015896589374330528,0.6765175718849841,0.04409663469932135
0.015896589374330528,0.6773162939297125,0.044090344815329086
0.016383008450237775,0.6773162939297125,0.04326460384170593
0.016383008450237775,0.6781150159744409,0.04325382527122521
0.01708158903797691,0.6781150159744409,0.042145271069976856
0.01708158903797691,0.6789137380191693,0.04214088917306956
0.017588706797965318,0.6789137380191693,0.04136499046180403
0.017588706797965318,0.6797124600638977,0.04135995412778165
0.018602942317942135,0.6797124600638977,0.03986938264976809
0.018602942317942135,0.6805111821086262,0.039868072652977045
0.019239426853437793,0.6805111821086262,0.03897892698018333
0.019239426853437793,0.6813099041533547,0.03897565548839935
0.019451588365269678,0.6813099041533547,0.03871699244646005
0.019451588365269678,0.6821086261980831,0.03871109894352839
0.019482636391391417,0.6821086261980831,0.03864355535135606
0.019482636391391417,0.6829073482428115,0.03863496785140022
0.020434775859124756,0.6829073482428115,0.037241842645339425
0.020434775859124756,0.6837060702875399,0.03723882238076013
0.020760780133403017,0.6837060702875399,0.03684859032596094
0.020760780133403017,0.6845047923322684,0.03683166875349655
0.020936718948092875,0.6845047923322684,0.03659900395247404
0.020936718948092875,0.6853035143769968,0.036592095362257576
0.021857810389704475,0.6853035143769968,0.03551683133484346
0.021857810389704475,0.6861022364217252,0.03551668588642076
0.021883683744805923,0.6861022364217252,0.03550069168080107
0.021883683744805923,0.6869009584664537,0.035473601794235345
0.022696107094991435,0.6869009584664537,0.034550575825319126
0.022696107094991435,0.6876996805111821,0.03454910448839815
0.02288756992274216,0.6876996805111821,0.034335192992257756
0.02288756992274216,0.6884984025559105,0.03433389088645321
0.02385005873251608,0.6884984025559105,0.03343171009354742
0.02385005873251608,0.689297124600639,0.033425546159902245
0.02390698011373927,0.689297124600639,0.03336764050063828
0.02390698011373927,0.6900958466453674,0.03336227034866453
0.024057045573327676,0.6900958466453674,0.033204437302618676
0.024057045573327676,0.6908945686900958,0.033204048493848816
0.02419158701985521,0.6908945686900958,0.03310475133707593
0.02419158701985521,0.6916932907348243,0.033102052570642124
0.02435717649250449,0.6916932907348243,0.03293697721170911
0.02435717649250449,0.6924920127795527,0.03293544083763554
0.026199359375727687,0.6924920127795527,0.03145839391570258
0.026199359375727687,0.6932907348242812,0.031447179817458135
0.02661850772837117,0.6932907348242812,0.031138942789628008
0.02661850772837117,0.6940894568690096,0.031120155744306512
0.026727175819797257,0.6940894568690096,0.031052496874918335
0.026727175819797257,0.694888178913738,0.031046981693027314
0.029076476463008864,0.694888178913738,0.029279925635607336
0.029076476463008864,0.6956869009584664,0.02927493058685426
0.03026665079767554,0.6956869009584664,0.02838999686394402
0.03026665079767554,0.6964856230031949,0.028389401097172817
0.03063405244011612,0.6964856230031949,0.02810413344960443
0.03063405244011612,0.6972843450479234,0.02810270151736785
0.0307478952025625,0.6972843450479234,0.028016473338717665
0.0307478952025625,0.6980830670926518,0.028014899789035052
0.03239861525803497,0.6980830670926518,0.02695873034119109
0.03239861525803497,0.6988817891373802,0.026954674751656773
0.03262630078292773,0.6988817891373802,0.026831497171629984
0.03262630078292773,0.6996805111821086,0.02683047911638689
0.03553964056735093,0.6996805111821086,0.025204011974087167
0.03553964056735093,0.700479233226837,0.02519758380853073
0.03558103793551325,0.700479233226837,0.025181396331871952
0.03558103793551325,0.7012779552715654,0.025179973866023147
0.03608815569550166,0.7012779552715654,0.024915617414448102
0.03608815569550166,0.702076677316294,0.024913034208954268
0.036274443852232094,0.702076677316294,0.024791078432853542
0.036274443852232094,0.7028753993610224,0.024781767289578246
0.037200709964863986,0.7028753993610224,0.0243059142829362
0.037200709964863986,0.7036741214057508,0.024305127789672323
0.037847543842400216,0.7036741214057508,0.024008185522028463
0.037847543842400216,0.7044728434504792,0.024007425077900105
0.03853060041707848,0.7044728434504792,0.023659093339782354
0.03853060041707848,0.7052715654952076,0.023655086173735712
0.039322325083182834,0.7052715654952076,0.02328290145828895
0.039322325083182834,0.7060702875399361,0.02327826892208076
0.03966902804154226,0.7060702875399361,0.023067989007221873
0.03966902804154226,0.7068690095846646,0.02306696409853038
0.039700076067664,0.7068690095846646,0.02305434527502113
0.039700076067664,0.707667731629393,0.023053105469581812
0.04009852573622632,0.707667731629393,0.022867929620479437
0.04009852573622632,0.7084664536741214,0.02286766992806933
0.040424530010504583,0.7084664536741214,0.02271835007467864
0.040424530010504583,0.7092651757188498,0.02271820861339872
0.04068326356151908,0.7092651757188498,0.022631706990863275
0.04068326356151908,0.7100638977635783,0.02263133695764326
0.04086955171824951,0.7100638977635783,0.022542242896164015
0.04086955171824951,0.7108626198083067,0.022540867001704063
0.041992455329652414,0.7108626198083067,0.02205328357891009
0.041992455329652414,0.7116613418530351,0.022051653272115446
0.04202350335577416,0.7116613418530351,0.02204628558309834
0.04202350335577416,0.7124600638977636,0.02204480975890257
0.04229258624882923,0.7124600638977636,0.02193810530621966
0.04229258624882923,0.713258785942492,0.0219347971610864
0.04367939808226692,0.713258785942492,0.021399171799471255
0.04367939808226692,0.7140575079872205,0.021399044694689152
0.04453321880061475,0.7140575079872205,0.021083181272341708
0.04453321880061475,0.7148562300319489,0.021082632724335828
0.04460048952387852,0.7148562300319489,0.021051649732609156
0.04460048952387852,0.7156549520766773,0.021046784387297603
0.04500411386346113,0.7156549520766773,0.02089217612816266
0.04500411386346113,0.7164536741214057,0.02088874091412095
0.04582171188466693,0.7164536741214057,0.020571487307504466
0.04582171188466693,0.7172523961661342,0.02057003340347761
0.048678130287866946,0.7172523961661342,0.019593270627121778
0.048678130287866946,0.7180511182108626,0.01959315733175541
0.049640619097640865,0.7180511182108626,0.019261059253524
0.049640619097640865,0.7188498402555911,0.01926066651961057
0.05097050954985537,0.7188498402555911,0.018863028641126524
0.05097050954985537,0.7196485623003195,0.018861979927030748
0.051058478957200296,0.7196485623003195,0.01883102029780289
0.051058478957200296,0.7204472843450479,0.01882912682641562
0.05122406842984957,0.7204472843450479,0.018775519439301173
0.05122406842984957,0.7212460063897763,0.01877368605116967
0.051570771388208994,0.7212460063897763,0.018650017901628114
0.051570771388208994,0.7220447284345048,0.0186495869829163
0.051622518098411896,0.7220447284345048,0.018638622840916157
0.051622518098411896,0.7228434504792333,0.018638579761325037
0.052445290790637984,0.7228434504792333,0.018376573589025495
0.052445290790637984,0.7236421725239617,0.0183761403838699
0.053231840785722045,0.7236421725239617,0.01817997870099575
0.053231840785722045,0.7244408945686901,0.018179381971952634
0.05368721183550756,0.7244408945686901,0.018050521765188808
0.05368721183550756,0.7252396166134185,0.018048512299770097
0.05420985360855684,0.7252396166134185,0.017894890427132503
0.05420985360855684,0.7260383386581469,0.017894532286698947
0.05439096709426698,0.7260383386581469,0.017832597691284913
0.05439096709426698,0.7268370607028753,0.017830790756527482
0.054509984527733646,0.7268370607028753,0.017807475876650315
0.054509984527733646,0.7276357827476039,0.017806625730441266
0.05493948222241771,0.7276357827476039,0.01769140416523519
0.05493948222241771,0.7284345047923323,0.017690764451029545
0.0554052026142438,0.7284345047923323,0.017558582458746332
0.0554052026142438,0.7292332268370607,0.017557898836784113
0.05550352136362931,0.7292332268370607,0.017539725267096972
0.05550352136362931,0.7300319488817891,0.01753962412574931
0.055653586823217714,0.7300319488817891,0.017494517395882887
0.055653586823217714,0.7308306709265175,0.017493940106023446
0.0557622549146438,0.7308306709265175,0.0174714019013704
0.0557622549146438,0.731629392971246,0.017471039569318118
0.057288782865629315,0.731629392971246,0.01705538463416723
0.057288782865629315,0.7324281150159745,0.01705328828457943
0.057920092730104684,0.7324281150159745,0.01687958097303516
0.057920092730104684,0.7332268370607029,0.016877259892506418
0.05830819305662643,0.7332268370607029,0.016761806219305654
0.05830819305662643,0.7340255591054313,0.016760793998122123
0.05902747232844672,0.7340255591054313,0.016600231243945128
0.05902747232844672,0.7348242811501597,0.01659886064836471
0.059239633840278604,0.7348242811501597,0.01654301389212762
0.059239633840278604,0.7356230031948882,0.01654101937621534
0.059358651273745275,0.7356230031948882,0.01651019862026734
0.059358651273745275,0.7364217252396166,0.016509432779535285
0.05994856377005832,0.7364217252396166,0.016386410081204963
0.05994856377005832,0.737220447284345,0.016386309332971995
0.06109734073656267,0.737220447284345,0.016091451475164813
0.06109734073656267,0.7380191693290735,0.01609116409416863
0.061128388762684414,0.7380191693290735,0.016078893581914288
0.061128388762684414,0.7388178913738019,0.01607793794236401
0.06199255882307282,0.7388178913738019,0.015881045341000544
0.06199255882307282,0.7396166134185304,0.01588043828338828
0.0621581482957221,0.7396166134185304,0.015850734310780094
0.0621581482957221,0.7404153354632588,0.015849262626136146
0.06223576836102645,0.7404153354632588,0.015822417192758398
0.06223576836102645,0.7412140575079872,0.015820240274414737
0.065226728210754,0.7412140575079872,0.015083358545751418
0.065226728210754,0.7420127795527156,0.015076874624738008
0.06723967523764676,0.7420127795527156,0.014647584706295845
0.06723967523764676,0.7428115015974441,0.01464684938807144
0.06731729530295112,0.7428115015974441,0.014633725220845759
0.06731729530295112,0.7436102236421726,0.014632569878453985
0.06891626864822069,0.7436102236421726,0.014323185496515897
0.06891626864822069,0.744408945686901,0.01432205299895698
0.06963037324902069,0.744408945686901,0.014156808548999074
0.06963037324902069,0.7452076677316294,0.014154022625791907
0.07468085216482362,0.7452076677316294,0.013219823879311218
0.07468085216482362,0.7460063897763578,0.01321856636041766
0.0765333843900874,0.7460063897763578,0.012929722646406124
0.0765333843900874,0.7468051118210862,0.012929210827276973
0.07715951958354247,0.7468051118210862,0.012807945965243279
0.07715951958354247,0.7476038338658147,0.01280696841497753
0.07845836200963524,0.7476038338658147,0.012591734616277175
0.07845836200963524,0.7484025559105432,0.01259170332067852
0.08132512975487584,0.7484025559105432,0.012157673483761969
0.08132512975487584,0.7492012779552716,0.012156219051519397
0.08260327349688744,0.7492012779552716,0.011959746219274335
0.08260327349688744,0.75,0.011958138389671146
0.0829241031001454,0.75,0.01190129150694282
0.0829241031001454,0.7507987220447284,0.011900663337653276
0.08343122086013381,0.7507987220447284,0.011826072812030323
0.08343122086013381,0.7515974440894568,0.01182606273585523
0.08347779289931642,0.7515974440894568,0.011819139973715647
0.08347779289931642,0.7523961661341853,0.01181913033950319
0.08382449585767585,0.7523961661341853,0.011771134303875707
0.08382449585767585,0.7531948881789138,0.011769406210893885
0.08433161361766425,0.7531948881789138,0.011703230267414141
0.08433161361766425,0.7539936102236422,0.011702797247317114
0.08509746492866715,0.7539936102236422,0.011593836975810163
0.08509746492866715,0.7547923322683706,0.011592678440318967
0.08608582709354252,0.7547923322683706,0.01146208285794433
0.08608582709354252,0.755591054313099,0.011459592309054198
0.0876848004388121,0.755591054313099,0.011254713665057935
0.0876848004388121,0.7563897763578274,0.01125422367428036
0.090396328053444,0.7563897763578274,0.01087840471215266
0.090396328053444,0.7571884984025559,0.010877933880750326
0.09085169910322952,0.7571884984025559,0.010821577241523776
0.09085169910322952,0.7579872204472844,0.010820712141456378
0.09327344514072518,0.7579872204472844,0.010522688932591243
0.09327344514072518,0.7587859424920128,0.010522338442164743
0.09424628329253967,0.7587859424920128,0.0104029009925139
0.09424628329253967,0.7595846645367412,0.010402122980665066
0.0956693178231194,0.7595846645367412,0.010234415233433939
0.0956693178231194,0.7603833865814696,0.010233957890589689
0.09810141320265564,0.7603833865814696,0.009921639640605679
0.09810141320265564,0.7611821086261981,0.009921230592994228
0.09956067043037739,0.7611821086261981,0.00975098648925818
0.09956067043037739,0.7619808306709265,0.009749733564604289
0.09984527733649333,0.7619808306709265,0.009718961376114098
0.09984527733649333,0.762779552715655,0.00971817850554765
0.10250505824092233,0.762779552715655,0.009414393686100203
0.10250505824092233,0.7635782747603834,0.00941408692895335
0.10552706611677162,0.7635782747603834,0.009093430285242475
0.10552706611677162,0.7643769968051118,0.009092321229917915
0.10730715294775135,0.7643769968051118,0.008936258536625738
0.10730715294775135,0.7651757188498403,0.008935619577710453
0.1073847730130557,0.7651757188498403,0.00892744049603047
0.1073847730130557,0.7659744408945687,0.00892714447987054
0.1130613871223137,0.7659744408945687,0.008388838628609058
0.1130613871223137,0.7667731629392971,0.008388781540515686
0.11370822099984994,0.7667731629392971,0.008337054655579448
0.11370822099984994,0.7675718849840255,0.008336927068811307
0.11384793711739777,0.7675718849840255,0.008325718758346302
0.11384793711739777,0.768370607028754,0.008325592964483
0.11432400685126443,0.768370607028754,0.008286031976720195
0.11432400685126443,0.7691693290734825,0.008285230517706256
0.1170976305181398,0.7691693290734825,0.008049283381250773
0.1170976305181398,0.7699680511182109,0.008048698713426056
0.11732531604303256,0.7699680511182109,0.008029674201240835
0.11732531604303256,0.7707667731629393,0.008029558626801271
0.11754265222588474,0.7707667731629393,0.00801283953991188
0.11754265222588474,0.7715654952076677,0.008012070930342334
0.12070955089030215,0.7715654952076677,0.007737951620860977
0.12070955089030215,0.7723642172523961,0.007737164638856745
0.12119079529518911,0.7723642172523961,0.007688685771156025
0.12119079529518911,0.7731629392971247,0.007688577578793418
0.1286164482093051,0.7731629392971247,0.007153747778041923
0.1286164482093051,0.7739616613418531,0.007153700464927446
0.1333150494957283,0.7739616613418531,0.006826752059691026
0.1333150494957283,0.7747603833865815,0.00682651264542121
0.13508996165568773,0.7747603833865815,0.006705365279402428
0.13508996165568773,0.7755591054313099,0.006705281877157631
0.13607832382056312,0.7755591054313099,0.006644611871506689
0.13607832382056312,0.7763578274760383,0.006644337912643608
0.13719087808992544,0.7763578274760383,0.006565748762483379
0.13719087808992544,0.7771565495207667,0.006564949539609596
0.1411029293812646,0.7771565495207667,0.006314347862099359
0.1411029293812646,0.7779552715654952,0.0063134567815030275
0.14461653100404143,0.7779552715654952,0.006113021558600829
0.14461653100404143,0.7787539936102237,0.006112118474740832
0.14563076652401824,0.7787539936102237,0.006053432169861248
0.14563076652401824,0.7795527156549521,0.006053013246135623
0.14726078789540956,0.7795527156549521,0.0059604856596820145
0.14726078789540956,0.7803514376996805,0.0059601335354876
0.1491805908439371,0.7803514376996805,0.00585449396553579
0.1491805908439371,0.7811501597444089,0.005854431561878456
0.1532685809499661,0.7811501597444089,0.005646440927985889
0.1532685809499661,0.7819488817891374,0.005645971989591941
0.1544949779817748,0.7819488817891374,0.0055894596186425345
0.1544949779817748,0.7827476038338658,0.005589015825444964
0.16141351313590238,0.7827476038338658,0.005255501538194871
0.16141351313590238,0.7835463258785943,0.0052552737540734334
0.16164119866079513,0.7835463258785943,0.0052450032977559196
0.16164119866079513,0.7843450479233227,0.0052449611549903324
0.1620189496452763,0.7843450479233227,0.005227624491637294
0.1620189496452763,0.7851437699680511,0.005227614370394338
0.1654497565317285,0.7851437699680511,0.005081452395554077
0.1654497565317285,0.7859424920127795,0.005081432270032798
0.16562052067539806,0.7859424920127795,0.005070009458009621
0.16562052067539806,0.786741214057508,0.0050699601847973485
0.17265289859197203,0.786741214057508,0.004769860262072227
0.17265289859197203,0.7875399361022364,0.004769662511765992
0.17328938312746767,0.7875399361022364,0.004746709009099117
0.17328938312746767,0.7883386581469649,0.004746563399440315
0.17554036502129378,0.7883386581469649,0.004649088292163047
0.17554036502129378,0.7891373801916933,0.004649070324982229
0.1757783998882271,0.7891373801916933,0.004639210548133916
0.1757783998882271,0.7899361022364217,0.004639158030948638
0.17897634657876627,0.7899361022364217,0.004521029141621179
0.17897634657876627,0.7907348242811502,0.0045207060532148555
0.18266588701623293,0.7907348242811502,0.004388401520949754
0.18266588701623293,0.7915335463258786,0.004388387996031784
0.18565167219494022,0.7915335463258786,0.004272484862164211
0.18565167219494022,0.792332268370607,0.004272351143624928
0.19047446558585038,0.792332268370607,0.004104383579748043
0.19047446558585038,0.7931309904153354,0.004103972119853729
0.1932791372788475,0.7931309904153354,0.004010536460617291
0.1932791372788475,0.7939297124600639,0.004010203813472302
0.1985521270485229,0.7939297124600639,0.0038408812537907293
0.1985521270485229,0.7947284345047924,0.003840664568888421
0.20116533591376928,0.7947284345047924,0.0037598514095585015
0.20116533591376928,0.7955271565495208,0.0037595427046497863
0.20142924413580407,0.7955271565495208,0.003750508186692901
0.20142924413580407,0.7963258785942492,0.003750272267512283
0.20748360922954323,0.7963258785942492,0.0035657834343354212
0.20748360922954323,0.7971246006389776,0.00356552362174498
0.20884972237889976,0.7971246006389776,0.003529185066289352
0.20884972237889976,0.797923322683706,0.003529171790560968
0.20906705856175192,0.797923322683706,0.0035221783388281504
0.20906705856175192,0.7987220447284346,0.0035221518259170503
0.21278247235432007,0.7987220447284346,0.0034213927135620424
0.21278247235432007,0.799520766773163,0.0034213283781378417
0.21350175162614038,0.799520766773163,0.003402530861540437
0.21350175162614038,0.8003194888178914,0.0034025135925240062
0.21420550688489978,0.8003194888178914,0.003382622156046591
0.21420550688489978,0.8011182108626198,0.0033825127849465976
0.21822105159664473,0.8011182108626198,0.0032788591246466054
0.21822105159664473,0.8019169329073482,0.0032787535466295894
0.2204979068455723,0.8019169329073482,0.0032210737955188184
0.2204979068455723,0.8027156549520766,0.0032210290615030794
0.22071006835740417,0.8027156549520766,0.003215361329408852
0.22071006835740417,0.8035143769968051,0.0032150281465430936
0.2248446305026158,0.8035143769968051,0.003107933256335497
0.2248446305026158,0.8043130990415336,0.003107743198093598
0.23140611335634337,0.8043130990415336,0.002939240144236428
0.23140611335634337,0.805111821086262,0.002939202107541904
0.23464545741504483,0.805111821086262,0.0028625720183219966
0.23464545741504483,0.8059105431309904,0.0028623561252195924
0.2468887290490507,0.8059105431309904,0.0025919857454151166
0.2468887290490507,0.8067092651757188,0.0025919040200834665
0.24924837903430289,0.8067092651757188,0.0025404296553959045
0.24924837903430289,0.8075079872204473,0.0025404003544825184
0.2631423707237812,0.8075079872204473,0.002282123812408525
0.2631423707237812,0.8083067092651757,0.0022819745956117756
0.2680376095089755,0.8083067092651757,0.002198341350290979
0.2680376095089755,0.8091054313099042,0.002198266217605686
0.2683894871383552,0.8091054313099042,0.002191668512615662
0.2683894871383552,0.8099041533546326,0.002191604764589147
0.27122520685747403,0.8099041533546326,0.002142699684532364
0.27122520685747403,0.810702875399361,0.0021425233727883
0.2712924775807378,0.810702875399361,0.0021417145465534976
0.2712924775807378,0.8115015974440895,0.002141679844945248
0.2776780216197755,0.8115015974440895,0.0020438274458497033
0.2776780216197755,0.8123003194888179,0.0020437584767066573
0.2841360110530973,0.8123003194888179,0.0019473349380771296
0.2841360110530973,0.8130990415335463,0.0019472364665322186
0.2890002018121698,0.8130990415335463,0.0018757937362436981
0.2890002018121698,0.8138977635782748,0.0018757550726952042
0.289647035689706,0.8138977635782748,0.001867253924363584
0.289647035689706,0.8146964856230032,0.0018671741022736645
0.2937298511247147,0.8146964856230032,0.001814950550864797
0.2937298511247147,0.8154952076677316,0.0018147528154835732
0.2972279287344307,0.8154952076677316,0.0017686884279667068
0.2972279287344307,0.8162939297124601,0.001768606621844861
0.29725380208953217,0.8162939297124601,0.001768031488754249
0.29725380208953217,0.8170926517571885,0.0017679352757185606
0.2986043912258278,0.8170926517571885,0.0017497106982749043
0.2986043912258278,0.8178913738019169,0.0017495807163585774
0.29872858333031477,0.8178913738019169,0.0017474437131817456
0.29872858333031477,0.8186900958466453,0.0017474313652809446
0.3011710280518916,0.8186900958466453,0.0017142292484399366
0.3011710280518916,0.8194888178913738,0.0017141174304056445
0.30123829877515534,0.8194888178913738,0.0017132824270299535
0.30123829877515534,0.8202875399361023,0.0017132119114625362
0.3034478833008192,0.8202875399361023,0.0016887628789544987
0.3034478833008192,0.8210862619808307,0.0016887543424634693
0.30462770829344527,0.8210862619808307,0.0016729370483356439
0.30462770829344527,0.8218849840255591,0.001672779869253857
0.305409083617509,0.8218849840255591,0.0016628571536027893
0.305409083617509,0.8226837060702875,0.0016624342423777027
0.3060248694689235,0.8226837060702875,0.0016546997734134096
0.3060248694689235,0.8234824281150159,0.0016545331528881448
0.30617493492851194,0.8234824281150159,0.001651987075557711
0.30617493492851194,0.8242811501597445,0.0016519449935607621
0.3070028822917583,0.8242811501597445,0.001641583241120217
0.3070028822917583,0.8250798722044729,0.0016415707858710058
0.3081309605741815,0.8250798722044729,0.0016287103572405137
0.3081309605741815,0.8258785942492013,0.001628633184299378
0.3090986240549757,0.8258785942492013,0.0016172357476352114
0.3090986240549757,0.8266773162939297,0.0016171996211797556
0.30978685530067424,0.8266773162939297,0.0016087203191735586
0.30978685530067424,0.8274760383386581,0.0016087037393701295
0.31152037009247135,0.8274760383386581,0.0015882162850699454
0.31152037009247135,0.8282747603833865,0.001588053150787109
0.3125604789675496,0.8282747603833865,0.001575834240089486
0.3125604789675496,0.829073482428115,0.001575809995688954
0.317957660841712,0.829073482428115,0.0015163461933317046
0.317957660841712,0.8298722044728435,0.0015163315687778578
0.3224285766032424,0.8298722044728435,0.0014697405480414935
0.3224285766032424,0.8306709265175719,0.0014697336881271579
0.32524359763828015,0.8306709265175719,0.0014407140675653136
0.32524359763828015,0.8314696485623003,0.0014407098788004797
0.3255747765835787,0.8314696485623003,0.0014379132384395637
0.3255747765835787,0.8322683706070287,0.0014378954035818743
0.32619573710601346,0.8322683706070287,0.0014314748554541893
0.32619573710601346,0.8330670926517572,0.001431426296134271
0.3311478972724309,0.8330670926517572,0.0013803461043273406
0.3311478972724309,0.8338658146964856,0.0013803033108678061
0.3318723512152715,0.8338658146964856,0.001372762625224097
0.3318723512152715,0.8346645367412141,0.001372719520937451
0.33362656469114976,0.8346645367412141,0.001354628418741909
0.33362656469114976,0.8354632587859425,0.0013546127252529517
0.3338904729131845,0.8354632587859425,0.001352278876755166
0.3338904729131845,0.8362619808306709,0.001352237962866306
0.33773525348125993,0.8362619808306709,0.001317184058620135
0.33773525348125993,0.8370607028753994,0.0013171482681801844
0.3408400560934339,0.8370607028753994,0.0012901181133063368
0.3408400560934339,0.8378594249201278,0.001290114257339111
0.34201470641503967,0.8378594249201278,0.0012795392737027966
0.34201470641503967,0.8386581469648562,0.0012795021760569252
0.3420871518093237,0.8386581469648562,0.001278914181838382
0.3420871518093237,0.8394568690095847,0.001278896502779079
0.3444105790974339,0.8394568690095847,0.001259173231159157
0.3444105790974339,0.8402555910543131,0.00125915947399157
0.34591640836433823,0.8402555910543131,0.0012481405942640438
0.34591640836433823,0.8410543130990416,0.0012481119407558223
0.3459888537586223,0.8410543130990416,0.0012474470216627543
0.3459888537586223,0.84185303514377,0.0012473928313749048
0.34635108073004256,0.84185303514377,0.00124416113528455
0.34635108073004256,0.8426517571884984,0.0012441008790310905
0.3470393119757411,0.8426517571884984,0.0012376643342195898
0.3470393119757411,0.8434504792332268,0.0012375600723520588
0.34723077480349185,0.8434504792332268,0.0012357549703457876
0.34723077480349185,0.8442492012779552,0.0012357007856419432
0.34881422413570057,0.8442492012779552,0.0012227154361389761
0.34881422413570057,0.8450479233226837,0.0012226964160357227
0.35103415800340493,0.8450479233226837,0.0012033886453642546
0.35103415800340493,0.8458466453674122,0.0012033647864957786
0.3511480007658513,0.8458466453674122,0.001202379708034356
0.3511480007658513,0.8466453674121406,0.001202360354741389
0.3512566688572774,0.8466453674121406,0.0012015546183132058
0.3512566688572774,0.847444089456869,0.0012014991837383834
0.3517637866172658,0.847444089456869,0.0011970247350868409
0.3517637866172658,0.8482428115015974,0.001196962086436913
0.3544339168637354,0.8482428115015974,0.0011749354626487529
0.3544339168637354,0.8490415335463258,0.001174907935588982
0.3572541125697934,0.8490415335463258,0.0011520743232424084
0.3572541125697934,0.8498402555910544,0.0011520668961810079
0.3617043296472427,0.8498402555910544,0.0011182865007054526
0.3617043296472427,0.8506389776357828,0.0011182734475039464
0.36203033392152095,0.8506389776357828,0.0011158310684631515
0.36203033392152095,0.8514376996805112,0.0011157724214786017
0.3622217967492717,0.8514376996805112,0.001114172977058078
0.3622217967492717,0.8522364217252396,0.0011141408565480374
0.3641260756847383,0.8522364217252396,0.0010996793546000805
0.3641260756847383,0.853035143769968,0.0010996538076390114
0.3649281496928833,0.853035143769968,0.0010941031120277373
0.3649281496928833,0.8538338658146964,0.001094003063045547
0.36635635889448326,0.8538338658146964,0.0010837993597408078
0.36635635889448326,0.854632587859425,0.0010837602256526411
0.3688764236813645,0.854632587859425,0.0010655886454386634
0.3688764236813645,0.8554313099041534,0.0010655736979032404
0.37065651051234416,0.8554313099041534,0.0010526477460896114
0.37065651051234416,0.8562300319488818,0.0010526127179058687
0.37234345326495866,0.8562300319488818,0.0010415244221672532
0.37234345326495866,0.8570287539936102,0.0010415009038047698
0.376669478237921,0.8570287539936102,0.0010112884330404756
0.376669478237921,0.8578274760383386,0.0010112584972802893
0.3777095871129993,0.8578274760383386,0.0010049942184584292
0.3777095871129993,0.8586261980830671,0.0010049445671306897
0.3805194334770167,0.8586261980830671,0.0009858214057129149
0.3805194334770167,0.8594249201277955,0.0009858118646101511
0.38085578709333556,0.8594249201277955,0.0009837527945914643
0.38085578709333556,0.860223642172524,0.0009837403837382507
0.3832775331308312,0.860223642172524,0.0009667015831250111
0.3832775331308312,0.8610223642172524,0.0009666727676767089
0.3833189304989935,0.8610223642172524,0.000966285636278759
0.3833189304989935,0.8618210862619808,0.0009662735773676676
0.3834379479324602,0.8618210862619808,0.0009656183649818144
0.3834379479324602,0.8626198083067093,0.0009656156233371739
0.38505244529079063,0.8626198083067093,0.0009557335316476238
0.38505244529079063,0.8634185303514377,0.0009557254339189375
0.3865634492287153,0.8634185303514377,0.0009458697573213952
0.3865634492287153,0.8642172523961661,0.0009458498672897724
0.3888765271747849,0.8642172523961661,0.0009310948699339851
0.3888765271747849,0.8650159744408946,0.0009310493809489852
0.39067731268984573,0.8650159744408946,0.0009207964895542201
0.39067731268984573,0.865814696485623,0.0009207939910563138
0.3909153475567791,0.865814696485623,0.0009192661629603022
0.3909153475567791,0.8666134185303515,0.0009191857207209227
0.3943358051011907,0.8666134185303515,0.0008980758594962479
0.3943358051011907,0.8674121405750799,0.0008980230021933632
0.3950809577281124,0.8674121405750799,0.0008929277649769565
0.3950809577281124,0.8682108626198083,0.000892924114675371
0.4007886198634922,0.8682108626198083,0.0008602914647916858
0.4007886198634922,0.8690095846645367,0.0008602804917753586
0.4008507159157357,0.8690095846645367,0.0008598964100773039
0.4008507159157357,0.8698083067092651,0.000859823576107097
0.4020253662373415,0.8698083067092651,0.0008525423729737575
0.4020253662373415,0.8706070287539937,0.0008524843653360247
0.40291023498181106,0.8706070287539937,0.000847892537461536
0.40291023498181106,0.8714057507987221,0.0008478797635481968
0.403748531687098,0.8714057507987221,0.0008430521103445328
0.403748531687098,0.8722044728434505,0.0008429953873817778
0.404069361290356,0.8722044728434505,0.0008411604550059084
0.404069361290356,0.8730031948881789,0.0008411516886666219
0.40454025635320234,0.8730031948881789,0.0008384494215883095
0.40454025635320234,0.8738019169329073,0.0008384377186352433
0.40664117278744005,0.8738019169329073,0.0008257668269883175
0.40664117278744005,0.8746006389776357,0.0008257181200333108
0.4072621333098748,0.8746006389776357,0.0008222312830709143
0.4072621333098748,0.8753993610223643,0.0008222102665534068
0.40745877080864584,0.8753993610223643,0.0008209590359296974
0.40745877080864584,0.8761980830670927,0.0008209192296850556
0.4080849060021009,0.8761980830670927,0.0008178015631928275
0.4080849060021009,0.8769968051118211,0.0008177704465119932
0.4105635734208198,0.8769968051118211,0.0008038659038531597
0.4105635734208198,0.8777955271565495,0.0008038380848151081
0.4106411934861241,0.8777955271565495,0.0008035161834206206
0.4106411934861241,0.8785942492012779,0.0008034926025540389
0.4115053635465125,0.8785942492012779,0.0007986657387638107
0.4115053635465125,0.8793929712460063,0.0007986643363066959
0.4119400359122169,0.8793929712460063,0.0007963838851223641
0.4119400359122169,0.8801916932907349,0.0007963815257960231
0.4134717385342227,0.8801916932907349,0.0007887878475553671
0.4134717385342227,0.8809904153354633,0.0007887876295976741
0.4142738125423676,0.8809904153354633,0.0007849655587980764
0.4142738125423676,0.8817891373801917,0.0007849569381313326
0.414387655304814,0.8817891373801917,0.0007844262339358769
0.414387655304814,0.8825878594249201,0.0007844155214223229
0.4160745980574285,0.8825878594249201,0.0007753769214881188
0.4160745980574285,0.8833865814696485,0.000775353317653352
0.41656101713333576,0.8833865814696485,0.0007729055972479176
0.41656101713333576,0.884185303514377,0.0007728501934038268
0.41897758849981115,0.884185303514377,0.0007604937694773399
0.41897758849981115,0.8849840255591054,0.0007604753064264837
0.4211509503283329,0.8849840255591054,0.0007503187943467424
0.4211509503283329,0.8857827476038339,0.0007503142777793072
0.42271370097646044,0.8857827476038339,0.0007422193915661045
0.42271370097646044,0.8865814696485623,0.0007422000105516103
0.42301383189563724,0.8865814696485623,0.0007406565908692498
0.42301383189563724,0.8873801916932907,0.0007406450245929541
0.42638254272984594,0.8873801916932907,0.0007261193002753201
0.42638254272984594,0.8881789137380192,0.0007260977564597094
0.42746404897308654,0.8881789137380192,0.0007214565887728319
0.42746404897308654,0.8889776357827476,0.0007214388961112382
0.43006690849629237,0.8889776357827476,0.000708849771873268
0.43006690849629237,0.889776357827476,0.0007088102451614696
0.4305481529011793,0.889776357827476,0.0007064636900489654
0.4305481529011793,0.8905750798722045,0.0007064582133533015
0.432095379536246,0.8905750798722045,0.0006995072660973
0.432095379536246,0.8913738019169329,0.0006995044711685122
0.4323075410480779,0.8913738019169329,0.0006985210010699642
0.4323075410480779,0.8921725239616614,0.0006985200331958949
0.43247313052072717,0.8921725239616614,0.0006977984782616149
0.43247313052072717,0.8929712460063898,0.0006977356191649634
0.4339789597876315,0.8929712460063898,0.0006909309431674549
0.4339789597876315,0.8937699680511182,0.0006909231733168542
0.4352415795165822,0.8937699680511182,0.0006847870387275155
0.4352415795165822,0.8945686900958466,0.0006847569928481851
0.43783408969774745,0.8945686900958466,0.0006723886681666079
0.43783408969774745,0.895367412140575,0.0006723760152841449
0.43818596732712717,0.895367412140575,0.0006710616824353555
0.43818596732712717,0.8961661341853036,0.0006709956649953497
0.4402765344193243,0.8961661341853036,0.0006621589435855513
0.4402765344193243,0.896964856230032,0.0006621451718039971
0.4402868837613649,0.896964856230032,0.0006621099595166633
0.4402868837613649,0.8977635782747604,0.0006620834156787562
0.44220151203887215,0.8977635782747604,0.0006542738077848193
0.44220151203887215,0.8985623003194888,0.0006542582375431587
0.44271380446988085,0.8985623003194888,0.0006520436019909598
0.44271380446988085,0.8993610223642172,0.0006520371066434163
0.4442869044600489,0.8993610223642172,0.0006453174867179514
0.4442869044600489,0.9001597444089456,0.0006452937558558209
0.44681214391795043,0.9001597444089456,0.0006350708030184399
0.44681214391795043,0.9009584664536742,0.0006350414217010169
0.4483127985138345,0.9009584664536742,0.0006290417774301932
0.4483127985138345,0.9017571884984026,0.0006290302104156904
0.44843699061832143,0.9017571884984026,0.0006284358652624224
0.44843699061832143,0.902555910543131,0.0006284059406648554
0.44889753633912727,0.902555910543131,0.0006265611374683087
0.44889753633912727,0.9033546325878594,0.0006265508331691189
0.44944605146727795,0.9033546325878594,0.0006243098877708062
0.44944605146727795,0.9041533546325878,0.00062430704761822
0.45277853960434467,0.9041533546325878,0.0006108294725111246
0.45277853960434467,0.9049520766773163,0.0006108283823319507
0.45329083203535336,0.9049520766773163,0.0006086739023310994
0.45329083203535336,0.9057507987220448,0.0006086618941500155
0.4551537136026577,0.9057507987220448,0.0006017749018059861
0.4551537136026577,0.9065495207667732,0.0006017659210996576
0.4551795869577592,0.9065495207667732,0.0006016594770355999
0.4551795869577592,0.9073482428115016,0.0006016537428206383
0.455676355375707,0.9073482428115016,0.0006001031205731714
0.455676355375707,0.90814696485623,0.0006000939807370565
0.4560282330050867,0.90814696485623,0.0005985899039816734
0.4560282330050867,0.9089456869009584,0.00059857489634056
0.4600696510719331,0.9089456869009584,0.0005836926416043029
0.4600696510719331,0.9097444089456869,0.0005836898411168422
0.46024558988662295,0.9097444089456869,0.0005829079763978681
0.46024558988662295,0.9105431309904153,0.0005828789958622296
0.46068026225232733,0.9105431309904153,0.0005814993339054105
0.46068026225232733,0.9113418530351438,0.0005814957769619954
0.4618859606000549,0.9113418530351438,0.0005765673584591345
0.4618859606000549,0.9121405750798722,0.0005765513623478638
0.462781178686565,0.9121405750798722,0.0005734628945424305
0.462781178686565,0.9129392971246006,0.0005734545372789218
0.4632417244073708,0.9129392971246006,0.0005718958702463429
0.4632417244073708,0.9137380191693291,0.0005718943781987134
0.46680189806933026,0.9137380191693291,0.0005595998847304762
0.46680189806933026,0.9145367412140575,0.0005595524730169979
0.467743688195023,0.9145367412140575,0.0005564203827976621
0.467743688195023,0.9153354632587859,0.0005563916839360996
0.47083296679413605,0.9153354632587859,0.0005460108061916256
0.47083296679413605,0.9161341853035144,0.0005460081703204221
0.471671263499423,0.9161341853035144,0.0005431148399636871
0.471671263499423,0.9169329073482428,0.0005431111021453471
0.4734306516463216,0.9169329073482428,0.0005373694785151588
0.4734306516463216,0.9177316293929713,0.0005373681548268061
0.4760852578797303,0.9177316293929713,0.0005281830876312371
0.4760852578797303,0.9185303514376997,0.0005281761378691701
0.47723920951725496,0.9185303514376997,0.0005239856245399172
0.47723920951725496,0.9193290734824281,0.000523950097761106
0.4787346894421187,0.9193290734824281,0.0005190391070834799
0.4787346894421187,0.9201277955271565,0.0005190309505748428
0.47902447101925494,0.9201277955271565,0.0005181543819520757
0.47902447101925494,0.920926517571885,0.0005181519473247912
0.48244492856366655,0.920926517571885,0.0005068972427360847
0.48244492856366655,0.9217252396166135,0.0005068832154699462
0.4840697752640376,0.9217252396166135,0.000501383517344294
0.4840697752640376,0.9225239616613419,0.0005013621531474823
0.4843078101309709,0.9225239616613419,0.0005005204364943801
0.4843078101309709,0.9233226837060703,0.0005005136659226048
0.48704003642968396,0.9233226837060703,0.000492213625751991
0.48704003642968396,0.9241214057507987,0.0004921918401666137
0.48740226340110426,0.9241214057507987,0.000491220230009085
0.48740226340110426,0.9249201277955271,0.0004912165501676987
0.4886027870778115,0.9249201277955271,0.0004876375862035338
0.4886027870778115,0.9257188498402555,0.0004876339448295977
0.4913194893634637,0.9257188498402555,0.0004793523261212417
0.4913194893634637,0.9265175718849841,0.00047935094210107946
0.49703232616986376,0.9265175718849841,0.00046269686129402256
0.49703232616986376,0.9273162939297125,0.000462695603790476
0.5006856439101884,0.9273162939297125,0.00045213703281746676
0.5006856439101884,0.9281150159744409,0.00045212361783906677
0.502357062649742,0.9281150159744409,0.00044723029465266713
0.502357062649742,0.9289137380191693,0.0004471946027945042
0.505818917562316,0.9289137380191693,0.00043768170247883903
0.505818917562316,0.9297124600638977,0.000437653316382575
0.5066675636096435,0.9297124600638977,0.0004354189448884807
0.5066675636096435,0.9305111821086262,0.0004354063631494332
0.5068848997924957,0.9305111821086262,0.0004348632099815735
0.5068848997924957,0.9313099041533547,0.0004348482397238566
0.507247126763916,0.9313099041533547,0.00043371657957281634
0.507247126763916,0.9321086261980831,0.0004337064161377002
0.5094929339867218,0.9321086261980831,0.0004272412996024149
0.5094929339867218,0.9329073482428115,0.00042722626339700257
0.5095291566838638,0.9329073482428115,0.00042713183260983603
0.5095291566838638,0.9337060702875399,0.00042708836238765797
0.5130427583066407,0.9337060702875399,0.000418202584259825
0.5130427583066407,0.9345047923322684,0.00041819593059937057
0.517798280974287,0.9345047923322684,0.00040608865857705805
0.517798280974287,0.9353035143769968,0.00040608819483827944
0.5209341316125827,0.9353035143769968,0.0003984722665825076
0.5209341316125827,0.9361022364217252,0.0003984692373617005
0.5258034970426755,0.9361022364217252,0.0003860539016430152
0.5258034970426755,0.9369009584664537,0.00038605084795253786
0.5264658549332726,0.9369009584664537,0.0003844315924843347
0.5264658549332726,0.9376996805111821,0.00038442802730716773
0.5275421865054929,0.9376996805111821,0.00038184228285174774
0.5275421865054929,0.9384984025559105,0.0003818286287222757
0.5284632779471045,0.9384984025559105,0.00037982988429971173
0.5284632779471045,0.939297124600639,0.0003798158167060333
0.530222666094003,0.939297124600639,0.0003761174973106653
0.530222666094003,0.9400958466453674,0.00037611137898720245
0.5338863331763684,0.9400958466453674,0.0003672218551071929
0.5338863331763684,0.9408945686900958,0.00036721471336092386
0.5350144114587915,0.9408945686900958,0.00036474369518229216
0.5350144114587915,0.9416932907348243,0.00036469371534746635
0.540789344317435,0.9416932907348243,0.0003510435312103381
0.540789344317435,0.9424920127795527,0.0003510195715638421
0.5416224663517016,0.9424920127795527,0.00034929996137130414
0.5416224663517016,0.9432907348242812,0.00034929215709982107
0.5440183390340959,0.9432907348242812,0.00034433507924755863
0.5440183390340959,0.9440894568690096,0.0003442993941874703
0.5461710021785365,0.9440894568690096,0.0003397260322244027
0.5461710021785365,0.944888178913738,0.0003397117439792745
0.5504142324151742,0.944888178913738,0.0003305945122510881
0.5504142324151742,0.9456869009584664,0.00033059294832174074
0.5530843626616437,0.9456869009584664,0.00032523649807860924
0.5530843626616437,0.9464856230031949,0.00032522877854796486
0.553855388643667,0.9464856230031949,0.00032365851486897764
0.553855388643667,0.9472843450479234,0.0003236580537340809
0.558533291246009,0.9472843450479234,0.00031461308451471916
0.558533291246009,0.9480830670926518,0.000314595711017649
0.5609809106386061,0.9480830670926518,0.00030983780119511945
0.5609809106386061,0.9488817891373802,0.00030983433003412106
0.5616587925422641,0.9488817891373802,0.0003084380684251732
0.5616587925422641,0.9496805111821086,0.0003084304275150577
0.5739796842415743,0.9496805111821086,0.0002854211455172591
0.5739796842415743,0.950479233226837,0.0002854135752426093
0.5799926519671512,0.950479233226837,0.0002740491824401177
0.5799926519671512,0.9512779552715654,0.0002740435372367645
0.5833665374723802,0.9512779552715654,0.0002681040614026832
0.5833665374723802,0.952076677316294,0.00026809083832995365
0.585736536799673,0.952076677316294,0.00026392357632890984
0.585736536799673,0.9528753993610224,0.0002639218886478836
0.588468763098386,0.9528753993610224,0.0002593331899657535
0.588468763098386,0.9536741214057508,0.00025930947333773944
0.589467474605302,0.9536741214057508,0.0002573232278784716
0.589467474605302,0.9544728434504792,0.00025730693365545146
0.5906783476240498,0.9544728434504792,0.00025533221908080465
0.5906783476240498,0.9552715654952076,0.0002553297732019311
0.5928982814917542,0.9552715654952076,0.00025166539409331623
0.5928982814917542,0.9560702875399361,0.0002516559927932818
0.6322309559169775,0.9560702875399361,0.0001934232263870246
0.6322309559169775,0.9568690095846646,0.00019342273270415216
0.6355272213569022,0.9568690095846646,0.0001885924764220743
0.6355272213569022,0.957667731629393,0.00018857759324716016
0.6364224394434124,0.957667731629393,0.00018751173868539049
0.6364224394434124,0.9584664536741214,0.00018750816552243654
0.6384457358123458,0.9584664536741214,0.00018480922221456736
0.6384457358123458,0.9592651757188498,0.00018479835856321185
0.6408105604686182,0.9592651757188498,0.00018181021578030578
0.6408105604686182,0.9600638977635783,0.00018180765060557574
0.6454418910317776,0.9600638977635783,0.00017590515290712375
0.6454418910317776,0.9608626198083067,0.00017589052186269515
0.6462646637240037,0.9608626198083067,0.00017488798487655068
0.6462646637240037,0.9616613418530351,0.00017485734627545535
0.6466372400374646,0.9616613418530351,0.00017443647572563085
0.6466372400374646,0.9624600638977636,0.00017443305133725787
0.6495298811378066,0.9624600638977636,0.0001709731906534874
0.6495298811378066,0.963258785942492,0.00017096726236556087
0.6564484162919343,0.963258785942492,0.00016227240773170125
0.6564484162919343,0.9640575079872205,0.0001622687053192439
0.6636360343391169,0.9640575079872205,0.00015393955486840797
0.6636360343391169,0.9648562300319489,0.00015393007938549865
0.6673928454998473,0.9648562300319489,0.00014957307658997485
0.6673928454998473,0.9656549520766773,0.00014956897703958827
0.671868935932398,0.9656549520766773,0.00014486880273876612
0.671868935932398,0.9664536741214057,0.00014486691843873154
0.6773592618849257,0.9664536741214057,0.00013878123106950255
0.6773592618849257,0.9672523961661342,0.00013877877649904238
0.6909427733131867,0.9672523961661342,0.00012533871939641333
0.6909427733131867,0.9680511182108626,0.0001253384047866657
0.7071653669617954,0.9680511182108626,0.00011033932675945306
0.7071653669617954,0.9688498402555911,0.00011033290168291978
0.7169558445321839,0.9688498402555911,0.0001017742036214628
0.7169558445321839,0.9696485623003195,0.00010176618933206827
0.7205781142463867,0.9696485623003195,9.854519798356139e-05
0.7205781142463867,0.9704472843450479,9.854266280025723e-05
0.7207126556929143,0.9704472843450479,9.841792153111101e-05
0.7207126556929143,0.9712460063897763,9.84148131197212e-05
0.7210127866120911,0.9712460063897763,9.821276332576177e-05
0.7210127866120911,0.9720447284345048,9.821129633100967e-05
0.7237294888977434,0.9720447284345048,9.599123574898415e-05
0.7237294888977434,0.9728434504792333,9.599059102724602e-05
0.7327127177889665,0.9728434504792333,8.866122843236938e-05
0.7327127177889665,0.9736421725239617,8.865155050988315e-05
0.7391448338671869,0.9736421725239617,8.405071162462207e-05
0.7391448338671869,0.9744408945686901,8.40463959641497e-05
0.755139741990903,0.9744408945686901,7.255289672315239e-05
0.755139741990903,0.9752396166134185,7.255209841520636e-05
0.7564282350749552,0.9752396166134185,7.166614448536215e-05
0.7564282350749552,0.9760383386581469,7.166534373535131e-05
0.7564748071141377,0.9760383386581469,7.164695681494916e-05
0.7564748071141377,0.9768370607028753,7.164498371843946e-05
0.7595382123581493,0.9768370607028753,6.976299675817537e-05
0.7595382123581493,0.9776357827476039,6.975899882653173e-05
0.7605369238650653,0.9776357827476039,6.91558292419794e-05
0.7605369238650653,0.9784345047923323,6.91538901713487e-05
0.7655925774518885,0.9784345047923323,6.588638243293216e-05
0.7655925774518885,0.9792332268370607,6.588200414280944e-05
0.7708603925505436,0.9792332268370607,6.260515524688107e-05
0.7708603925505436,0.9800319488817891,6.260306759312729e-05
0.777452923430393,0.9800319488817891,5.860603005924907e-05
0.777452923430393,0.9808306709265175,5.8597733702612244e-05
0.7781722027022132,0.9808306709265175,5.816256360652949e-05
0.7781722027022132,0.981629392971246,5.815659198402905e-05
0.7788190365797495,0.981629392971246,5.775320725922688e-05
0.7788190365797495,0.9824281150159745,5.775038896441308e-05
0.7922938799165843,0.9824281150159745,5.044026834281809e-05
0.7922938799165843,0.9832268370607029,5.0439533254047164e-05
0.7971166733074945,0.9832268370607029,4.809893706750742e-05
0.7971166733074945,0.9840255591054313,4.809327648298346e-05
0.802964051560422,0.9840255591054313,4.527937276394376e-05
0.802964051560422,0.9848242811501597,4.526912353940432e-05
0.8096445518476163,0.9848242811501597,4.212506191466438e-05
0.8096445518476163,0.9856230031948882,4.212432848860824e-05
0.813013262681825,0.9856230031948882,4.058886098901449e-05
0.813013262681825,0.9864217252396166,4.058620657516711e-05
0.8142137863585323,0.9864217252396166,4.0015792153172704e-05
0.8142137863585323,0.987220447284345,4.001296868744985e-05
0.8175462744955989,0.987220447284345,3.859320486421574e-05
0.8175462744955989,0.9880191693290735,3.8590255500830916e-05
0.817939549493141,0.9880191693290735,3.84293121646752e-05
0.817939549493141,0.9888178913738019,3.8426962816631545e-05
0.8276938043663874,0.9888178913738019,3.448776821542239e-05
0.8276938043663874,0.9896166134185304,3.44872777197721e-05
0.8361854395106831,0.9896166134185304,3.121114256278331e-05
0.8361854395106831,0.9904153354632588,3.120913918522834e-05
0.8459500437259702,0.9904153354632588,2.7632833472363584e-05
0.8459500437259702,0.9912140575079872,2.76326157261458e-05
0.8788454274019529,0.9912140575079872,1.7947608538979515e-05
0.8788454274019529,0.9920127795527156,1.7946586347139e-05
0.8823745530377907,0.9920127795527156,1.7030571669682175e-05
0.8823745530377907,0.9928115015974441,1.702985634183893e-05
0.8832542471112399,0.9928115015974441,1.6807833000951132e-05
0.8832542471112399,0.9936102236421726,1.680759217927495e-05
0.8975880858374429,0.9936102236421726,1.35543578116751e-05
0.8975880858374429,0.994408945686901,1.3554241172696627e-05
0.9033164466569038,0.994408945686901,1.2429825751891827e-05
0.9033164466569038,0.9952076677316294,1.242659557109116e-05
0.903445813432411,0.9952076677316294,1.2405943428720512e-05
0.903445813432411,0.9960063897763578,1.240504171217826e-05
0.9133553084362661,0.9960063897763578,1.0545215031889518e-05
0.9133553084362661,0.9968051118210862,1.0544707281040223e-05
0.9366723760536924,0.9968051118210862,6.898670156636681e-06
0.9366723760536924,0.9976038338658147,6.898446890424235e-06
0.9500385512991012,0.9976038338658147,5.256016927679889e-06
0.9500385512991012,0.9984025559105432,5.255965331625634e-06
0.9740904222014085,0.9984025559105432,2.707489008490902e-06
0.9740904222014085,0.9992012779552716,2.7069802624288742e-06
0.9835186728003767,0.9992012779552716,1.8107291448069057e-06
0.9835186728003767,1.0,1.8107191503700067e-06
1.0,1.0,4.4815181551370905e-08
