conjunto,metrica,iteracao,valor
learn,Logloss,0,0.5328145879912788
learn,Logloss,1,0.42065706061760827
learn,Logloss,2,0.32932268289580874
learn,Logloss,3,0.25616371266645205
learn,Logloss,4,0.2047468733794574
learn,Logloss,5,0.15997606522911356
learn,Logloss,6,0.1287158484368635
learn,Logloss,7,0.09990206397446233
learn,Logloss,8,0.08058432545283485
learn,Logloss,9,0.06624421878745707
learn,Logloss,10,0.05429673789092508
learn,Logloss,11,0.04656991702549451
learn,Logloss,12,0.040287518046223963
learn,Logloss,13,0.03548902477343684
learn,Logloss,14,0.031691716968335316
learn,Logloss,15,0.028642362110899898
learn,Logloss,16,0.026534413584313174
learn,Logloss,17,0.02467513307566371
learn,Logloss,18,0.022744538312170225
learn,Logloss,19,0.021358528132175682
learn,Logloss,20,0.019532302920511578
learn,Logloss,21,0.018417560767604937
learn,Logloss,22,0.01726917606453841
learn,Logloss,23,0.016663225423483457
learn,Logloss,24,0.015572516111174956
learn,Logloss,25,0.015196364217172445
learn,Logloss,26,0.01439005382025282
learn,Logloss,27,0.01403155400982224
learn,Logloss,28,0.013442564890466363
learn,Logloss,29,0.013071614499550136
learn,Logloss,30,0.012768809817975532
learn,Logloss,31,0.012303443839693763
learn,Logloss,32,0.012101100561612187
learn,Logloss,33,0.011580042131465105
learn,Logloss,34,0.011380992756518988
learn,Logloss,35,0.01127125884990528
learn,Logloss,36,0.010905250352315987
learn,Logloss,37,0.010822388460509997
learn,Logloss,38,0.010515934943586458
learn,Logloss,39,0.010405863003526005
learn,Logloss,40,0.01009979808758223
learn,Logloss,41,0.010049385729119254
learn,Logloss,42,0.00987089790851521
learn,Logloss,43,0.009828784653357063
learn,Logloss,44,0.009749786952029608
learn,Logloss,45,0.009647500919468392
learn,Logloss,46,0.009470438570897997
learn,Logloss,47,0.009429914177860196
learn,Logloss,48,0.009275314156408405
learn,Logloss,49,0.009137174134036747
learn,Logloss,50,0.009024931833088152
learn,Logloss,51,0.008994180934510742
learn,Logloss,52,0.008941361694592417
learn,Logloss,53,0.008891751681104901
learn,Logloss,54,0.008778340689199108
learn,Logloss,55,0.00870536358191226
learn,Logloss,56,0.008687503300805522
learn,Logloss,57,0.008668509406564558
learn,Logloss,58,0.008643053448180204
learn,Logloss,59,0.008530492814239683
learn,Logloss,60,0.008513094490056182
learn,Logloss,61,0.008481872491508913
learn,Logloss,62,0.008398391428201974
learn,Logloss,63,0.008397576786857297
learn,Logloss,64,0.008331531513463757
learn,Logloss,65,0.008314027140505066
learn,Logloss,66,0.00825771420834726
learn,Logloss,67,0.008240238898879013
learn,Logloss,68,0.008218697050817009
learn,Logloss,69,0.008193495931178482
learn,Logloss,70,0.008177025707350372
learn,Logloss,71,0.008175956127876862
learn,Logloss,72,0.00812047591204772
learn,Logloss,73,0.008083378367094534
learn,Logloss,74,0.008062716893684733
learn,Logloss,75,0.008028906849282239
learn,Logloss,76,0.008011121875850057
learn,Logloss,77,0.007987718747198029
learn,Logloss,78,0.007958879573655587
learn,Logloss,79,0.007942720854522294
learn,Logloss,80,0.007879690133718958
learn,Logloss,81,0.00785573833661262
learn,Logloss,82,0.007839554809038949
learn,Logloss,83,0.007820049311037958
learn,Logloss,84,0.007805599289414263
learn,Logloss,85,0.007755298088862226
learn,Logloss,86,0.00774631734858723
learn,Logloss,87,0.007729467805461731
learn,Logloss,88,0.0076744318493366555
learn,Logloss,89,0.007648438076952891
learn,Logloss,90,0.007582612628746247
learn,Logloss,91,0.00753842502938621
learn,Logloss,92,0.007477733995125946
learn,Logloss,93,0.007438434415312384
learn,Logloss,94,0.0074254797006846306
learn,Logloss,95,0.007390516135965383
learn,Logloss,96,0.007367503154775132
learn,Logloss,97,0.007340925799395376
learn,Logloss,98,0.007295586980186963
learn,Logloss,99,0.007280811524168136
learn,Logloss,100,0.007208864657092675
learn,Logloss,101,0.007144401477389754
learn,Logloss,102,0.007102485867855047
learn,Logloss,103,0.007042371768334292
learn,Logloss,104,0.007028580558009845
learn,Logloss,105,0.006995533277542134
learn,Logloss,106,0.006965857238123226
learn,Logloss,107,0.006946416975995448
learn,Logloss,108,0.006909661796589354
learn,Logloss,109,0.006902077104152042
learn,Logloss,110,0.0068700057148054425
learn,Logloss,111,0.006836253682142429
learn,Logloss,112,0.006813481036004771
learn,Logloss,113,0.006801213311142349
learn,Logloss,114,0.006755598367520609
learn,Logloss,115,0.006746303436334133
learn,Logloss,116,0.006713588131266451
learn,Logloss,117,0.00669033397029445
learn,Logloss,118,0.00668159531993539
learn,Logloss,119,0.006647081155358792
learn,Logloss,120,0.006634577798478065
learn,Logloss,121,0.006627181961872503
learn,Logloss,122,0.006592336645973124
learn,Logloss,123,0.006575949007698473
learn,Logloss,124,0.006558201697854142
learn,Logloss,125,0.006548028238842708
learn,Logloss,126,0.006515008045175931
learn,Logloss,127,0.006506998296341958
learn,Logloss,128,0.006479942082171106
learn,Logloss,129,0.006467955304122644
learn,Logloss,130,0.006460357531525751
learn,Logloss,131,0.006432392609279586
learn,Logloss,132,0.0064008140735240145
learn,Logloss,133,0.006381106887786353
learn,Logloss,134,0.006373501027395345
learn,Logloss,135,0.006358478925253973
learn,Logloss,136,0.006335639702928512
learn,Logloss,137,0.006321646308787908
learn,Logloss,138,0.006310837688772077
learn,Logloss,139,0.006300761438564493
learn,Logloss,140,0.006282151329079287
learn,Logloss,141,0.006270088578248767
learn,Logloss,142,0.006253950217993955
learn,Logloss,143,0.006240746863676837
learn,Logloss,144,0.006228271699796549
learn,Logloss,145,0.00621565196049495
learn,Logloss,146,0.006206603327159371
learn,Logloss,147,0.0061940267057273455
learn,Logloss,148,0.006164290968658263
learn,Logloss,149,0.006163751727824667
learn,Logloss,150,0.006140586498975466
learn,Logloss,151,0.006119459087455081
learn,Logloss,152,0.0060802934500015955
learn,Logloss,153,0.006074398856982707
learn,Logloss,154,0.006068829113378576
learn,Logloss,155,0.006052234094175873
learn,Logloss,156,0.006044474554237139
learn,Logloss,157,0.006019156904620194
learn,Logloss,158,0.005996240340769271
learn,Logloss,159,0.005984309135087277
learn,Logloss,160,0.005966966524332511
learn,Logloss,161,0.005961921003129447
learn,Logloss,162,0.005955272173810644
learn,Logloss,163,0.005949149776512276
learn,Logloss,164,0.005933445606917777
learn,Logloss,165,0.005925965230937629
learn,Logloss,166,0.005916361803471577
learn,Logloss,167,0.005903022199229548
learn,Logloss,168,0.005894140995968448
learn,Logloss,169,0.005884500399483568
learn,Logloss,170,0.0058776714360984274
learn,Logloss,171,0.005855441765644299
learn,Logloss,172,0.0058444990595228966
learn,Logloss,173,0.005833273070414523
learn,Logloss,174,0.0058176196900094545
learn,Logloss,175,0.005795643473437681
learn,Logloss,176,0.005762643123278353
learn,Logloss,177,0.0057591887654902555
learn,Logloss,178,0.005749669447379649
learn,Logloss,179,0.005739812499489543
learn,Logloss,180,0.005730589700052467
learn,Logloss,181,0.005710635530858058
learn,Logloss,182,0.005694605995238453
learn,Logloss,183,0.005684957543699049
learn,Logloss,184,0.005661511599582279
learn,Logloss,185,0.00565282970785704
learn,Logloss,186,0.005645002123094578
learn,Logloss,187,0.0056318234176872045
learn,Logloss,188,0.005622178001643527
learn,Logloss,189,0.005606074031785952
learn,Logloss,190,0.005600866543893887
learn,Logloss,191,0.005595149735532867
learn,Logloss,192,0.005581262618753928
learn,Logloss,193,0.00557404724519971
learn,Logloss,194,0.005567163020318824
learn,Logloss,195,0.005562871922729496
learn,Logloss,196,0.005542694950312256
learn,Logloss,197,0.005539365431392129
learn,Logloss,198,0.005527057429697109
learn,Logloss,199,0.00551205168036299
learn,Logloss,200,0.005488614585058963
learn,Logloss,201,0.005483169839949116
learn,Logloss,202,0.005477781910374037
learn,Logloss,203,0.005470518065477789
learn,Logloss,204,0.005454651119066811
learn,Logloss,205,0.005443048113923074
learn,Logloss,206,0.005438478780402729
learn,Logloss,207,0.005432536147100699
learn,Logloss,208,0.005428925785753466
learn,Logloss,209,0.005422114696456557
learn,Logloss,210,0.005418371743266734
learn,Logloss,211,0.005406963915737905
learn,Logloss,212,0.005394000926111346
learn,Logloss,213,0.005383192514409951
learn,Logloss,214,0.0053807979094983235
learn,Logloss,215,0.00537095702143073
learn,Logloss,216,0.005357976313217794
learn,Logloss,217,0.005348751514665698
learn,Logloss,218,0.005315681812188123
learn,Logloss,219,0.005310463121451943
learn,Logloss,220,0.00530125765904466
learn,Logloss,221,0.005290183772784616
learn,Logloss,222,0.005283113302688555
learn,Logloss,223,0.005275197905587938
learn,Logloss,224,0.0052709472953331666
learn,Logloss,225,0.005268401755371417
learn,Logloss,226,0.005264135852237284
learn,Logloss,227,0.005258698729918555
learn,Logloss,228,0.00525612242242837
learn,Logloss,229,0.005247240829388341
learn,Logloss,230,0.00524469113177128
learn,Logloss,231,0.005236578537471822
learn,Logloss,232,0.005233873921601918
learn,Logloss,233,0.0052311509371383
learn,Logloss,234,0.005213964375188651
learn,Logloss,235,0.005207994300819337
learn,Logloss,236,0.005200117534849848
learn,Logloss,237,0.005194495000486129
learn,Logloss,238,0.005190165638470025
learn,Logloss,239,0.005184520556933736
learn,Logloss,240,0.005178490311153293
learn,Logloss,241,0.005163582131805116
learn,Logloss,242,0.0051512139368066765
learn,Logloss,243,0.005133287419571457
learn,Logloss,244,0.005128300097574087
learn,Logloss,245,0.0051250357871023625
learn,Logloss,246,0.005116329142477675
learn,Logloss,247,0.005111862311332779
learn,Logloss,248,0.005109880982155539
learn,Logloss,249,0.005105673079555375
learn,Logloss,250,0.005099981709869633
learn,Logloss,251,0.005086072606663329
learn,Logloss,252,0.005074983600280742
learn,Logloss,253,0.00506000183930988
learn,Logloss,254,0.005053638397119448
learn,Logloss,255,0.005044571255490132
learn,Logloss,256,0.005042154211614593
learn,Logloss,257,0.0050391844040998165
learn,Logloss,258,0.005036068995692651
learn,Logloss,259,0.005026172014507316
learn,Logloss,260,0.005020120178583317
learn,Logloss,261,0.005006954978420057
learn,Logloss,262,0.0050020452420219755
learn,Logloss,263,0.004995497705737586
learn,Logloss,264,0.00498991047824003
learn,Logloss,265,0.0049871711174724435
learn,Logloss,266,0.0049811304604732674
learn,Logloss,267,0.004978110225270189
learn,Logloss,268,0.004976269581023692
learn,Logloss,269,0.004972127233080064
learn,Logloss,270,0.004962716792977434
learn,Logloss,271,0.004951328771558775
learn,Logloss,272,0.004945437938326322
learn,Logloss,273,0.004942068869103218
learn,Logloss,274,0.004932988599864914
learn,Logloss,275,0.00492912000030093
learn,Logloss,276,0.004925042492346508
learn,Logloss,277,0.0049234263490743795
learn,Logloss,278,0.004919337492977221
learn,Logloss,279,0.004913159767415648
learn,Logloss,280,0.004891999228389154
learn,Logloss,281,0.004887061782166413
learn,Logloss,282,0.004885336847458781
learn,Logloss,283,0.004880929122155291
learn,Logloss,284,0.004875894255398737
learn,Logloss,285,0.0048726921220261414
learn,Logloss,286,0.004864685814207421
learn,Logloss,287,0.004858637827179639
learn,Logloss,288,0.004852787849858777
learn,Logloss,289,0.004848069104986773
learn,Logloss,290,0.004840330107577412
learn,Logloss,291,0.004838386937924246
learn,Logloss,292,0.004835664751882514
learn,Logloss,293,0.004831882464999611
learn,Logloss,294,0.004826308188441107
learn,Logloss,295,0.004821010872024239
learn,Logloss,296,0.004818148528560289
learn,Logloss,297,0.004809613079793675
learn,Logloss,298,0.004801984913403775
learn,Logloss,299,0.00479757665434821
learn,Logloss,300,0.004787533725479231
learn,Logloss,301,0.004785253838298005
learn,Logloss,302,0.004782574834020288
learn,Logloss,303,0.004776997189820209
learn,Logloss,304,0.004775226607154989
learn,Logloss,305,0.004771701728290517
learn,Logloss,306,0.004763291043599614
learn,Logloss,307,0.004753806093806525
learn,Logloss,308,0.004751650020736365
learn,Logloss,309,0.004746740738574233
learn,Logloss,310,0.004728651966388329
learn,Logloss,311,0.004724872159642035
learn,Logloss,312,0.004721225025151923
learn,Logloss,313,0.0047178769454056515
learn,Logloss,314,0.00471441223667174
learn,Logloss,315,0.004710673187521045
learn,Logloss,316,0.00470922689384883
learn,Logloss,317,0.004706047750303562
learn,Logloss,318,0.004703596954979952
learn,Logloss,319,0.004700329188708991
learn,Logloss,320,0.004696781206702909
learn,Logloss,321,0.004693465682081678
learn,Logloss,322,0.004687255263085343
learn,Logloss,323,0.004677933234305298
learn,Logloss,324,0.004668325032419689
learn,Logloss,325,0.004665290295804613
learn,Logloss,326,0.004659502490038769
learn,Logloss,327,0.004656665250228151
learn,Logloss,328,0.004654420898090461
learn,Logloss,329,0.004648029537320698
learn,Logloss,330,0.004640487438294259
learn,Logloss,331,0.004635479929866195
learn,Logloss,332,0.0046335839747976065
learn,Logloss,333,0.004629473566882872
learn,Logloss,334,0.004623809941715117
learn,Logloss,335,0.004620906714207861
learn,Logloss,336,0.0046167240210926745
learn,Logloss,337,0.004614525344857174
learn,Logloss,338,0.004612477613792752
learn,Logloss,339,0.004607441163586873
learn,Logloss,340,0.004599368114234978
learn,Logloss,341,0.004597318400748759
learn,Logloss,342,0.004592789885419704
learn,Logloss,343,0.004590435795217568
learn,Logloss,344,0.0045882907917795136
learn,Logloss,345,0.0045853891177614955
learn,Logloss,346,0.004580459626833715
learn,Logloss,347,0.004578781311320079
learn,Logloss,348,0.004575608511348301
learn,Logloss,349,0.004573922281593604
learn,Logloss,350,0.004571334395099581
learn,Logloss,351,0.004564776812365991
learn,Logloss,352,0.00455792748973227
learn,Logloss,353,0.004554714174680538
learn,Logloss,354,0.0045502167657453995
learn,Logloss,355,0.004548053377402774
learn,Logloss,356,0.004544092280782434
learn,Logloss,357,0.004542266174956856
learn,Logloss,358,0.004540692001326741
learn,Logloss,359,0.004533201795214554
learn,Logloss,360,0.0045317202346365
learn,Logloss,361,0.004527945290187083
learn,Logloss,362,0.004524670286536263
learn,Logloss,363,0.004516651920181899
learn,Logloss,364,0.004513766855873754
learn,Logloss,365,0.004511669123698922
learn,Logloss,366,0.004510466586179101
learn,Logloss,367,0.00450493506851943
learn,Logloss,368,0.004501364190608972
learn,Logloss,369,0.0044989610045872205
learn,Logloss,370,0.004496575175958281
learn,Logloss,371,0.004495160832708503
learn,Logloss,372,0.004493081926627514
learn,Logloss,373,0.004490474991615508
learn,Logloss,374,0.004486729903535136
learn,Logloss,375,0.004484544554367022
learn,Logloss,376,0.004476551278718552
learn,Logloss,377,0.004474791374188752
learn,Logloss,378,0.00447318870176635
learn,Logloss,379,0.004470573645114353
learn,Logloss,380,0.004468262455059398
learn,Logloss,381,0.0044642138620558155
learn,Logloss,382,0.004460048097751139
learn,Logloss,383,0.004457967047519146
learn,Logloss,384,0.00445412425689332
learn,Logloss,385,0.004450578370720555
learn,Logloss,386,0.004448986741072749
learn,Logloss,387,0.0044451966671693426
learn,Logloss,388,0.004443524613426927
learn,Logloss,389,0.004441087076933849
learn,Logloss,390,0.004437784534725677
learn,Logloss,391,0.004436511438585789
learn,Logloss,392,0.004435163021319846
learn,Logloss,393,0.004432256492613935
learn,Logloss,394,0.004429109514653515
learn,Logloss,395,0.004426971043442311
learn,Logloss,396,0.004424059713402777
learn,Logloss,397,0.004422283135144629
learn,Logloss,398,0.00442010737954307
learn,Logloss,399,0.004418199692540605
learn,Logloss,400,0.004410824936389202
learn,Logloss,401,0.004409177201714151
learn,Logloss,402,0.0044034635117179005
learn,Logloss,403,0.004401953923107299
learn,Logloss,404,0.004398273027970713
learn,Logloss,405,0.0043951784746521965
learn,Logloss,406,0.004393875405137277
learn,Logloss,407,0.004391895950402401
learn,Logloss,408,0.004382350806557032
learn,Logloss,409,0.004381398882341401
learn,Logloss,410,0.004380010900411814
learn,Logloss,411,0.004377028652628301
learn,Logloss,412,0.004366627325754495
learn,Logloss,413,0.0043634544776119805
learn,Logloss,414,0.0043543484264059905
learn,Logloss,415,0.004353182947443968
learn,Logloss,416,0.004345202896798579
learn,Logloss,417,0.004343149059453251
learn,Logloss,418,0.00434204841286755
learn,Logloss,419,0.004336299359480159
learn,Logloss,420,0.004334370666480481
learn,Logloss,421,0.00432719972637892
learn,Logloss,422,0.004324816739556507
learn,Logloss,423,0.004318928473403745
learn,Logloss,424,0.004317387831325635
learn,Logloss,425,0.004313021618787646
learn,Logloss,426,0.004311212712705113
learn,Logloss,427,0.004310316332407412
learn,Logloss,428,0.0043015194254650505
learn,Logloss,429,0.0042996643613474345
learn,Logloss,430,0.004297464632255989
learn,Logloss,431,0.0042966133330833095
learn,Logloss,432,0.004293783947924972
learn,Logloss,433,0.004291764436268064
learn,Logloss,434,0.00429095968107778
learn,Logloss,435,0.0042864012982413895
learn,Logloss,436,0.004284858712348076
learn,Logloss,437,0.004283620279419405
learn,Logloss,438,0.004279427531098782
learn,Logloss,439,0.004277342277817665
learn,Logloss,440,0.004276654475876149
learn,Logloss,441,0.0042703317550936625
learn,Logloss,442,0.004268046687420251
learn,Logloss,443,0.0042674589339574435
learn,Logloss,444,0.00426321888277566
learn,Logloss,445,0.004262422310622542
learn,Logloss,446,0.004259011592302831
learn,Logloss,447,0.004258259259749889
learn,Logloss,448,0.004256823024043421
learn,Logloss,449,0.004255570491471426
learn,Logloss,450,0.0042468944261475
learn,Logloss,451,0.004243010654504708
learn,Logloss,452,0.0042392931249861715
learn,Logloss,453,0.004238382995728244
learn,Logloss,454,0.004236644718478324
learn,Logloss,455,0.004231894714381718
learn,Logloss,456,0.004231149562643132
learn,Logloss,457,0.0042269788236414295
learn,Logloss,458,0.00422383996144206
learn,Logloss,459,0.004219594626520329
learn,Logloss,460,0.0042156901118958
learn,Logloss,461,0.004214232106935566
learn,Logloss,462,0.004213465961483278
learn,Logloss,463,0.00421036058522896
learn,Logloss,464,0.004209131941210661
learn,Logloss,465,0.004208015064331955
learn,Logloss,466,0.004207239451583145
learn,Logloss,467,0.004205925693015956
learn,Logloss,468,0.004204465466834086
learn,Logloss,469,0.004203057563366307
learn,Logloss,470,0.0042021125272514726
learn,Logloss,471,0.0041901892943144075
learn,Logloss,472,0.004189319833263577
learn,Logloss,473,0.004188120181859675
learn,Logloss,474,0.004186882411476066
learn,Logloss,475,0.004184113906416281
learn,Logloss,476,0.00418110464342047
learn,Logloss,477,0.004177344449442328
learn,Logloss,478,0.004176552140043827
learn,Logloss,479,0.004165817805559624
learn,Logloss,480,0.004161035614517246
learn,Logloss,481,0.00415027026886377
learn,Logloss,482,0.0041461792971869025
learn,Logloss,483,0.004141692276871659
learn,Logloss,484,0.004139983936435629
learn,Logloss,485,0.0041386159318238195
learn,Logloss,486,0.004136558607954
learn,Logloss,487,0.004133500714480741
learn,Logloss,488,0.004129861090427314
learn,Logloss,489,0.004110820841250592
learn,Logloss,490,0.004109042723498205
learn,Logloss,491,0.004104291144005989
learn,Logloss,492,0.0041021948598609905
learn,Logloss,493,0.004099436771924363
learn,Logloss,494,0.004096360790108682
learn,Logloss,495,0.004091161590890233
learn,Logloss,496,0.00408884559287609
learn,Logloss,497,0.004083703770738547
learn,Logloss,498,0.004079799324324396
learn,Logloss,499,0.004076902088449581
learn,Logloss,500,0.004076015734507501
learn,Logloss,501,0.00407468488895832
learn,Logloss,502,0.0040704219028547635
learn,Logloss,503,0.004068870073726913
learn,Logloss,504,0.004064252612726462
learn,Logloss,505,0.004059456548106069
learn,Logloss,506,0.004053067875261986
learn,Logloss,507,0.004049610954056
learn,Logloss,508,0.004045710479324116
learn,Logloss,509,0.004042135004243879
learn,Logloss,510,0.004037509822002037
learn,Logloss,511,0.0040366479831042855
learn,Logloss,512,0.004035168304581682
learn,Logloss,513,0.004029509308698707
learn,Logloss,514,0.004026238045551061
learn,Logloss,515,0.004024823853158067
learn,Logloss,516,0.004022485327435088
learn,Logloss,517,0.004020484182916594
learn,Logloss,518,0.004017371707485691
learn,Logloss,519,0.004014690142281849
learn,Logloss,520,0.004013042211208979
learn,Logloss,521,0.004010532847424519
learn,Logloss,522,0.0040080306749008246
learn,Logloss,523,0.004006423106431219
learn,Logloss,524,0.004005875983985314
learn,Logloss,525,0.004005212624476852
learn,Logloss,526,0.004003849589284326
learn,Logloss,527,0.00400198548255054
learn,Logloss,528,0.003999098431005753
learn,Logloss,529,0.003991984545485056
learn,Logloss,530,0.00399087686145953
learn,Logloss,531,0.00398722451606955
learn,Logloss,532,0.003986604958552244
learn,Logloss,533,0.003985023415470668
learn,Logloss,534,0.00398425059556354
learn,Logloss,535,0.003983896376493182
learn,Logloss,536,0.003978172133206225
learn,Logloss,537,0.003977474895815266
learn,Logloss,538,0.00397696999015055
learn,Logloss,539,0.003974381117897447
learn,Logloss,540,0.003972404274685945
learn,Logloss,541,0.0039707535552938635
learn,Logloss,542,0.003970252410562012
learn,Logloss,543,0.0039698224450648864
learn,Logloss,544,0.003969163678180436
learn,Logloss,545,0.003965284657728358
learn,Logloss,546,0.003949529822013934
learn,Logloss,547,0.003946593817190963
learn,Logloss,548,0.003946080323749082
learn,Logloss,549,0.0039431261641383625
learn,Logloss,550,0.003942121426646511
learn,Logloss,551,0.003941391465101157
learn,Logloss,552,0.003940680184022455
learn,Logloss,553,0.003940014836686818
learn,Logloss,554,0.00393835122216768
learn,Logloss,555,0.003934732025437906
learn,Logloss,556,0.003931440561944109
learn,Logloss,557,0.003930283589570932
learn,Logloss,558,0.003926088914377378
learn,Logloss,559,0.003917266238350277
learn,Logloss,560,0.003916664891305367
learn,Logloss,561,0.003916257070731579
learn,Logloss,562,0.003914605460220839
learn,Logloss,563,0.0039127542179322955
learn,Logloss,564,0.0039120945858593876
learn,Logloss,565,0.003908631161753733
learn,Logloss,566,0.0039003466754439753
learn,Logloss,567,0.003898795853540144
learn,Logloss,568,0.0038901850053451297
learn,Logloss,569,0.0038813582519930173
learn,Logloss,570,0.0038787000852400907
learn,Logloss,571,0.003877173568925898
learn,Logloss,572,0.0038744092006933423
learn,Logloss,573,0.003873244461807091
learn,Logloss,574,0.0038706403028793213
learn,Logloss,575,0.0038679858516304034
learn,Logloss,576,0.0038666712087039447
learn,Logloss,577,0.0038644131785544903
learn,Logloss,578,0.0038616568505981464
learn,Logloss,579,0.0038597530894413376
learn,Logloss,580,0.003846712132780424
learn,Logloss,581,0.0038419254403497193
learn,Logloss,582,0.003837645858816455
learn,Logloss,583,0.003832458654349453
learn,Logloss,584,0.0038305320111906575
learn,Logloss,585,0.003827714855630694
learn,Logloss,586,0.0038253688739169787
learn,Logloss,587,0.003824214470055846
learn,Logloss,588,0.003820036854022887
learn,Logloss,589,0.003816935527363584
learn,Logloss,590,0.0038162480815848057
learn,Logloss,591,0.0038142235007090543
learn,Logloss,592,0.0038136562220693407
learn,Logloss,593,0.0038122913939582907
learn,Logloss,594,0.0038093885339607553
learn,Logloss,595,0.0038077770937702273
learn,Logloss,596,0.003805991697908394
learn,Logloss,597,0.003804145815542711
learn,Logloss,598,0.003801533725178284
learn,Logloss,599,0.0037990591045936974
learn,Logloss,600,0.0037932368476874356
learn,Logloss,601,0.003790513349939612
learn,Logloss,602,0.003789168472785228
learn,Logloss,603,0.0037875730459668243
learn,Logloss,604,0.0037858072323144814
learn,Logloss,605,0.0037823667300499334
learn,Logloss,606,0.0037800227303249646
learn,Logloss,607,0.0037775592883023215
learn,Logloss,608,0.003774190695075537
learn,Logloss,609,0.003773688810103135
learn,Logloss,610,0.00377161860990125
learn,Logloss,611,0.0037694396345377868
learn,Logloss,612,0.0037677968175837536
learn,Logloss,613,0.003766299307226111
learn,Logloss,614,0.003765832505381493
learn,Logloss,615,0.003765067642915475
learn,Logloss,616,0.0037619351891487523
learn,Logloss,617,0.003757557753418377
learn,Logloss,618,0.003755372065183133
learn,Logloss,619,0.0037539810771513122
learn,Logloss,620,0.003751179327319985
learn,Logloss,621,0.003749794749863892
learn,Logloss,622,0.0037480938661717807
learn,Logloss,623,0.0037473958646214015
learn,Logloss,624,0.0037469602188805263
learn,Logloss,625,0.0037459011551750757
learn,Logloss,626,0.003743903338980849
learn,Logloss,627,0.003740495213066204
learn,Logloss,628,0.0037388237106435176
learn,Logloss,629,0.003736376340741795
learn,Logloss,630,0.003733359486558722
learn,Logloss,631,0.0037320150940142547
learn,Logloss,632,0.003730037899802901
learn,Logloss,633,0.003728759764577859
learn,Logloss,634,0.003726984700967691
learn,Logloss,635,0.003726301625904531
learn,Logloss,636,0.0037244033263351553
learn,Logloss,637,0.0037231514527098263
learn,Logloss,638,0.003721088135557341
learn,Logloss,639,0.0037132387278732493
learn,Logloss,640,0.003706174101311591
learn,Logloss,641,0.0037056088415047136
learn,Logloss,642,0.0036992382522254203
learn,Logloss,643,0.003695444079551381
learn,Logloss,644,0.003689688984068104
learn,Logloss,645,0.003684482085444914
learn,Logloss,646,0.003681287399194605
learn,Logloss,647,0.003678952198250976
learn,Logloss,648,0.0036742328239379005
learn,Logloss,649,0.003673039903333739
learn,Logloss,650,0.003669983405194203
learn,Logloss,651,0.003667614984420864
learn,Logloss,652,0.0036663983096167237
learn,Logloss,653,0.0036641758642953796
learn,Logloss,654,0.003662842669187053
learn,Logloss,655,0.0036611344491156743
learn,Logloss,656,0.0036568509486418787
learn,Logloss,657,0.0036544982646292148
learn,Logloss,658,0.003652806550726883
learn,Logloss,659,0.0036509955994680986
learn,Logloss,660,0.0036487153627315643
learn,Logloss,661,0.003646956568903177
learn,Logloss,662,0.0036457575990069845
learn,Logloss,663,0.0036439175890937204
learn,Logloss,664,0.0036417010506114896
learn,Logloss,665,0.003640567483105556
learn,Logloss,666,0.0036392885499945656
learn,Logloss,667,0.003638580092901117
learn,Logloss,668,0.0036349751820330014
learn,Logloss,669,0.0036311036732678686
learn,Logloss,670,0.003628187564576454
learn,Logloss,671,0.0036253151029980017
learn,Logloss,672,0.0036240024923931452
learn,Logloss,673,0.0036227766875399094
learn,Logloss,674,0.0036195849429896377
learn,Logloss,675,0.0036133372917204216
learn,Logloss,676,0.0036104844045177424
learn,Logloss,677,0.003608792567627797
learn,Logloss,678,0.00360712054727786
learn,Logloss,679,0.003604278471669397
learn,Logloss,680,0.003601743297213855
learn,Logloss,681,0.0035969807324093784
learn,Logloss,682,0.0035954477678521953
learn,Logloss,683,0.0035949550944779883
learn,Logloss,684,0.0035936739424182566
learn,Logloss,685,0.0035910631175586367
learn,Logloss,686,0.0035884634010495756
learn,Logloss,687,0.0035869295916404606
learn,Logloss,688,0.0035840555412430574
learn,Logloss,689,0.0035817929500971926
learn,Logloss,690,0.003579707965312979
learn,Logloss,691,0.0035793102141809733
learn,Logloss,692,0.003576849625364618
learn,Logloss,693,0.0035751895406600917
learn,Logloss,694,0.0035737796080605976
learn,Logloss,695,0.003568953783376637
learn,Logloss,696,0.0035676722266116336
learn,Logloss,697,0.0035664690126036296
learn,Logloss,698,0.003564346273239547
learn,Logloss,699,0.00356330945022095
learn,Logloss,700,0.0035616354631114846
learn,Logloss,701,0.0035601704489980836
learn,Logloss,702,0.003558297200693067
learn,Logloss,703,0.0035571138440638143
learn,Logloss,704,0.0035537909704596907
learn,Logloss,705,0.0035502886784133207
learn,Logloss,706,0.003548973862783578
learn,Logloss,707,0.0035478582427150573
learn,Logloss,708,0.0035447868265653967
learn,Logloss,709,0.0035443624482479523
learn,Logloss,710,0.003541460929265512
learn,Logloss,711,0.0035403742255606598
learn,Logloss,712,0.0035384467018539185
learn,Logloss,713,0.003538070089239924
learn,Logloss,714,0.003536815786057721
learn,Logloss,715,0.0035356503462653024
learn,Logloss,716,0.003534289779379183
learn,Logloss,717,0.003532553308612897
learn,Logloss,718,0.0035308784651271264
learn,Logloss,719,0.0035300780618073816
learn,Logloss,720,0.0035280639501719725
learn,Logloss,721,0.003526813172468385
learn,Logloss,722,0.0035259392165723075
learn,Logloss,723,0.003524370753712988
learn,Logloss,724,0.0035234670178152815
learn,Logloss,725,0.0035219335456109246
learn,Logloss,726,0.0035209879575644355
learn,Logloss,727,0.0035198715870350737
learn,Logloss,728,0.0035187704265202562
learn,Logloss,729,0.0035174344762463885
learn,Logloss,730,0.0035163234100370287
learn,Logloss,731,0.0035146524746563364
learn,Logloss,732,0.0035135833950536367
learn,Logloss,733,0.003511750065436712
learn,Logloss,734,0.0035112391943186018
learn,Logloss,735,0.003510525669130759
learn,Logloss,736,0.003508842695830913
learn,Logloss,737,0.0035076856877583615
learn,Logloss,738,0.0035071442392021505
learn,Logloss,739,0.0035065099531081047
learn,Logloss,740,0.0035053349192994666
learn,Logloss,741,0.003504859651275829
learn,Logloss,742,0.003502757755012326
learn,Logloss,743,0.003499530623774627
learn,Logloss,744,0.0034952924430248296
learn,Logloss,745,0.003494581687309577
learn,Logloss,746,0.0034934255325758706
learn,Logloss,747,0.0034920178955354466
learn,Logloss,748,0.0034906370255356448
learn,Logloss,749,0.003490203417851319
learn,Logloss,750,0.0034885586838232664
learn,Logloss,751,0.0034867920912676686
learn,Logloss,752,0.003485944362056998
learn,Logloss,753,0.0034848960673489592
learn,Logloss,754,0.003484152505307427
learn,Logloss,755,0.00348344203191846
learn,Logloss,756,0.003482405481154735
learn,Logloss,757,0.0034813765394131214
learn,Logloss,758,0.003481020861842965
learn,Logloss,759,0.0034789558580335545
learn,Logloss,760,0.0034774641150538384
learn,Logloss,761,0.0034757996809009067
learn,Logloss,762,0.003474607766577355
learn,Logloss,763,0.0034730689065123315
learn,Logloss,764,0.0034721247939339247
learn,Logloss,765,0.003471020715360678
learn,Logloss,766,0.0034662966403869533
learn,Logloss,767,0.003465270264352587
learn,Logloss,768,0.0034635452736522356
learn,Logloss,769,0.0034632015914375673
learn,Logloss,770,0.003462866616343448
learn,Logloss,771,0.0034520957366172794
learn,Logloss,772,0.003451055093576963
learn,Logloss,773,0.003448282563040719
learn,Logloss,774,0.0034472021276858588
learn,PRAUC:type=Classic,0,0.2307837685520227
learn,PRAUC:type=Classic,1,0.41235743198576436
learn,PRAUC:type=Classic,2,0.4344720417103175
learn,PRAUC:type=Classic,3,0.4529737774181082
learn,PRAUC:type=Classic,4,0.5158752534429001
learn,PRAUC:type=Classic,5,0.5778283941253507
learn,PRAUC:type=Classic,6,0.5883763152332826
learn,PRAUC:type=Classic,7,0.6371360560053632
learn,PRAUC:type=Classic,8,0.6773876692665859
learn,PRAUC:type=Classic,9,0.7023279374317456
learn,PRAUC:type=Classic,10,0.7166355293602494
learn,PRAUC:type=Classic,11,0.7203431994390866
learn,PRAUC:type=Classic,12,0.725492697787775
learn,PRAUC:type=Classic,13,0.7274617820777828
learn,PRAUC:type=Classic,14,0.7290004943998357
learn,PRAUC:type=Classic,15,0.7296162094684507
learn,PRAUC:type=Classic,16,0.7302582328476553
learn,PRAUC:type=Classic,17,0.7329113350190536
learn,PRAUC:type=Classic,18,0.7378876834339939
learn,PRAUC:type=Classic,19,0.7452201873636265
learn,PRAUC:type=Classic,20,0.7548153489333879
learn,PRAUC:type=Classic,21,0.7568442139905919
learn,PRAUC:type=Classic,22,0.761499979579763
learn,PRAUC:type=Classic,23,0.7622410684093954
learn,PRAUC:type=Classic,24,0.7732679323337777
learn,PRAUC:type=Classic,25,0.7730150173010648
learn,PRAUC:type=Classic,26,0.7798330543334239
learn,PRAUC:type=Classic,27,0.7805170129935918
learn,PRAUC:type=Classic,28,0.785955731252848
learn,PRAUC:type=Classic,29,0.7880677640136496
learn,PRAUC:type=Classic,30,0.7895776486966828
learn,PRAUC:type=Classic,31,0.794946916314481
learn,PRAUC:type=Classic,32,0.7964048962651611
learn,PRAUC:type=Classic,33,0.8056259737840974
learn,PRAUC:type=Classic,34,0.8073918585815778
learn,PRAUC:type=Classic,35,0.8077990572272412
learn,PRAUC:type=Classic,36,0.8125429826186323
learn,PRAUC:type=Classic,37,0.8128728318487463
learn,PRAUC:type=Classic,38,0.818642614016131
learn,PRAUC:type=Classic,39,0.8188912995192947
learn,PRAUC:type=Classic,40,0.8235548475552622
learn,PRAUC:type=Classic,41,0.8238642775157842
learn,PRAUC:type=Classic,42,0.8278230792666379
learn,PRAUC:type=Classic,43,0.8280310012147728
learn,PRAUC:type=Classic,44,0.8284755945190543
learn,PRAUC:type=Classic,45,0.8299064481689443
learn,PRAUC:type=Classic,46,0.8310687003841719
learn,PRAUC:type=Classic,47,0.8316738255760862
learn,PRAUC:type=Classic,48,0.8335863212379622
learn,PRAUC:type=Classic,49,0.8352932860608143
learn,PRAUC:type=Classic,50,0.8381296281273695
learn,PRAUC:type=Classic,51,0.8384767483476798
learn,PRAUC:type=Classic,52,0.8391340552069108
learn,PRAUC:type=Classic,53,0.8400497761710075
learn,PRAUC:type=Classic,54,0.8421748660452589
learn,PRAUC:type=Classic,55,0.8434679233296075
learn,PRAUC:type=Classic,56,0.8435325321368609
learn,PRAUC:type=Classic,57,0.8435967644616256
learn,PRAUC:type=Classic,58,0.8438091745172595
learn,PRAUC:type=Classic,59,0.8459807267926293
learn,PRAUC:type=Classic,60,0.8463412053997581
learn,PRAUC:type=Classic,61,0.8466017291401463
learn,PRAUC:type=Classic,62,0.8484362063416623
learn,PRAUC:type=Classic,63,0.8484411221360538
learn,PRAUC:type=Classic,64,0.8494161448570111
learn,PRAUC:type=Classic,65,0.8496850870915472
learn,PRAUC:type=Classic,66,0.8506448272151925
learn,PRAUC:type=Classic,67,0.8507876448086066
learn,PRAUC:type=Classic,68,0.8512188589077085
learn,PRAUC:type=Classic,69,0.8513876451370583
learn,PRAUC:type=Classic,70,0.8516870256879396
learn,PRAUC:type=Classic,71,0.8517788428733681
learn,PRAUC:type=Classic,72,0.8528886487840022
learn,PRAUC:type=Classic,73,0.8537902868900018
learn,PRAUC:type=Classic,74,0.8543251231096769
learn,PRAUC:type=Classic,75,0.8553167688419647
learn,PRAUC:type=Classic,76,0.8556214010318555
learn,PRAUC:type=Classic,77,0.8558643493961445
learn,PRAUC:type=Classic,78,0.856851392220373
learn,PRAUC:type=Classic,79,0.8570921120079122
learn,PRAUC:type=Classic,80,0.8586471316260372
learn,PRAUC:type=Classic,81,0.8592312731048484
learn,PRAUC:type=Classic,82,0.8596383356172114
learn,PRAUC:type=Classic,83,0.8598284719190059
learn,PRAUC:type=Classic,84,0.8600090836792256
learn,PRAUC:type=Classic,85,0.8611411434207772
learn,PRAUC:type=Classic,86,0.8611622831447487
learn,PRAUC:type=Classic,87,0.8615833781058516
learn,PRAUC:type=Classic,88,0.862777343044891
learn,PRAUC:type=Classic,89,0.8632389794397567
learn,PRAUC:type=Classic,90,0.8647313716556709
learn,PRAUC:type=Classic,91,0.8655733073566597
learn,PRAUC:type=Classic,92,0.8665177786201351
learn,PRAUC:type=Classic,93,0.8675245960416033
learn,PRAUC:type=Classic,94,0.8677434951897037
learn,PRAUC:type=Classic,95,0.8684203211750955
learn,PRAUC:type=Classic,96,0.8688736068166842
learn,PRAUC:type=Classic,97,0.8694208237304222
learn,PRAUC:type=Classic,98,0.8703933820864342
learn,PRAUC:type=Classic,99,0.8706808305151521
learn,PRAUC:type=Classic,100,0.8726247816109928
learn,PRAUC:type=Classic,101,0.8738106036733749
learn,PRAUC:type=Classic,102,0.8749384488677825
learn,PRAUC:type=Classic,103,0.8766792916219466
learn,PRAUC:type=Classic,104,0.8769642346988539
learn,PRAUC:type=Classic,105,0.877717441767241
learn,PRAUC:type=Classic,106,0.8784247572884708
learn,PRAUC:type=Classic,107,0.878794997509453
learn,PRAUC:type=Classic,108,0.8795976696127147
learn,PRAUC:type=Classic,109,0.8797449705879046
learn,PRAUC:type=Classic,110,0.8804304544315991
learn,PRAUC:type=Classic,111,0.8811857720222127
learn,PRAUC:type=Classic,112,0.8817390009092607
learn,PRAUC:type=Classic,113,0.8819601185081675
learn,PRAUC:type=Classic,114,0.8829309806158993
learn,PRAUC:type=Classic,115,0.8831391614460304
learn,PRAUC:type=Classic,116,0.8838525197765935
learn,PRAUC:type=Classic,117,0.8843540650412578
learn,PRAUC:type=Classic,118,0.8846000051097154
learn,PRAUC:type=Classic,119,0.8855279502574636
learn,PRAUC:type=Classic,120,0.8858002446465096
learn,PRAUC:type=Classic,121,0.8858786710079698
learn,PRAUC:type=Classic,122,0.8868513317384521
learn,PRAUC:type=Classic,123,0.8872291788999649
learn,PRAUC:type=Classic,124,0.8876390043326899
learn,PRAUC:type=Classic,125,0.8878092612374361
learn,PRAUC:type=Classic,126,0.8884850002646046
learn,PRAUC:type=Classic,127,0.8886553536062581
learn,PRAUC:type=Classic,128,0.8892940952890701
learn,PRAUC:type=Classic,129,0.889520878248339
learn,PRAUC:type=Classic,130,0.8896934664571323
learn,PRAUC:type=Classic,131,0.8901820771078323
learn,PRAUC:type=Classic,132,0.8907554621355559
learn,PRAUC:type=Classic,133,0.8912760728987882
learn,PRAUC:type=Classic,134,0.891425266900783
learn,PRAUC:type=Classic,135,0.8918030080052595
learn,PRAUC:type=Classic,136,0.8923633944362301
learn,PRAUC:type=Classic,137,0.8925606318132766
learn,PRAUC:type=Classic,138,0.8928089194724249
learn,PRAUC:type=Classic,139,0.8929589754970114
learn,PRAUC:type=Classic,140,0.8933692909380879
learn,PRAUC:type=Classic,141,0.8935846638063862
learn,PRAUC:type=Classic,142,0.8939665031647995
learn,PRAUC:type=Classic,143,0.8942657528906949
learn,PRAUC:type=Classic,144,0.8944650355770796
learn,PRAUC:type=Classic,145,0.8947766100398346
learn,PRAUC:type=Classic,146,0.8949787253892545
learn,PRAUC:type=Classic,147,0.8952759623111712
learn,PRAUC:type=Classic,148,0.8959327161837461
learn,PRAUC:type=Classic,149,0.8959462200072613
learn,PRAUC:type=Classic,150,0.8963772955710076
learn,PRAUC:type=Classic,151,0.896959535238052
learn,PRAUC:type=Classic,152,0.897875465867522
learn,PRAUC:type=Classic,153,0.8980169851514584
learn,PRAUC:type=Classic,154,0.8981773846057131
learn,PRAUC:type=Classic,155,0.8985801805661711
learn,PRAUC:type=Classic,156,0.8987458300324558
learn,PRAUC:type=Classic,157,0.8991886122304552
learn,PRAUC:type=Classic,158,0.8997396431927953
learn,PRAUC:type=Classic,159,0.8999909249227424
learn,PRAUC:type=Classic,160,0.9002842711417083
learn,PRAUC:type=Classic,161,0.900388435303481
learn,PRAUC:type=Classic,162,0.9006007466852309
learn,PRAUC:type=Classic,163,0.9006835661296256
learn,PRAUC:type=Classic,164,0.9010836942978243
learn,PRAUC:type=Classic,165,0.9013121736327953
learn,PRAUC:type=Classic,166,0.9014883531070942
learn,PRAUC:type=Classic,167,0.9018188153959088
learn,PRAUC:type=Classic,168,0.9019774122985436
learn,PRAUC:type=Classic,169,0.9021970173773705
learn,PRAUC:type=Classic,170,0.9023077682603752
learn,PRAUC:type=Classic,171,0.90283837974781
learn,PRAUC:type=Classic,172,0.9030721291524508
learn,PRAUC:type=Classic,173,0.9033234489397719
learn,PRAUC:type=Classic,174,0.9036874258126204
learn,PRAUC:type=Classic,175,0.9042049406124568
learn,PRAUC:type=Classic,176,0.9045421590155455
learn,PRAUC:type=Classic,177,0.9045965253296994
learn,PRAUC:type=Classic,178,0.9048405022343118
learn,PRAUC:type=Classic,179,0.905119679717349
learn,PRAUC:type=Classic,180,0.9053356235047206
learn,PRAUC:type=Classic,181,0.905819323879519
learn,PRAUC:type=Classic,182,0.9062017951162716
learn,PRAUC:type=Classic,183,0.9064216405856417
learn,PRAUC:type=Classic,184,0.9067327590706177
learn,PRAUC:type=Classic,185,0.9069727848241737
learn,PRAUC:type=Classic,186,0.9071309792385406
learn,PRAUC:type=Classic,187,0.9074018844829551
learn,PRAUC:type=Classic,188,0.9076509854648908
learn,PRAUC:type=Classic,189,0.9081238741567242
learn,PRAUC:type=Classic,190,0.9082510939831172
learn,PRAUC:type=Classic,191,0.9083898840427007
learn,PRAUC:type=Classic,192,0.9088250016410371
learn,PRAUC:type=Classic,193,0.9089677901546902
learn,PRAUC:type=Classic,194,0.9091421407315912
learn,PRAUC:type=Classic,195,0.90924972269648
learn,PRAUC:type=Classic,196,0.909731177888289
learn,PRAUC:type=Classic,197,0.9098014487878479
learn,PRAUC:type=Classic,198,0.91017643343447
learn,PRAUC:type=Classic,199,0.9104893914657775
learn,PRAUC:type=Classic,200,0.9110081106122716
learn,PRAUC:type=Classic,201,0.9111220639366314
learn,PRAUC:type=Classic,202,0.9112304513046132
learn,PRAUC:type=Classic,203,0.9114040763583575
learn,PRAUC:type=Classic,204,0.911826644320439
learn,PRAUC:type=Classic,205,0.9121112301591721
learn,PRAUC:type=Classic,206,0.9122177345761505
learn,PRAUC:type=Classic,207,0.9123583935999061
learn,PRAUC:type=Classic,208,0.9124679975159434
learn,PRAUC:type=Classic,209,0.9126330158313699
learn,PRAUC:type=Classic,210,0.9127482413864506
learn,PRAUC:type=Classic,211,0.9129913402033772
learn,PRAUC:type=Classic,212,0.9133138593558269
learn,PRAUC:type=Classic,213,0.9135877893842058
learn,PRAUC:type=Classic,214,0.9136699106277982
learn,PRAUC:type=Classic,215,0.9138609253621778
learn,PRAUC:type=Classic,216,0.9140847247958005
learn,PRAUC:type=Classic,217,0.9142744429628283
learn,PRAUC:type=Classic,218,0.9146938060026591
learn,PRAUC:type=Classic,219,0.9148085619264698
learn,PRAUC:type=Classic,220,0.9149925348744147
learn,PRAUC:type=Classic,221,0.915225231577263
learn,PRAUC:type=Classic,222,0.9153488447193493
learn,PRAUC:type=Classic,223,0.9155126304601574
learn,PRAUC:type=Classic,224,0.9156388963499776
learn,PRAUC:type=Classic,225,0.9157184570119746
learn,PRAUC:type=Classic,226,0.9158080615116749
learn,PRAUC:type=Classic,227,0.9159199612610377
learn,PRAUC:type=Classic,228,0.9159994341977283
learn,PRAUC:type=Classic,229,0.916168992930937
learn,PRAUC:type=Classic,230,0.9162608188535158
learn,PRAUC:type=Classic,231,0.9163446271844776
learn,PRAUC:type=Classic,232,0.9164217677092147
learn,PRAUC:type=Classic,233,0.9164806953309914
learn,PRAUC:type=Classic,234,0.9168831383542198
learn,PRAUC:type=Classic,235,0.9168962765940765
learn,PRAUC:type=Classic,236,0.9170949770877943
learn,PRAUC:type=Classic,237,0.9171731489903978
learn,PRAUC:type=Classic,238,0.9172776023445139
learn,PRAUC:type=Classic,239,0.9173386939909922
learn,PRAUC:type=Classic,240,0.9174923937566801
learn,PRAUC:type=Classic,241,0.9178469240431759
learn,PRAUC:type=Classic,242,0.9180690108433427
learn,PRAUC:type=Classic,243,0.9183555412368549
learn,PRAUC:type=Classic,244,0.9184900431250524
learn,PRAUC:type=Classic,245,0.9185868155446113
learn,PRAUC:type=Classic,246,0.9187664875477219
learn,PRAUC:type=Classic,247,0.9188949476627708
learn,PRAUC:type=Classic,248,0.9189506752242689
learn,PRAUC:type=Classic,249,0.9190154729958597
learn,PRAUC:type=Classic,250,0.9191801733752817
learn,PRAUC:type=Classic,251,0.9195285327101056
learn,PRAUC:type=Classic,252,0.9197687083208824
learn,PRAUC:type=Classic,253,0.9200813295758516
learn,PRAUC:type=Classic,254,0.9202439268881173
learn,PRAUC:type=Classic,255,0.9204331970288084
learn,PRAUC:type=Classic,256,0.9205092272529001
learn,PRAUC:type=Classic,257,0.9205969234891853
learn,PRAUC:type=Classic,258,0.9206617801054997
learn,PRAUC:type=Classic,259,0.9209558968457827
learn,PRAUC:type=Classic,260,0.921093906617307
learn,PRAUC:type=Classic,261,0.9213726565754441
learn,PRAUC:type=Classic,262,0.9215139105737231
learn,PRAUC:type=Classic,263,0.9216634696389945
learn,PRAUC:type=Classic,264,0.921799068300716
learn,PRAUC:type=Classic,265,0.9218933465468495
learn,PRAUC:type=Classic,266,0.9220320359250316
learn,PRAUC:type=Classic,267,0.9221309807609253
learn,PRAUC:type=Classic,268,0.9221793024773934
learn,PRAUC:type=Classic,269,0.9223226949797163
learn,PRAUC:type=Classic,270,0.9225117668518938
learn,PRAUC:type=Classic,271,0.9227599766092862
learn,PRAUC:type=Classic,272,0.9227696237353809
learn,PRAUC:type=Classic,273,0.9228735938818318
learn,PRAUC:type=Classic,274,0.923118614773941
learn,PRAUC:type=Classic,275,0.9232450441301745
learn,PRAUC:type=Classic,276,0.9233416455847361
learn,PRAUC:type=Classic,277,0.9233886018086468
learn,PRAUC:type=Classic,278,0.9234966445440527
learn,PRAUC:type=Classic,279,0.9236244971498515
learn,PRAUC:type=Classic,280,0.9240635731693925
learn,PRAUC:type=Classic,281,0.9241831871812667
learn,PRAUC:type=Classic,282,0.9242474595168324
learn,PRAUC:type=Classic,283,0.9242559502342631
learn,PRAUC:type=Classic,284,0.9242909337499803
learn,PRAUC:type=Classic,285,0.9243596668463694
learn,PRAUC:type=Classic,286,0.9245933951938272
learn,PRAUC:type=Classic,287,0.9247038670464707
learn,PRAUC:type=Classic,288,0.9248508398926876
learn,PRAUC:type=Classic,289,0.9249763569413891
learn,PRAUC:type=Classic,290,0.9251604941300302
learn,PRAUC:type=Classic,291,0.9252093852112242
learn,PRAUC:type=Classic,292,0.925278915134329
learn,PRAUC:type=Classic,293,0.9253896537580653
learn,PRAUC:type=Classic,294,0.9255013444772284
learn,PRAUC:type=Classic,295,0.92559234567663
learn,PRAUC:type=Classic,296,0.9256597054868791
learn,PRAUC:type=Classic,297,0.9258781970387882
learn,PRAUC:type=Classic,298,0.9260040621958217
learn,PRAUC:type=Classic,299,0.926128646368243
learn,PRAUC:type=Classic,300,0.9263449097879664
learn,PRAUC:type=Classic,301,0.9263868243690054
learn,PRAUC:type=Classic,302,0.9264525507482715
learn,PRAUC:type=Classic,303,0.9266133385499107
learn,PRAUC:type=Classic,304,0.9266463088030334
learn,PRAUC:type=Classic,305,0.9267090021161453
learn,PRAUC:type=Classic,306,0.9268981150054243
learn,PRAUC:type=Classic,307,0.9270994006318767
learn,PRAUC:type=Classic,308,0.9271570043349646
learn,PRAUC:type=Classic,309,0.927271802230371
learn,PRAUC:type=Classic,310,0.9275181100408245
learn,PRAUC:type=Classic,311,0.9276364020796375
learn,PRAUC:type=Classic,312,0.9277214345996565
learn,PRAUC:type=Classic,313,0.9278266117754113
learn,PRAUC:type=Classic,314,0.9278936720915589
learn,PRAUC:type=Classic,315,0.92799271399991
learn,PRAUC:type=Classic,316,0.928029527485263
learn,PRAUC:type=Classic,317,0.9281353623876638
learn,PRAUC:type=Classic,318,0.9281978883900348
learn,PRAUC:type=Classic,319,0.9282696741257173
learn,PRAUC:type=Classic,320,0.9283542454245689
learn,PRAUC:type=Classic,321,0.9284433294508375
learn,PRAUC:type=Classic,322,0.928587195387102
learn,PRAUC:type=Classic,323,0.9287531138798907
learn,PRAUC:type=Classic,324,0.9289288297546413
learn,PRAUC:type=Classic,325,0.929000005575645
learn,PRAUC:type=Classic,326,0.9291455268274337
learn,PRAUC:type=Classic,327,0.9292271615092661
learn,PRAUC:type=Classic,328,0.9292689821159424
learn,PRAUC:type=Classic,329,0.9293926740123782
learn,PRAUC:type=Classic,330,0.9295392206563601
learn,PRAUC:type=Classic,331,0.9296652968173748
learn,PRAUC:type=Classic,332,0.929701022745263
learn,PRAUC:type=Classic,333,0.9298014203173045
learn,PRAUC:type=Classic,334,0.9299362190189594
learn,PRAUC:type=Classic,335,0.9300073099560152
learn,PRAUC:type=Classic,336,0.9301010913924391
learn,PRAUC:type=Classic,337,0.9301750449824476
learn,PRAUC:type=Classic,338,0.9302121620156377
learn,PRAUC:type=Classic,339,0.9303459213203354
learn,PRAUC:type=Classic,340,0.9304928494604171
learn,PRAUC:type=Classic,341,0.930558451640303
learn,PRAUC:type=Classic,342,0.9306664196314939
learn,PRAUC:type=Classic,343,0.9307190044416621
learn,PRAUC:type=Classic,344,0.9307582767864563
learn,PRAUC:type=Classic,345,0.9308227303460167
learn,PRAUC:type=Classic,346,0.9309387893564621
learn,PRAUC:type=Classic,347,0.9309728569046148
learn,PRAUC:type=Classic,348,0.931032093224407
learn,PRAUC:type=Classic,349,0.9310578981015286
learn,PRAUC:type=Classic,350,0.9311117050264398
learn,PRAUC:type=Classic,351,0.9312582136878321
learn,PRAUC:type=Classic,352,0.9314449680178644
learn,PRAUC:type=Classic,353,0.931527782967983
learn,PRAUC:type=Classic,354,0.931644012598459
learn,PRAUC:type=Classic,355,0.9316932202563456
learn,PRAUC:type=Classic,356,0.9317771619721341
learn,PRAUC:type=Classic,357,0.9318339423180201
learn,PRAUC:type=Classic,358,0.9318601983359537
learn,PRAUC:type=Classic,359,0.9320324810971649
learn,PRAUC:type=Classic,360,0.9320728445193044
learn,PRAUC:type=Classic,361,0.9321304501639677
learn,PRAUC:type=Classic,362,0.9321860265352543
learn,PRAUC:type=Classic,363,0.9322999901467689
learn,PRAUC:type=Classic,364,0.9323713318980059
learn,PRAUC:type=Classic,365,0.9324161982865306
learn,PRAUC:type=Classic,366,0.9324534415018902
learn,PRAUC:type=Classic,367,0.9325756006324143
learn,PRAUC:type=Classic,368,0.9326548864576728
learn,PRAUC:type=Classic,369,0.9327273573061315
learn,PRAUC:type=Classic,370,0.9327825371165718
learn,PRAUC:type=Classic,371,0.9328051373662097
learn,PRAUC:type=Classic,372,0.9328521789364558
learn,PRAUC:type=Classic,373,0.9329146058211125
learn,PRAUC:type=Classic,374,0.9329855891541429
learn,PRAUC:type=Classic,375,0.933036880885339
learn,PRAUC:type=Classic,376,0.9332237106108371
learn,PRAUC:type=Classic,377,0.9332696839734486
learn,PRAUC:type=Classic,378,0.9332962388737617
learn,PRAUC:type=Classic,379,0.9333352298273211
learn,PRAUC:type=Classic,380,0.9334079734739574
learn,PRAUC:type=Classic,381,0.933509439808735
learn,PRAUC:type=Classic,382,0.9336155195170656
learn,PRAUC:type=Classic,383,0.9336669283618032
learn,PRAUC:type=Classic,384,0.933760558201938
learn,PRAUC:type=Classic,385,0.9338269537502063
learn,PRAUC:type=Classic,386,0.933869172769633
learn,PRAUC:type=Classic,387,0.9339660072829897
learn,PRAUC:type=Classic,388,0.9339943993473422
learn,PRAUC:type=Classic,389,0.9340381805777397
learn,PRAUC:type=Classic,390,0.9341160498391549
learn,PRAUC:type=Classic,391,0.9341505255300834
learn,PRAUC:type=Classic,392,0.9341717669906854
learn,PRAUC:type=Classic,393,0.9342276027391166
learn,PRAUC:type=Classic,394,0.9343022142127418
learn,PRAUC:type=Classic,395,0.9343700445027886
learn,PRAUC:type=Classic,396,0.934438407714055
learn,PRAUC:type=Classic,397,0.9344887244025096
learn,PRAUC:type=Classic,398,0.9345269631761185
learn,PRAUC:type=Classic,399,0.9345655053311249
learn,PRAUC:type=Classic,400,0.9346950313273429
learn,PRAUC:type=Classic,401,0.9347427578536963
learn,PRAUC:type=Classic,402,0.9348732322095582
learn,PRAUC:type=Classic,403,0.9349190653378653
learn,PRAUC:type=Classic,404,0.9349919207324046
learn,PRAUC:type=Classic,405,0.9350431937458413
learn,PRAUC:type=Classic,406,0.9350762152406243
learn,PRAUC:type=Classic,407,0.9351200715352358
learn,PRAUC:type=Classic,408,0.9353718217799784
learn,PRAUC:type=Classic,409,0.9353783778348822
learn,PRAUC:type=Classic,410,0.9354217847032983
learn,PRAUC:type=Classic,411,0.9354738170977416
learn,PRAUC:type=Classic,412,0.9356722499750848
learn,PRAUC:type=Classic,413,0.9357274316162091
learn,PRAUC:type=Classic,414,0.9359002284395154
learn,PRAUC:type=Classic,415,0.9359237721244212
learn,PRAUC:type=Classic,416,0.9360695586914222
learn,PRAUC:type=Classic,417,0.9361074613712165
learn,PRAUC:type=Classic,418,0.936137765283792
learn,PRAUC:type=Classic,419,0.9362676091883543
learn,PRAUC:type=Classic,420,0.9363162923191737
learn,PRAUC:type=Classic,421,0.9364494930628763
learn,PRAUC:type=Classic,422,0.9365010331994127
learn,PRAUC:type=Classic,423,0.9366037602457796
learn,PRAUC:type=Classic,424,0.9366316301099463
learn,PRAUC:type=Classic,425,0.9367382108042256
learn,PRAUC:type=Classic,426,0.9367841372454243
learn,PRAUC:type=Classic,427,0.9368068506341952
learn,PRAUC:type=Classic,428,0.9369250323280004
learn,PRAUC:type=Classic,429,0.9369593672603155
learn,PRAUC:type=Classic,430,0.9370146666394165
learn,PRAUC:type=Classic,431,0.9370335739222598
learn,PRAUC:type=Classic,432,0.9370964570014927
learn,PRAUC:type=Classic,433,0.9371434466262479
learn,PRAUC:type=Classic,434,0.9371635796597481
learn,PRAUC:type=Classic,435,0.937282490097935
learn,PRAUC:type=Classic,436,0.937320867664314
learn,PRAUC:type=Classic,437,0.9373358390305305
learn,PRAUC:type=Classic,438,0.9374515862810985
learn,PRAUC:type=Classic,439,0.9375151968795171
learn,PRAUC:type=Classic,440,0.9375260475943751
learn,PRAUC:type=Classic,441,0.9376412556589612
learn,PRAUC:type=Classic,442,0.9377207241523956
learn,PRAUC:type=Classic,443,0.9377277161320171
learn,PRAUC:type=Classic,444,0.9378386482388709
learn,PRAUC:type=Classic,445,0.9378523275415341
learn,PRAUC:type=Classic,446,0.9379160889047217
learn,PRAUC:type=Classic,447,0.9379340166016464
learn,PRAUC:type=Classic,448,0.9379633194971079
learn,PRAUC:type=Classic,449,0.937980321926532
learn,PRAUC:type=Classic,450,0.9381526485527764
learn,PRAUC:type=Classic,451,0.9382410555487365
learn,PRAUC:type=Classic,452,0.9383312916823919
learn,PRAUC:type=Classic,453,0.938364764359969
learn,PRAUC:type=Classic,454,0.9383936624276564
learn,PRAUC:type=Classic,455,0.9385161290075396
learn,PRAUC:type=Classic,456,0.93854362990389
learn,PRAUC:type=Classic,457,0.9386170324698911
learn,PRAUC:type=Classic,458,0.9386835864396049
learn,PRAUC:type=Classic,459,0.9387684410922882
learn,PRAUC:type=Classic,460,0.9388693181555293
learn,PRAUC:type=Classic,461,0.9388925499045554
learn,PRAUC:type=Classic,462,0.938921543481131
learn,PRAUC:type=Classic,463,0.9389823951136264
learn,PRAUC:type=Classic,464,0.9390065162861204
learn,PRAUC:type=Classic,465,0.9390432419651072
learn,PRAUC:type=Classic,466,0.9390573016092266
learn,PRAUC:type=Classic,467,0.9390845154302007
learn,PRAUC:type=Classic,468,0.9391190758152651
learn,PRAUC:type=Classic,469,0.9391637480716327
learn,PRAUC:type=Classic,470,0.9391756435498092
learn,PRAUC:type=Classic,471,0.9394445662114469
learn,PRAUC:type=Classic,472,0.9394675149453323
learn,PRAUC:type=Classic,473,0.9395052656887538
learn,PRAUC:type=Classic,474,0.9395295826580276
learn,PRAUC:type=Classic,475,0.9395913197272602
learn,PRAUC:type=Classic,476,0.9396515508766737
learn,PRAUC:type=Classic,477,0.9397449743832963
learn,PRAUC:type=Classic,478,0.939757186256157
learn,PRAUC:type=Classic,479,0.9400026496440893
learn,PRAUC:type=Classic,480,0.9400916618388232
learn,PRAUC:type=Classic,481,0.9402665118881649
learn,PRAUC:type=Classic,482,0.9403485475459715
learn,PRAUC:type=Classic,483,0.9404604262829027
learn,PRAUC:type=Classic,484,0.9405102138321259
learn,PRAUC:type=Classic,485,0.9405365105653966
learn,PRAUC:type=Classic,486,0.9405990514023893
learn,PRAUC:type=Classic,487,0.9406697845646371
learn,PRAUC:type=Classic,488,0.9407367314651515
learn,PRAUC:type=Classic,489,0.9410493852916418
learn,PRAUC:type=Classic,490,0.9411109572873372
learn,PRAUC:type=Classic,491,0.941249588239837
learn,PRAUC:type=Classic,492,0.941290532177424
learn,PRAUC:type=Classic,493,0.9413502460488942
learn,PRAUC:type=Classic,494,0.9414070804884712
learn,PRAUC:type=Classic,495,0.9415442538218223
learn,PRAUC:type=Classic,496,0.9415983203523809
learn,PRAUC:type=Classic,497,0.9417082651353968
learn,PRAUC:type=Classic,498,0.9417627424369478
learn,PRAUC:type=Classic,499,0.9418341295517393
learn,PRAUC:type=Classic,500,0.9418618647734777
learn,PRAUC:type=Classic,501,0.9418880679636524
learn,PRAUC:type=Classic,502,0.9419838537608053
learn,PRAUC:type=Classic,503,0.9420302368804586
learn,PRAUC:type=Classic,504,0.942153436064079
learn,PRAUC:type=Classic,505,0.9422835870827196
learn,PRAUC:type=Classic,506,0.9423775240654496
learn,PRAUC:type=Classic,507,0.9424538215023536
learn,PRAUC:type=Classic,508,0.9425626090258156
learn,PRAUC:type=Classic,509,0.9426529005856551
learn,PRAUC:type=Classic,510,0.9427675175389932
learn,PRAUC:type=Classic,511,0.9427750782647427
learn,PRAUC:type=Classic,512,0.9428238083069848
learn,PRAUC:type=Classic,513,0.9429295104494372
learn,PRAUC:type=Classic,514,0.9429900637956518
learn,PRAUC:type=Classic,515,0.9430258793443543
learn,PRAUC:type=Classic,516,0.9430739242712752
learn,PRAUC:type=Classic,517,0.9431196610473437
learn,PRAUC:type=Classic,518,0.9432040842324573
learn,PRAUC:type=Classic,519,0.9432696809971416
learn,PRAUC:type=Classic,520,0.9433047508563194
learn,PRAUC:type=Classic,521,0.9433625000001097
learn,PRAUC:type=Classic,522,0.94341873653762
learn,PRAUC:type=Classic,523,0.9434468605578222
learn,PRAUC:type=Classic,524,0.9434634760221118
learn,PRAUC:type=Classic,525,0.943480987319956
learn,PRAUC:type=Classic,526,0.9435182032039781
learn,PRAUC:type=Classic,527,0.9435649128671889
learn,PRAUC:type=Classic,528,0.9436439209804565
learn,PRAUC:type=Classic,529,0.9438197937207385
learn,PRAUC:type=Classic,530,0.9438501366061668
learn,PRAUC:type=Classic,531,0.9439441256379756
learn,PRAUC:type=Classic,532,0.9439583020601884
learn,PRAUC:type=Classic,533,0.9440046499440075
learn,PRAUC:type=Classic,534,0.944008671066778
learn,PRAUC:type=Classic,535,0.9440181664433055
learn,PRAUC:type=Classic,536,0.9441606868675251
learn,PRAUC:type=Classic,537,0.9441889732064154
learn,PRAUC:type=Classic,538,0.9442012213199641
learn,PRAUC:type=Classic,539,0.9442505256573367
learn,PRAUC:type=Classic,540,0.9442968320035384
learn,PRAUC:type=Classic,541,0.9443337606566325
learn,PRAUC:type=Classic,542,0.9443447936211536
learn,PRAUC:type=Classic,543,0.9443549249503022
learn,PRAUC:type=Classic,544,0.9443763266088724
learn,PRAUC:type=Classic,545,0.9444577224561242
learn,PRAUC:type=Classic,546,0.9447181211108778
learn,PRAUC:type=Classic,547,0.9447933871423405
learn,PRAUC:type=Classic,548,0.9448035156229272
learn,PRAUC:type=Classic,549,0.944879064161014
learn,PRAUC:type=Classic,550,0.9448961531989538
learn,PRAUC:type=Classic,551,0.9449120927180054
learn,PRAUC:type=Classic,552,0.9449330538596837
learn,PRAUC:type=Classic,553,0.9449512494270845
learn,PRAUC:type=Classic,554,0.9449858263327516
learn,PRAUC:type=Classic,555,0.945083326557051
learn,PRAUC:type=Classic,556,0.9451679861028531
learn,PRAUC:type=Classic,557,0.9451903698622214
learn,PRAUC:type=Classic,558,0.945276067817301
learn,PRAUC:type=Classic,559,0.9454079515959121
learn,PRAUC:type=Classic,560,0.9454349708723103
learn,PRAUC:type=Classic,561,0.9454411547306524
learn,PRAUC:type=Classic,562,0.9454789652366874
learn,PRAUC:type=Classic,563,0.9455137074898964
learn,PRAUC:type=Classic,564,0.9455339243317732
learn,PRAUC:type=Classic,565,0.9456357527571223
learn,PRAUC:type=Classic,566,0.9457686415517493
learn,PRAUC:type=Classic,567,0.9458009548579015
learn,PRAUC:type=Classic,568,0.9459255234676757
learn,PRAUC:type=Classic,569,0.9460577428979661
learn,PRAUC:type=Classic,570,0.9461388122753444
learn,PRAUC:type=Classic,571,0.9461754655844298
learn,PRAUC:type=Classic,572,0.946250451159676
learn,PRAUC:type=Classic,573,0.9462849730763078
learn,PRAUC:type=Classic,574,0.9463458915472999
learn,PRAUC:type=Classic,575,0.9464175240091576
learn,PRAUC:type=Classic,576,0.9464428054179749
learn,PRAUC:type=Classic,577,0.9464930077860437
learn,PRAUC:type=Classic,578,0.9465640820299802
learn,PRAUC:type=Classic,579,0.946608975319362
learn,PRAUC:type=Classic,580,0.946831280861869
learn,PRAUC:type=Classic,581,0.9469385103733631
learn,PRAUC:type=Classic,582,0.9470321058981425
learn,PRAUC:type=Classic,583,0.9471247826709187
learn,PRAUC:type=Classic,584,0.9471623042493637
learn,PRAUC:type=Classic,585,0.9472533165187839
learn,PRAUC:type=Classic,586,0.9473038800215153
learn,PRAUC:type=Classic,587,0.9473201350539243
learn,PRAUC:type=Classic,588,0.9474054437859544
learn,PRAUC:type=Classic,589,0.9475015253689877
learn,PRAUC:type=Classic,590,0.9475145420501149
learn,PRAUC:type=Classic,591,0.9475594031523881
learn,PRAUC:type=Classic,592,0.9475768060642137
learn,PRAUC:type=Classic,593,0.9475997201300829
learn,PRAUC:type=Classic,594,0.9476716675057836
learn,PRAUC:type=Classic,595,0.947697133477997
learn,PRAUC:type=Classic,596,0.9477499747950767
learn,PRAUC:type=Classic,597,0.947784373801018
learn,PRAUC:type=Classic,598,0.9478486985199542
learn,PRAUC:type=Classic,599,0.947899757445548
learn,PRAUC:type=Classic,600,0.9480468619454928
learn,PRAUC:type=Classic,601,0.9481119245326103
learn,PRAUC:type=Classic,602,0.9481343468538604
learn,PRAUC:type=Classic,603,0.9481733192191585
learn,PRAUC:type=Classic,604,0.9482045734982255
learn,PRAUC:type=Classic,605,0.9482786092690038
learn,PRAUC:type=Classic,606,0.9483421525458214
learn,PRAUC:type=Classic,607,0.9484062950057203
learn,PRAUC:type=Classic,608,0.9484758867020032
learn,PRAUC:type=Classic,609,0.9484930641369745
learn,PRAUC:type=Classic,610,0.9485604816266667
learn,PRAUC:type=Classic,611,0.9486043728543262
learn,PRAUC:type=Classic,612,0.9486361156859645
learn,PRAUC:type=Classic,613,0.9486782971935438
learn,PRAUC:type=Classic,614,0.9486935109269597
learn,PRAUC:type=Classic,615,0.9487164608066022
learn,PRAUC:type=Classic,616,0.9487824294096402
learn,PRAUC:type=Classic,617,0.9488721625775839
learn,PRAUC:type=Classic,618,0.9489416281667212
learn,PRAUC:type=Classic,619,0.9489695897595999
learn,PRAUC:type=Classic,620,0.949018107684589
learn,PRAUC:type=Classic,621,0.9490565376551426
learn,PRAUC:type=Classic,622,0.9491137023080672
learn,PRAUC:type=Classic,623,0.9491335778575575
learn,PRAUC:type=Classic,624,0.9491478523163198
learn,PRAUC:type=Classic,625,0.9491649830143475
learn,PRAUC:type=Classic,626,0.949213897764991
learn,PRAUC:type=Classic,627,0.9493022461569419
learn,PRAUC:type=Classic,628,0.9493361366774374
learn,PRAUC:type=Classic,629,0.9494047198336503
learn,PRAUC:type=Classic,630,0.9494639426054504
learn,PRAUC:type=Classic,631,0.9494921439077807
learn,PRAUC:type=Classic,632,0.9495518340605426
learn,PRAUC:type=Classic,633,0.9495761778402118
learn,PRAUC:type=Classic,634,0.949615290744385
learn,PRAUC:type=Classic,635,0.9496370058400242
learn,PRAUC:type=Classic,636,0.9496920874882392
learn,PRAUC:type=Classic,637,0.949718270680134
learn,PRAUC:type=Classic,638,0.9497673457921493
learn,PRAUC:type=Classic,639,0.9499267490605509
learn,PRAUC:type=Classic,640,0.9500705296563795
learn,PRAUC:type=Classic,641,0.9500800958091428
learn,PRAUC:type=Classic,642,0.9502093243935607
learn,PRAUC:type=Classic,643,0.95029446263517
learn,PRAUC:type=Classic,644,0.9504149496427216
learn,PRAUC:type=Classic,645,0.9505194722162381
learn,PRAUC:type=Classic,646,0.9505826083957155
learn,PRAUC:type=Classic,647,0.9506335158851346
learn,PRAUC:type=Classic,648,0.9507259015085049
learn,PRAUC:type=Classic,649,0.9507568938268244
learn,PRAUC:type=Classic,650,0.9508412397207061
learn,PRAUC:type=Classic,651,0.9509008468984604
learn,PRAUC:type=Classic,652,0.9509293867705119
learn,PRAUC:type=Classic,653,0.9509801496432094
learn,PRAUC:type=Classic,654,0.9510119910375333
learn,PRAUC:type=Classic,655,0.951058074498531
learn,PRAUC:type=Classic,656,0.9511434919736997
learn,PRAUC:type=Classic,657,0.951193638611986
learn,PRAUC:type=Classic,658,0.9512381837205482
learn,PRAUC:type=Classic,659,0.951271413712062
learn,PRAUC:type=Classic,660,0.9513221036111116
learn,PRAUC:type=Classic,661,0.9513634313359712
learn,PRAUC:type=Classic,662,0.951397773773531
learn,PRAUC:type=Classic,663,0.951440349946325
learn,PRAUC:type=Classic,664,0.9514999133449208
learn,PRAUC:type=Classic,665,0.9515218680453991
learn,PRAUC:type=Classic,666,0.9515485432356364
learn,PRAUC:type=Classic,667,0.9515553741403368
learn,PRAUC:type=Classic,668,0.9516307100202915
learn,PRAUC:type=Classic,669,0.951705190415392
learn,PRAUC:type=Classic,670,0.9517804122268277
learn,PRAUC:type=Classic,671,0.951845614603379
learn,PRAUC:type=Classic,672,0.9518705434929279
learn,PRAUC:type=Classic,673,0.9518969854618041
learn,PRAUC:type=Classic,674,0.9519647706297222
learn,PRAUC:type=Classic,675,0.9519844360114061
learn,PRAUC:type=Classic,676,0.9520458440439267
learn,PRAUC:type=Classic,677,0.9520892917921177
learn,PRAUC:type=Classic,678,0.9521286926978295
learn,PRAUC:type=Classic,679,0.9521935064518142
learn,PRAUC:type=Classic,680,0.9522499141694502
learn,PRAUC:type=Classic,681,0.9523539915684799
learn,PRAUC:type=Classic,682,0.9523895010689146
learn,PRAUC:type=Classic,683,0.9523992198141685
learn,PRAUC:type=Classic,684,0.952425612198785
learn,PRAUC:type=Classic,685,0.9524740746326804
learn,PRAUC:type=Classic,686,0.9525324303185291
learn,PRAUC:type=Classic,687,0.9525595876113647
learn,PRAUC:type=Classic,688,0.952606003590246
learn,PRAUC:type=Classic,689,0.9526616789660346
learn,PRAUC:type=Classic,690,0.95270510205668
learn,PRAUC:type=Classic,691,0.9527173525375655
learn,PRAUC:type=Classic,692,0.9527611428717903
learn,PRAUC:type=Classic,693,0.952809660690186
learn,PRAUC:type=Classic,694,0.9528341551551908
learn,PRAUC:type=Classic,695,0.9529468216023546
learn,PRAUC:type=Classic,696,0.9529703579167584
learn,PRAUC:type=Classic,697,0.9530044473906952
learn,PRAUC:type=Classic,698,0.9530545474365851
learn,PRAUC:type=Classic,699,0.9530763020737677
learn,PRAUC:type=Classic,700,0.9531110325998581
learn,PRAUC:type=Classic,701,0.9531498234545935
learn,PRAUC:type=Classic,702,0.9531968347457932
learn,PRAUC:type=Classic,703,0.9532197081663346
learn,PRAUC:type=Classic,704,0.9532839509593319
learn,PRAUC:type=Classic,705,0.953356039203863
learn,PRAUC:type=Classic,706,0.9533817373219867
learn,PRAUC:type=Classic,707,0.9534120765431587
learn,PRAUC:type=Classic,708,0.9534841834380036
learn,PRAUC:type=Classic,709,0.9534923037240729
learn,PRAUC:type=Classic,710,0.9535790796785081
learn,PRAUC:type=Classic,711,0.9535957855314977
learn,PRAUC:type=Classic,712,0.9536366925702094
learn,PRAUC:type=Classic,713,0.95364987969004
learn,PRAUC:type=Classic,714,0.9536842574724201
learn,PRAUC:type=Classic,715,0.9537090292169258
learn,PRAUC:type=Classic,716,0.9537362238882662
learn,PRAUC:type=Classic,717,0.9537654394093037
learn,PRAUC:type=Classic,718,0.9538028438589014
learn,PRAUC:type=Classic,719,0.953815662181393
learn,PRAUC:type=Classic,720,0.9538755368093025
learn,PRAUC:type=Classic,721,0.953904747136089
learn,PRAUC:type=Classic,722,0.9539182669117022
learn,PRAUC:type=Classic,723,0.9539453083578043
learn,PRAUC:type=Classic,724,0.9539624882506174
learn,PRAUC:type=Classic,725,0.9539873038242058
learn,PRAUC:type=Classic,726,0.9540151143410524
learn,PRAUC:type=Classic,727,0.9540339342827165
learn,PRAUC:type=Classic,728,0.954052719236837
learn,PRAUC:type=Classic,729,0.9540865245602513
learn,PRAUC:type=Classic,730,0.9541154158898929
learn,PRAUC:type=Classic,731,0.9541535462090166
learn,PRAUC:type=Classic,732,0.9541703353494045
learn,PRAUC:type=Classic,733,0.9542244956184348
learn,PRAUC:type=Classic,734,0.9542317786175799
learn,PRAUC:type=Classic,735,0.9542428909176911
learn,PRAUC:type=Classic,736,0.9542913221164372
learn,PRAUC:type=Classic,737,0.954319364406062
learn,PRAUC:type=Classic,738,0.9543343076094711
learn,PRAUC:type=Classic,739,0.9543390895353235
learn,PRAUC:type=Classic,740,0.9543613827272669
learn,PRAUC:type=Classic,741,0.9543723270588659
learn,PRAUC:type=Classic,742,0.95442579284699
learn,PRAUC:type=Classic,743,0.9544916508080789
learn,PRAUC:type=Classic,744,0.9545827125546457
learn,PRAUC:type=Classic,745,0.9545972647492246
learn,PRAUC:type=Classic,746,0.9546240166111929
learn,PRAUC:type=Classic,747,0.9546465892532151
learn,PRAUC:type=Classic,748,0.9546851013803023
learn,PRAUC:type=Classic,749,0.9546980993974011
learn,PRAUC:type=Classic,750,0.9547372448538637
learn,PRAUC:type=Classic,751,0.9547759270545325
learn,PRAUC:type=Classic,752,0.9547882949663952
learn,PRAUC:type=Classic,753,0.9548110010360281
learn,PRAUC:type=Classic,754,0.9548263350367227
learn,PRAUC:type=Classic,755,0.9548350053582683
learn,PRAUC:type=Classic,756,0.9548714444072702
learn,PRAUC:type=Classic,757,0.9548924580327752
learn,PRAUC:type=Classic,758,0.9549050557657061
learn,PRAUC:type=Classic,759,0.9549393494367266
learn,PRAUC:type=Classic,760,0.9549696455227668
learn,PRAUC:type=Classic,761,0.9550033772674116
learn,PRAUC:type=Classic,762,0.9550400742104543
learn,PRAUC:type=Classic,763,0.9550807146049036
learn,PRAUC:type=Classic,764,0.9550955930315936
learn,PRAUC:type=Classic,765,0.9551216031414487
learn,PRAUC:type=Classic,766,0.9552202252995123
learn,PRAUC:type=Classic,767,0.9552442891960962
learn,PRAUC:type=Classic,768,0.9552788508629906
learn,PRAUC:type=Classic,769,0.9552870642143383
learn,PRAUC:type=Classic,770,0.9552983007860947
learn,PRAUC:type=Classic,771,0.9554541161902661
learn,PRAUC:type=Classic,772,0.9554756398344637
learn,PRAUC:type=Classic,773,0.9555482783734304
learn,PRAUC:type=Classic,774,0.9555715077224096
validation,Logloss,0,0.5331582110795754
validation,Logloss,1,0.4211896350297119
validation,Logloss,2,0.32984820632538164
validation,Logloss,3,0.2567202739488488
validation,Logloss,4,0.20536529969585457
validation,Logloss,5,0.16063369641172295
validation,Logloss,6,0.12940234520981364
validation,Logloss,7,0.10060987520632515
validation,Logloss,8,0.08130711327985042
validation,Logloss,9,0.06694924750131645
validation,Logloss,10,0.05502372414798205
validation,Logloss,11,0.04731929198712932
validation,Logloss,12,0.04104170222773055
validation,Logloss,13,0.03626602628235432
validation,Logloss,14,0.03247009271076689
validation,Logloss,15,0.029443700502328984
validation,Logloss,16,0.027360957415145576
validation,Logloss,17,0.025547808106969723
validation,Logloss,18,0.023604453866798422
validation,Logloss,19,0.022217988192121976
validation,Logloss,20,0.020382798735744875
validation,Logloss,21,0.019259166986711294
validation,Logloss,22,0.018093881165618362
validation,Logloss,23,0.017503887723785524
validation,Logloss,24,0.016397086784626404
validation,Logloss,25,0.016025067593443243
validation,Logloss,26,0.015212011904281867
validation,Logloss,27,0.014871191903755769
validation,Logloss,28,0.014280574185881557
validation,Logloss,29,0.013890942067433689
validation,Logloss,30,0.013573680394603665
validation,Logloss,31,0.013102060897755851
validation,Logloss,32,0.012890558442973125
validation,Logloss,33,0.012351215857212034
validation,Logloss,34,0.012170350988649062
validation,Logloss,35,0.012061437902515305
validation,Logloss,36,0.011686049954051184
validation,Logloss,37,0.011619338851472642
validation,Logloss,38,0.011294367285019037
validation,Logloss,39,0.011169437755092776
validation,Logloss,40,0.010856215296027968
validation,Logloss,41,0.010805214048246635
validation,Logloss,42,0.01062530749379258
validation,Logloss,43,0.010593120028813215
validation,Logloss,44,0.01050281615265843
validation,Logloss,45,0.010392063221284813
validation,Logloss,46,0.010202184595998422
validation,Logloss,47,0.010168792187456848
validation,Logloss,48,0.010004605132800298
validation,Logloss,49,0.009853029179196714
validation,Logloss,50,0.009740850697456855
validation,Logloss,51,0.009713634464885925
validation,Logloss,52,0.009654534460281222
validation,Logloss,53,0.009599616754451895
validation,Logloss,54,0.009447637758457781
validation,Logloss,55,0.00937538817907692
validation,Logloss,56,0.009367317407404152
validation,Logloss,57,0.00935363160059477
validation,Logloss,58,0.009326935573424346
validation,Logloss,59,0.009209135698820476
validation,Logloss,60,0.00919090167147269
validation,Logloss,61,0.009147129486367622
validation,Logloss,62,0.009057881155339375
validation,Logloss,63,0.00905835841917094
validation,Logloss,64,0.00899368351425421
validation,Logloss,65,0.008984821298868056
validation,Logloss,66,0.008929116589320059
validation,Logloss,67,0.008906467366930793
validation,Logloss,68,0.008885085020231455
validation,Logloss,69,0.00885468707855756
validation,Logloss,70,0.008836087909489879
validation,Logloss,71,0.00883690616685261
validation,Logloss,72,0.008794422856054777
validation,Logloss,73,0.008755140095190322
validation,Logloss,74,0.008746339605147757
validation,Logloss,75,0.008708160410904497
validation,Logloss,76,0.008688709895249997
validation,Logloss,77,0.008656331428174463
validation,Logloss,78,0.008624905659737114
validation,Logloss,79,0.008619993798546818
validation,Logloss,80,0.008558228824202313
validation,Logloss,81,0.008540307566760701
validation,Logloss,82,0.00852274999373524
validation,Logloss,83,0.008499827817241632
validation,Logloss,84,0.008477850089335525
validation,Logloss,85,0.008423982849928107
validation,Logloss,86,0.008419891185604995
validation,Logloss,87,0.008399629322746377
validation,Logloss,88,0.008347188038448071
validation,Logloss,89,0.008326581184692587
validation,Logloss,90,0.008256781689620919
validation,Logloss,91,0.008211499492348196
validation,Logloss,92,0.008146383427763262
validation,Logloss,93,0.008104257388400291
validation,Logloss,94,0.008100890019806507
validation,Logloss,95,0.008061583593249037
validation,Logloss,96,0.00804017333994071
validation,Logloss,97,0.008009882593694274
validation,Logloss,98,0.007968299356232573
validation,Logloss,99,0.007962798017908787
validation,Logloss,100,0.007887600982382165
validation,Logloss,101,0.007828607545989982
validation,Logloss,102,0.007807744659822097
validation,Logloss,103,0.0077456005657298745
validation,Logloss,104,0.007730858451726769
validation,Logloss,105,0.007717376200999276
validation,Logloss,106,0.0076928525639618104
validation,Logloss,107,0.007673150890169298
validation,Logloss,108,0.007640484529884308
validation,Logloss,109,0.007631375462713681
validation,Logloss,110,0.007612733237413198
validation,Logloss,111,0.007583521018253712
validation,Logloss,112,0.007562880162380985
validation,Logloss,113,0.007549177844619391
validation,Logloss,114,0.00747785218698276
validation,Logloss,115,0.007475841890702278
validation,Logloss,116,0.007426026632320954
validation,Logloss,117,0.007403423590562555
validation,Logloss,118,0.0073921331985013486
validation,Logloss,119,0.007361401785266995
validation,Logloss,120,0.007352730818165672
validation,Logloss,121,0.0073467708276060625
validation,Logloss,122,0.0073167424372475925
validation,Logloss,123,0.007297189556259042
validation,Logloss,124,0.007287257814671306
validation,Logloss,125,0.007282151620494113
validation,Logloss,126,0.007254564326187363
validation,Logloss,127,0.007240732376265725
validation,Logloss,128,0.007218492371830691
validation,Logloss,129,0.007208509388956444
validation,Logloss,130,0.007204606044950489
validation,Logloss,131,0.007191219362790015
validation,Logloss,132,0.007164872445649833
validation,Logloss,133,0.007151431960966435
validation,Logloss,134,0.007144696811954194
validation,Logloss,135,0.007143503184173091
validation,Logloss,136,0.007125605598667323
validation,Logloss,137,0.007114547388017646
validation,Logloss,138,0.007112347523876147
validation,Logloss,139,0.007106487271462207
validation,Logloss,140,0.007091586738271098
validation,Logloss,141,0.007086303135111454
validation,Logloss,142,0.007075233278724096
validation,Logloss,143,0.00706709982830333
validation,Logloss,144,0.007057387027893185
validation,Logloss,145,0.007052205888362733
validation,Logloss,146,0.007043994857342344
validation,Logloss,147,0.007037194132903463
validation,Logloss,148,0.007012578122012716
validation,Logloss,149,0.007011345313305792
validation,Logloss,150,0.006992321296426226
validation,Logloss,151,0.00697611238936396
validation,Logloss,152,0.006917960204801757
validation,Logloss,153,0.006920622376216264
validation,Logloss,154,0.0069224373843940696
validation,Logloss,155,0.006910519846962679
validation,Logloss,156,0.006904210837737456
validation,Logloss,157,0.006860576347972095
validation,Logloss,158,0.006835334338053245
validation,Logloss,159,0.006822052617779713
validation,Logloss,160,0.006801321509473681
validation,Logloss,161,0.0067952157669062254
validation,Logloss,162,0.006792057382689549
validation,Logloss,163,0.0067903627439925155
validation,Logloss,164,0.006781962822203645
validation,Logloss,165,0.006781714669309678
validation,Logloss,166,0.006769462319506546
validation,Logloss,167,0.006758597727491022
validation,Logloss,168,0.006747272895206542
validation,Logloss,169,0.006739731201373199
validation,Logloss,170,0.00673275609362954
validation,Logloss,171,0.006710684486205189
validation,Logloss,172,0.0067037870649919035
validation,Logloss,173,0.0066865141918653085
validation,Logloss,174,0.006666292465482822
validation,Logloss,175,0.0066485367468079514
validation,Logloss,176,0.0066147403939863045
validation,Logloss,177,0.006610618479876671
validation,Logloss,178,0.006606814639814315
validation,Logloss,179,0.006599835996166046
validation,Logloss,180,0.006598523158310987
validation,Logloss,181,0.006578924312059307
validation,Logloss,182,0.006566511170124941
validation,Logloss,183,0.006560354517464002
validation,Logloss,184,0.006539154848357295
validation,Logloss,185,0.0065336217072467975
validation,Logloss,186,0.006532957629109182
validation,Logloss,187,0.006514426376231853
validation,Logloss,188,0.006519120708231016
validation,Logloss,189,0.006501723699952601
validation,Logloss,190,0.006503927032470748
validation,Logloss,191,0.006507329831737417
validation,Logloss,192,0.00649243362629767
validation,Logloss,193,0.00648531581988454
validation,Logloss,194,0.0064884300878262045
validation,Logloss,195,0.006486873847715653
validation,Logloss,196,0.006471394170462548
validation,Logloss,197,0.0064676357125029805
validation,Logloss,198,0.006454447069912001
validation,Logloss,199,0.006438408657628484
validation,Logloss,200,0.006419550148902952
validation,Logloss,201,0.006421189752343769
validation,Logloss,202,0.006422553790928978
validation,Logloss,203,0.006427001058643883
validation,Logloss,204,0.006409444307093644
validation,Logloss,205,0.006399083267082078
validation,Logloss,206,0.006403202122437988
validation,Logloss,207,0.006406617237773433
validation,Logloss,208,0.006404958479053271
validation,Logloss,209,0.006403470275889869
validation,Logloss,210,0.0064033851356141164
validation,Logloss,211,0.0063925043725003745
validation,Logloss,212,0.0063765939693733505
validation,Logloss,213,0.006369275049761012
validation,Logloss,214,0.006368876882052516
validation,Logloss,215,0.006358855961607354
validation,Logloss,216,0.006345443238220862
validation,Logloss,217,0.00633506222085557
validation,Logloss,218,0.006305980601123503
validation,Logloss,219,0.006297708811167295
validation,Logloss,220,0.006287546198991912
validation,Logloss,221,0.006286764962954181
validation,Logloss,222,0.006280020501354239
validation,Logloss,223,0.0062728815430566735
validation,Logloss,224,0.006270475718959869
validation,Logloss,225,0.00627042491509782
validation,Logloss,226,0.006274116142898363
validation,Logloss,227,0.006268130655964285
validation,Logloss,228,0.0062679430977519435
validation,Logloss,229,0.006258525129379124
validation,Logloss,230,0.006258467457672255
validation,Logloss,231,0.006249789966643556
validation,Logloss,232,0.006249771968958849
validation,Logloss,233,0.006248977817229027
validation,Logloss,234,0.0062300110104181105
validation,Logloss,235,0.006225257482129233
validation,Logloss,236,0.006214394614076287
validation,Logloss,237,0.006209231695803638
validation,Logloss,238,0.006211463068380254
validation,Logloss,239,0.006207361757804723
validation,Logloss,240,0.006200956748558355
validation,Logloss,241,0.0061831517067422
validation,Logloss,242,0.006168410671820467
validation,Logloss,243,0.006145395141932451
validation,Logloss,244,0.006136591745910965
validation,Logloss,245,0.006133603454401355
validation,Logloss,246,0.006130346644480501
validation,Logloss,247,0.006127657972125027
validation,Logloss,248,0.006127599022839668
validation,Logloss,249,0.006124113973260994
validation,Logloss,250,0.006126003310538395
validation,Logloss,251,0.006108496309396275
validation,Logloss,252,0.006099697368176073
validation,Logloss,253,0.006081207999843931
validation,Logloss,254,0.006076664663709949
validation,Logloss,255,0.006066614895805855
validation,Logloss,256,0.006066472701791651
validation,Logloss,257,0.006065147268739866
validation,Logloss,258,0.00605872925944275
validation,Logloss,259,0.006045278470453381
validation,Logloss,260,0.006043187292770101
validation,Logloss,261,0.006030997638932926
validation,Logloss,262,0.0060252556679087285
validation,Logloss,263,0.006018938336215157
validation,Logloss,264,0.0060176335450291005
validation,Logloss,265,0.0060176723410225305
validation,Logloss,266,0.006015188495698248
validation,Logloss,267,0.006014069321581309
validation,Logloss,268,0.0060141920488233375
validation,Logloss,269,0.006013870095832432
validation,Logloss,270,0.006002590314797621
validation,Logloss,271,0.005991345667862262
validation,Logloss,272,0.005983335947033163
validation,Logloss,273,0.005986461209989758
validation,Logloss,274,0.00597662446664514
validation,Logloss,275,0.005976138603868373
validation,Logloss,276,0.005978589938041915
validation,Logloss,277,0.005979653522739679
validation,Logloss,278,0.005978406840918529
validation,Logloss,279,0.005973045302012896
validation,Logloss,280,0.005952703335824634
validation,Logloss,281,0.005946391297382662
validation,Logloss,282,0.005946860439285411
validation,Logloss,283,0.00594171309576699
validation,Logloss,284,0.005936694163038526
validation,Logloss,285,0.005931882398501726
validation,Logloss,286,0.005931551282062453
validation,Logloss,287,0.005927331726319532
validation,Logloss,288,0.00593018445544143
validation,Logloss,289,0.0059300665310240645
validation,Logloss,290,0.005931270530696239
validation,Logloss,291,0.0059321732202800145
validation,Logloss,292,0.00593535951321603
validation,Logloss,293,0.005930532376796188
validation,Logloss,294,0.005927550511250677
validation,Logloss,295,0.005923895746827601
validation,Logloss,296,0.005924550908141257
validation,Logloss,297,0.0059127596903581405
validation,Logloss,298,0.005907932114450928
validation,Logloss,299,0.005911676738031286
validation,Logloss,300,0.005899120684420854
validation,Logloss,301,0.005901197516226637
validation,Logloss,302,0.0059016202795999
validation,Logloss,303,0.005904503185583638
validation,Logloss,304,0.005903023578396482
validation,Logloss,305,0.005899235408275526
validation,Logloss,306,0.005891421997433614
validation,Logloss,307,0.0058830955196109945
validation,Logloss,308,0.005883168960134152
validation,Logloss,309,0.0058812532670069785
validation,Logloss,310,0.0058459338804388835
validation,Logloss,311,0.005846154207025481
validation,Logloss,312,0.00584585743204674
validation,Logloss,313,0.0058437639710249775
validation,Logloss,314,0.00584247031977905
validation,Logloss,315,0.005846561294106866
validation,Logloss,316,0.00584482907368825
validation,Logloss,317,0.005845230507476075
validation,Logloss,318,0.005845087954457418
validation,Logloss,319,0.00584465285817939
validation,Logloss,320,0.00584529702841647
validation,Logloss,321,0.005843748637534976
validation,Logloss,322,0.005836743452329716
validation,Logloss,323,0.0058302653140049525
validation,Logloss,324,0.005823580406054937
validation,Logloss,325,0.005825531209581898
validation,Logloss,326,0.005825922278383805
validation,Logloss,327,0.0058264403124992665
validation,Logloss,328,0.005822857957048039
validation,Logloss,329,0.005815604749211533
validation,Logloss,330,0.005808979986996401
validation,Logloss,331,0.005805219514535016
validation,Logloss,332,0.005806182653355798
validation,Logloss,333,0.005807913894931739
validation,Logloss,334,0.005803010780233254
validation,Logloss,335,0.005804596683242493
validation,Logloss,336,0.005803165358114821
validation,Logloss,337,0.005803607811060967
validation,Logloss,338,0.0058057536865698395
validation,Logloss,339,0.005802326523966301
validation,Logloss,340,0.005796950016415048
validation,Logloss,341,0.005797447026471471
validation,Logloss,342,0.005799026444650714
validation,Logloss,343,0.005798717736416624
validation,Logloss,344,0.005799959226051109
validation,Logloss,345,0.0058010649425525975
validation,Logloss,346,0.00579857090427849
validation,Logloss,347,0.005799617683980481
validation,Logloss,348,0.005796846771357541
validation,Logloss,349,0.00579649829952155
validation,Logloss,350,0.005795047095044249
validation,Logloss,351,0.005791745913407163
validation,Logloss,352,0.005786053584333121
validation,Logloss,353,0.005788245775537612
validation,Logloss,354,0.005789790024670619
validation,Logloss,355,0.005791140965131728
validation,Logloss,356,0.005786741113706828
validation,Logloss,357,0.005787347005215871
validation,Logloss,358,0.005788136950199196
validation,Logloss,359,0.005782395869497703
validation,Logloss,360,0.005782475891266992
validation,Logloss,361,0.005776346299500321
validation,Logloss,362,0.0057732072657564375
validation,Logloss,363,0.005769565033221822
validation,Logloss,364,0.005771795566461511
validation,Logloss,365,0.005771077585578726
validation,Logloss,366,0.005771709330321497
validation,Logloss,367,0.005763807174741053
validation,Logloss,368,0.0057627402250798035
validation,Logloss,369,0.005761125799072638
validation,Logloss,370,0.005763642020432228
validation,Logloss,371,0.005764004266058205
validation,Logloss,372,0.005765884577809954
validation,Logloss,373,0.0057645860444668386
validation,Logloss,374,0.005764538686769396
validation,Logloss,375,0.005767040650808064
validation,Logloss,376,0.005760788534075409
validation,Logloss,377,0.005761443937489372
validation,Logloss,378,0.005761711631230097
validation,Logloss,379,0.005759146971905998
validation,Logloss,380,0.0057598259483350395
validation,Logloss,381,0.005755469326303911
validation,Logloss,382,0.0057520166599427805
validation,Logloss,383,0.0057539739462338065
validation,Logloss,384,0.005755962561355035
validation,Logloss,385,0.005756104556002483
validation,Logloss,386,0.005755815651722416
validation,Logloss,387,0.0057588227815178914
validation,Logloss,388,0.005763632780306647
validation,Logloss,389,0.005763679698781652
validation,Logloss,390,0.005760147391152619
validation,Logloss,391,0.005759831150416237
validation,Logloss,392,0.005760039056401386
validation,Logloss,393,0.0057575993736946945
validation,Logloss,394,0.00575421535416477
validation,Logloss,395,0.0057549357621014055
validation,Logloss,396,0.005751915414718587
validation,Logloss,397,0.005753280923078868
validation,Logloss,398,0.0057558808086521085
validation,Logloss,399,0.005754824011253368
validation,Logloss,400,0.00575078894663248
validation,Logloss,401,0.005752167474161762
validation,Logloss,402,0.0057558201385394985
validation,Logloss,403,0.0057572117657743406
validation,Logloss,404,0.005756966610624761
validation,Logloss,405,0.00575629395035211
validation,Logloss,406,0.0057562850836847266
validation,Logloss,407,0.0057554973725706835
validation,Logloss,408,0.0057503530221439106
validation,Logloss,409,0.005749728721102112
validation,Logloss,410,0.005751175872479538
validation,Logloss,411,0.0057510841896290955
validation,Logloss,412,0.005741411660081777
validation,Logloss,413,0.005737223458354783
validation,Logloss,414,0.005728889835644036
validation,Logloss,415,0.005727955439733865
validation,Logloss,416,0.005720777156391946
validation,Logloss,417,0.005720730553989339
validation,Logloss,418,0.005722018576762968
validation,Logloss,419,0.00571744857547352
validation,Logloss,420,0.005718930994186825
validation,Logloss,421,0.005713336020466269
validation,Logloss,422,0.005713476750050268
validation,Logloss,423,0.00570786073338294
validation,Logloss,424,0.00570691558007202
validation,Logloss,425,0.005708599485988723
validation,Logloss,426,0.005708815550642357
validation,Logloss,427,0.005709069497037356
validation,Logloss,428,0.005708172600059611
validation,Logloss,429,0.005708124622903247
validation,Logloss,430,0.005705262239960135
validation,Logloss,431,0.005705479291897738
validation,Logloss,432,0.005704511597580309
validation,Logloss,433,0.005701847868774107
validation,Logloss,434,0.0057021221738958435
validation,Logloss,435,0.00570076461726208
validation,Logloss,436,0.00570147627275482
validation,Logloss,437,0.0057003592390780814
validation,Logloss,438,0.0056998117812164335
validation,Logloss,439,0.0057013282232519415
validation,Logloss,440,0.005700722293225173
validation,Logloss,441,0.005696635726344417
validation,Logloss,442,0.005697925034360845
validation,Logloss,443,0.005696808630807019
validation,Logloss,444,0.005699681922912994
validation,Logloss,445,0.005699260890798071
validation,Logloss,446,0.0056964790728914185
validation,Logloss,447,0.005696787225256889
validation,Logloss,448,0.005699337588904721
validation,Logloss,449,0.005700280909065706
validation,Logloss,450,0.005695206733314309
validation,Logloss,451,0.00569285798474205
validation,Logloss,452,0.005692242081636582
validation,Logloss,453,0.005692840962672983
validation,Logloss,454,0.005697951074046429
validation,Logloss,455,0.0057028799567104445
validation,Logloss,456,0.005703148787025226
validation,Logloss,457,0.005698987047278439
validation,Logloss,458,0.005696436663443325
validation,Logloss,459,0.005692949789368255
validation,Logloss,460,0.005691265164972691
validation,Logloss,461,0.0056914172811436976
validation,Logloss,462,0.005691731788134579
validation,Logloss,463,0.005691766668675053
validation,Logloss,464,0.005691465014860559
validation,Logloss,465,0.005692360410747077
validation,Logloss,466,0.00569374008584355
validation,Logloss,467,0.005694457163360812
validation,Logloss,468,0.005693190870636797
validation,Logloss,469,0.005694211783713808
validation,Logloss,470,0.005694240464698899
validation,Logloss,471,0.005681682602707879
validation,Logloss,472,0.005682099443247436
validation,Logloss,473,0.005682923795320318
validation,Logloss,474,0.005685312347943372
validation,Logloss,475,0.005683408051984463
validation,Logloss,476,0.00568206971824991
validation,Logloss,477,0.005681620331210743
validation,Logloss,478,0.0056823010484390625
validation,Logloss,479,0.005670863419192988
validation,Logloss,480,0.0056677964277125
validation,Logloss,481,0.0056573664841182095
validation,Logloss,482,0.005652937288136279
validation,Logloss,483,0.005648812450018046
validation,Logloss,484,0.005649062442783161
validation,Logloss,485,0.005648709447587331
validation,Logloss,486,0.005648064373147936
validation,Logloss,487,0.005650172239412714
validation,Logloss,488,0.005647177710328953
validation,Logloss,489,0.005624747161952236
validation,Logloss,490,0.005626246949050294
validation,Logloss,491,0.005626750544061917
validation,Logloss,492,0.005626181739304889
validation,Logloss,493,0.005626274975456851
validation,Logloss,494,0.0056236596434806815
validation,Logloss,495,0.005616314184772706
validation,Logloss,496,0.005617795635816991
validation,Logloss,497,0.005618987941881237
validation,Logloss,498,0.005614179463795414
validation,Logloss,499,0.005615863311468724
validation,Logloss,500,0.005616848697818975
validation,Logloss,501,0.005615771288027562
validation,Logloss,502,0.005616238109518129
validation,Logloss,503,0.005616302055422106
validation,Logloss,504,0.005609845930380798
validation,Logloss,505,0.005610370065073254
validation,Logloss,506,0.005608014271312636
validation,Logloss,507,0.005608966631676029
validation,Logloss,508,0.0056098837717986644
validation,Logloss,509,0.005610176241343129
validation,Logloss,510,0.005613580479977895
validation,Logloss,511,0.00561377686394444
validation,Logloss,512,0.005614548036148791
validation,Logloss,513,0.0056049622567864695
validation,Logloss,514,0.005603264302058431
validation,Logloss,515,0.0056030399544489086
validation,Logloss,516,0.005601468095555437
validation,Logloss,517,0.005600409465419767
validation,Logloss,518,0.005601219698820718
validation,Logloss,519,0.005600996409868965
validation,Logloss,520,0.005600307563802697
validation,Logloss,521,0.005602186562235403
validation,Logloss,522,0.005604110883510083
validation,Logloss,523,0.005603423931897815
validation,Logloss,524,0.005603119405445038
validation,Logloss,525,0.005602405804247895
validation,Logloss,526,0.005602574134735105
validation,Logloss,527,0.005602953772057387
validation,Logloss,528,0.0056042750369652
validation,Logloss,529,0.00559623721239928
validation,Logloss,530,0.0055966103391881135
validation,Logloss,531,0.005591676206039346
validation,Logloss,532,0.005591448559511172
validation,Logloss,533,0.005591541828205656
validation,Logloss,534,0.005591760654065972
validation,Logloss,535,0.005591284357688759
validation,Logloss,536,0.005583683601988398
validation,Logloss,537,0.005584528998570832
validation,Logloss,538,0.0055842841672291785
validation,Logloss,539,0.005582165898033912
validation,Logloss,540,0.005583650923955289
validation,Logloss,541,0.005582668769524606
validation,Logloss,542,0.005582042560073378
validation,Logloss,543,0.005581846430053544
validation,Logloss,544,0.005582706153928444
validation,Logloss,545,0.005583741427308353
validation,Logloss,546,0.0055647389458116404
validation,Logloss,547,0.0055606303641741
validation,Logloss,548,0.005560073333008629
validation,Logloss,549,0.005561313872221004
validation,Logloss,550,0.005561012967210243
validation,Logloss,551,0.0055603412411544635
validation,Logloss,552,0.005559819368367188
validation,Logloss,553,0.005559199607791496
validation,Logloss,554,0.005558495403553362
validation,Logloss,555,0.005557159602234311
validation,Logloss,556,0.005556082812526312
validation,Logloss,557,0.005555542354612551
validation,Logloss,558,0.005548331304197725
validation,Logloss,559,0.0055430987411647994
validation,Logloss,560,0.005543890552899281
validation,Logloss,561,0.005543379140828937
validation,Logloss,562,0.00554327116621706
validation,Logloss,563,0.005541874554571506
validation,Logloss,564,0.005541413265499711
validation,Logloss,565,0.005537396277574655
validation,Logloss,566,0.0055310740536552395
validation,Logloss,567,0.005533066720224811
validation,Logloss,568,0.005526208566417464
validation,Logloss,569,0.005518977931435011
validation,Logloss,570,0.005518051850109289
validation,Logloss,571,0.005518783422926838
validation,Logloss,572,0.005518140880810417
validation,Logloss,573,0.005517177635365352
validation,Logloss,574,0.005514553902300749
validation,Logloss,575,0.005515797135644704
validation,Logloss,576,0.005517075235398791
validation,Logloss,577,0.005517240123525393
validation,Logloss,578,0.005516274269318764
validation,Logloss,579,0.005514064818913515
validation,Logloss,580,0.005497752593709243
validation,Logloss,581,0.005492276093715984
validation,Logloss,582,0.005487301945588489
validation,Logloss,583,0.005482637812931807
validation,Logloss,584,0.005481314517883702
validation,Logloss,585,0.0054819732256631325
validation,Logloss,586,0.005478505894511959
validation,Logloss,587,0.005479144692326472
validation,Logloss,588,0.005474736546117955
validation,Logloss,589,0.005476092045196234
validation,Logloss,590,0.005477221123082802
validation,Logloss,591,0.005477676286159785
validation,Logloss,592,0.00547714420311963
validation,Logloss,593,0.005479138818049681
validation,Logloss,594,0.005478996287892244
validation,Logloss,595,0.005478306827290498
validation,Logloss,596,0.005479385688290401
validation,Logloss,597,0.005482347131312135
validation,Logloss,598,0.005482373559681918
validation,Logloss,599,0.00547971208448813
validation,Logloss,600,0.005474944770069721
validation,Logloss,601,0.005475242399389524
validation,Logloss,602,0.005474639682833501
validation,Logloss,603,0.0054749888208358525
validation,Logloss,604,0.005473904508395124
validation,Logloss,605,0.0054748565634543675
validation,Logloss,606,0.005475722415470847
validation,Logloss,607,0.0054763517629366374
validation,Logloss,608,0.005473959632224871
validation,Logloss,609,0.0054735428972382235
validation,Logloss,610,0.0054724487099347945
validation,Logloss,611,0.0054728396227021175
validation,Logloss,612,0.005474015352336753
validation,Logloss,613,0.005474653699831151
validation,Logloss,614,0.005474289472412719
validation,Logloss,615,0.0054732337304288226
validation,Logloss,616,0.005474302231935623
validation,Logloss,617,0.005468615407886028
validation,Logloss,618,0.00546949200291276
validation,Logloss,619,0.005469880962875179
validation,Logloss,620,0.005468461291803102
validation,Logloss,621,0.005469125642189958
validation,Logloss,622,0.005468094422159868
validation,Logloss,623,0.005467550442525038
validation,Logloss,624,0.005467235845311508
validation,Logloss,625,0.0054661398928287095
validation,Logloss,626,0.005467549073362167
validation,Logloss,627,0.005468085958549265
validation,Logloss,628,0.00546995458475455
validation,Logloss,629,0.005473925900278772
validation,Logloss,630,0.005471871333284495
validation,Logloss,631,0.005472338532739897
validation,Logloss,632,0.005471970453859117
validation,Logloss,633,0.0054723757863013684
validation,Logloss,634,0.005471415557163713
validation,Logloss,635,0.005471035122880262
validation,Logloss,636,0.005469185639609626
validation,Logloss,637,0.005468793072878006
validation,Logloss,638,0.005466371067114692
validation,Logloss,639,0.005457813180208515
validation,Logloss,640,0.005450099268682621
validation,Logloss,641,0.005450874202788577
validation,Logloss,642,0.005443927066336605
validation,Logloss,643,0.0054414145132214795
validation,Logloss,644,0.005435147798896334
validation,Logloss,645,0.005429473580166521
validation,Logloss,646,0.005425273717207041
validation,Logloss,647,0.005422960779020255
validation,Logloss,648,0.005417848244349331
validation,Logloss,649,0.005417392921610129
validation,Logloss,650,0.005420267890546506
validation,Logloss,651,0.005420942436522405
validation,Logloss,652,0.005420998691944271
validation,Logloss,653,0.005424771816277272
validation,Logloss,654,0.005424484114151931
validation,Logloss,655,0.005424764202832023
validation,Logloss,656,0.0054201373177159146
validation,Logloss,657,0.005419454995741629
validation,Logloss,658,0.005419107634494608
validation,Logloss,659,0.005422052505848176
validation,Logloss,660,0.005421781599786808
validation,Logloss,661,0.0054211850746747805
validation,Logloss,662,0.00541989359786202
validation,Logloss,663,0.005420465646768362
validation,Logloss,664,0.005421128814485166
validation,Logloss,665,0.0054214095064044066
validation,Logloss,666,0.005421943103348779
validation,Logloss,667,0.005422537562168551
validation,Logloss,668,0.0054176798932503
validation,Logloss,669,0.005413550697728361
validation,Logloss,670,0.005413087827132897
validation,Logloss,671,0.005412211536061064
validation,Logloss,672,0.0054119608098455235
validation,Logloss,673,0.005412461382181372
validation,Logloss,674,0.005408146948965211
validation,Logloss,675,0.005400392084354603
validation,Logloss,676,0.005396513917864138
validation,Logloss,677,0.005397784930054722
validation,Logloss,678,0.0053983674647565885
validation,Logloss,679,0.005399203864145654
validation,Logloss,680,0.005395752285348055
validation,Logloss,681,0.005393930463708837
validation,Logloss,682,0.00539452734488624
validation,Logloss,683,0.0053942048706667805
validation,Logloss,684,0.005392136582014642
validation,Logloss,685,0.005391492515512019
validation,Logloss,686,0.005389831198269066
validation,Logloss,687,0.005388791898659008
validation,Logloss,688,0.005390874485406611
validation,Logloss,689,0.00538782790987296
validation,Logloss,690,0.005386548686321581
validation,Logloss,691,0.005386223353501299
validation,Logloss,692,0.005385407201994095
validation,Logloss,693,0.0053852134624026516
validation,Logloss,694,0.005384678363814144
validation,Logloss,695,0.005382548520189119
validation,Logloss,696,0.005382107384010545
validation,Logloss,697,0.005381604471202799
validation,Logloss,698,0.0053798503584782525
validation,Logloss,699,0.005378309914263325
validation,Logloss,700,0.005377900874547993
validation,Logloss,701,0.005379733513777523
validation,Logloss,702,0.005380587031859577
validation,Logloss,703,0.005380271006879644
validation,Logloss,704,0.0053782776818633235
validation,Logloss,705,0.005375002142288895
validation,Logloss,706,0.005375711374524077
validation,Logloss,707,0.005374889618800724
validation,Logloss,708,0.005372147240779096
validation,Logloss,709,0.00537187329112551
validation,Logloss,710,0.005370641879480957
validation,Logloss,711,0.005370403073732096
validation,Logloss,712,0.005372431651130003
validation,Logloss,713,0.005372176268747866
validation,Logloss,714,0.005370691555540836
validation,Logloss,715,0.005372404900790903
validation,Logloss,716,0.005371527897904791
validation,Logloss,717,0.005368825138470978
validation,Logloss,718,0.005367099470085955
validation,Logloss,719,0.005366861457360372
validation,Logloss,720,0.005366663559279568
validation,Logloss,721,0.00536844180681895
validation,Logloss,722,0.00536909256060184
validation,Logloss,723,0.005366668254916941
validation,Logloss,724,0.005365283907576273
validation,Logloss,725,0.005366955165952909
validation,Logloss,726,0.005366615478557447
validation,Logloss,727,0.005367043787332607
validation,Logloss,728,0.005366827307421938
validation,Logloss,729,0.00536936344289367
validation,Logloss,730,0.005368864308120751
validation,Logloss,731,0.005368211156948839
validation,Logloss,732,0.005372978630377374
validation,Logloss,733,0.005372912928952098
validation,Logloss,734,0.005372322506378442
validation,Logloss,735,0.005372199878956648
validation,Logloss,736,0.005372218740430647
validation,Logloss,737,0.005373924179135768
validation,Logloss,738,0.005374497911011919
validation,Logloss,739,0.005375073562667093
validation,Logloss,740,0.005375802424047439
validation,Logloss,741,0.0053762368198768205
validation,Logloss,742,0.005377383222887164
validation,Logloss,743,0.005374231543612287
validation,Logloss,744,0.005372129752755577
validation,Logloss,745,0.005372285551649588
validation,Logloss,746,0.005372794312470932
validation,Logloss,747,0.005374928207580729
validation,Logloss,748,0.005373946460838707
validation,Logloss,749,0.005373006692540117
validation,Logloss,750,0.00537409772589774
validation,Logloss,751,0.005374837482306524
validation,Logloss,752,0.005378027127968874
validation,Logloss,753,0.005378609121785392
validation,Logloss,754,0.005377880013304825
validation,Logloss,755,0.005378359633070113
validation,Logloss,756,0.0053780136733877
validation,Logloss,757,0.005379376541640024
validation,Logloss,758,0.00537922085819129
validation,Logloss,759,0.0053795009068734545
validation,Logloss,760,0.005381227933587823
validation,Logloss,761,0.005383261221145441
validation,Logloss,762,0.005382844942703545
validation,Logloss,763,0.005382892219166822
validation,Logloss,764,0.005382730122516183
validation,Logloss,765,0.005382361492997155
validation,Logloss,766,0.005378176325001192
validation,Logloss,767,0.005378175014334707
validation,Logloss,768,0.005378329719874487
validation,Logloss,769,0.005377755130654402
validation,Logloss,770,0.0053775974261408045
validation,Logloss,771,0.005367054757994248
validation,Logloss,772,0.005368382341632524
validation,Logloss,773,0.0053702786484968274
validation,Logloss,774,0.005369141451714162
validation,PRAUC:type=Classic,0,0.2866218765350593
validation,PRAUC:type=Classic,1,0.4284520192757396
validation,PRAUC:type=Classic,2,0.4545958778685166
validation,PRAUC:type=Classic,3,0.471188657945169
validation,PRAUC:type=Classic,4,0.5269895692696701
validation,PRAUC:type=Classic,5,0.591554877643842
validation,PRAUC:type=Classic,6,0.6076067300025642
validation,PRAUC:type=Classic,7,0.6566064802646735
validation,PRAUC:type=Classic,8,0.6973951879110946
validation,PRAUC:type=Classic,9,0.7207153083160293
validation,PRAUC:type=Classic,10,0.733837051949063
validation,PRAUC:type=Classic,11,0.7371322175072345
validation,PRAUC:type=Classic,12,0.7422186980604458
validation,PRAUC:type=Classic,13,0.7430718155441559
validation,PRAUC:type=Classic,14,0.7445267430486892
validation,PRAUC:type=Classic,15,0.7444721975118646
validation,PRAUC:type=Classic,16,0.744891425099918
validation,PRAUC:type=Classic,17,0.7462765679232423
validation,PRAUC:type=Classic,18,0.7515227506936871
validation,PRAUC:type=Classic,19,0.7579943055363204
validation,PRAUC:type=Classic,20,0.7672593668642468
validation,PRAUC:type=Classic,21,0.7694467381194764
validation,PRAUC:type=Classic,22,0.7744409610888702
validation,PRAUC:type=Classic,23,0.774560593227671
validation,PRAUC:type=Classic,24,0.784642385657179
validation,PRAUC:type=Classic,25,0.7843518682578319
validation,PRAUC:type=Classic,26,0.7912143889828983
validation,PRAUC:type=Classic,27,0.7918921908070148
validation,PRAUC:type=Classic,28,0.7977845026626246
validation,PRAUC:type=Classic,29,0.8006867416480862
validation,PRAUC:type=Classic,30,0.8029880478015544
validation,PRAUC:type=Classic,31,0.8089177988239494
validation,PRAUC:type=Classic,32,0.8105478033124262
validation,PRAUC:type=Classic,33,0.8202532762127887
validation,PRAUC:type=Classic,34,0.8211367551838261
validation,PRAUC:type=Classic,35,0.8213014690314836
validation,PRAUC:type=Classic,36,0.8259535704927202
validation,PRAUC:type=Classic,37,0.8259987017981659
validation,PRAUC:type=Classic,38,0.8322584160459127
validation,PRAUC:type=Classic,39,0.8330012059449386
validation,PRAUC:type=Classic,40,0.8380500686628827
validation,PRAUC:type=Classic,41,0.838405786326571
validation,PRAUC:type=Classic,42,0.8425713523905467
validation,PRAUC:type=Classic,43,0.8424478800358183
validation,PRAUC:type=Classic,44,0.8433814411965481
validation,PRAUC:type=Classic,45,0.8452027150334035
validation,PRAUC:type=Classic,46,0.8465323593335268
validation,PRAUC:type=Classic,47,0.8468476407256604
validation,PRAUC:type=Classic,48,0.8488079187852818
validation,PRAUC:type=Classic,49,0.8505097762067392
validation,PRAUC:type=Classic,50,0.8532747846293476
validation,PRAUC:type=Classic,51,0.8535278086708149
validation,PRAUC:type=Classic,52,0.85418654981535
validation,PRAUC:type=Classic,53,0.8551913330147654
validation,PRAUC:type=Classic,54,0.8575234783557
validation,PRAUC:type=Classic,55,0.8587883210093914
validation,PRAUC:type=Classic,56,0.8586344897473802
validation,PRAUC:type=Classic,57,0.8585987902767391
validation,PRAUC:type=Classic,58,0.8587852519398651
validation,PRAUC:type=Classic,59,0.8607608750263074
validation,PRAUC:type=Classic,60,0.8612045768430395
validation,PRAUC:type=Classic,61,0.8617067981397402
validation,PRAUC:type=Classic,62,0.8636949418358797
validation,PRAUC:type=Classic,63,0.8636869793680075
validation,PRAUC:type=Classic,64,0.8644502884994586
validation,PRAUC:type=Classic,65,0.8644308535396639
validation,PRAUC:type=Classic,66,0.8653027067892225
validation,PRAUC:type=Classic,67,0.8654982248275571
validation,PRAUC:type=Classic,68,0.8658456262886712
validation,PRAUC:type=Classic,69,0.8661329723152854
validation,PRAUC:type=Classic,70,0.8665290198446688
validation,PRAUC:type=Classic,71,0.8666043610751555
validation,PRAUC:type=Classic,72,0.8669888317897131
validation,PRAUC:type=Classic,73,0.8677605940475013
validation,PRAUC:type=Classic,74,0.868040589232485
validation,PRAUC:type=Classic,75,0.8691334607054314
validation,PRAUC:type=Classic,76,0.8694028797981128
validation,PRAUC:type=Classic,77,0.8696827386002184
validation,PRAUC:type=Classic,78,0.8708008622651495
validation,PRAUC:type=Classic,79,0.8708007365369643
validation,PRAUC:type=Classic,80,0.8722128287536066
validation,PRAUC:type=Classic,81,0.8725686998140486
validation,PRAUC:type=Classic,82,0.8729770118749686
validation,PRAUC:type=Classic,83,0.8731593003941736
validation,PRAUC:type=Classic,84,0.873410313415973
validation,PRAUC:type=Classic,85,0.8744620861551943
validation,PRAUC:type=Classic,86,0.8744053775539415
validation,PRAUC:type=Classic,87,0.8748857673032535
validation,PRAUC:type=Classic,88,0.8758904827455254
validation,PRAUC:type=Classic,89,0.8762035383282338
validation,PRAUC:type=Classic,90,0.8773917601769109
validation,PRAUC:type=Classic,91,0.8780821122627344
validation,PRAUC:type=Classic,92,0.879150431438471
validation,PRAUC:type=Classic,93,0.8803423801282949
validation,PRAUC:type=Classic,94,0.8803622601044914
validation,PRAUC:type=Classic,95,0.8811339285839481
validation,PRAUC:type=Classic,96,0.8814514964901932
validation,PRAUC:type=Classic,97,0.882031152765612
validation,PRAUC:type=Classic,98,0.8830196827810355
validation,PRAUC:type=Classic,99,0.8830811800484131
validation,PRAUC:type=Classic,100,0.8845529666992848
validation,PRAUC:type=Classic,101,0.885666628734129
validation,PRAUC:type=Classic,102,0.8859246835716577
validation,PRAUC:type=Classic,103,0.8872901882709512
validation,PRAUC:type=Classic,104,0.8875831445661619
validation,PRAUC:type=Classic,105,0.8876645182864564
validation,PRAUC:type=Classic,106,0.8881809286194988
validation,PRAUC:type=Classic,107,0.8885226307829261
validation,PRAUC:type=Classic,108,0.889213688083986
validation,PRAUC:type=Classic,109,0.8893757949784988
validation,PRAUC:type=Classic,110,0.8894649986903291
validation,PRAUC:type=Classic,111,0.8900714803428182
validation,PRAUC:type=Classic,112,0.8905949934379043
validation,PRAUC:type=Classic,113,0.8907435238529482
validation,PRAUC:type=Classic,114,0.8922034074345762
validation,PRAUC:type=Classic,115,0.8922197764289419
validation,PRAUC:type=Classic,116,0.8934509973385414
validation,PRAUC:type=Classic,117,0.8938532234490144
validation,PRAUC:type=Classic,118,0.8941449920396548
validation,PRAUC:type=Classic,119,0.8949230140611327
validation,PRAUC:type=Classic,120,0.8950427612432074
validation,PRAUC:type=Classic,121,0.8950979618757442
validation,PRAUC:type=Classic,122,0.8958495137944718
validation,PRAUC:type=Classic,123,0.8963205094062974
validation,PRAUC:type=Classic,124,0.8965081550133045
validation,PRAUC:type=Classic,125,0.8965972289555941
validation,PRAUC:type=Classic,126,0.8970471758249561
validation,PRAUC:type=Classic,127,0.897263774282886
validation,PRAUC:type=Classic,128,0.8976989070415851
validation,PRAUC:type=Classic,129,0.8979161478896585
validation,PRAUC:type=Classic,130,0.8979719756243232
validation,PRAUC:type=Classic,131,0.8980666761134375
validation,PRAUC:type=Classic,132,0.8984573213205093
validation,PRAUC:type=Classic,133,0.8987018826769146
validation,PRAUC:type=Classic,134,0.898842595298622
validation,PRAUC:type=Classic,135,0.8988872296172832
validation,PRAUC:type=Classic,136,0.8992669546636047
validation,PRAUC:type=Classic,137,0.8994003556540371
validation,PRAUC:type=Classic,138,0.8994076097305714
validation,PRAUC:type=Classic,139,0.8995384771692179
validation,PRAUC:type=Classic,140,0.8997935150231302
validation,PRAUC:type=Classic,141,0.899860823469648
validation,PRAUC:type=Classic,142,0.899997357482309
validation,PRAUC:type=Classic,143,0.9001171696917883
validation,PRAUC:type=Classic,144,0.9002147476821698
validation,PRAUC:type=Classic,145,0.900278817072483
validation,PRAUC:type=Classic,146,0.9004540709332202
validation,PRAUC:type=Classic,147,0.900553941220349
validation,PRAUC:type=Classic,148,0.9009803890411726
validation,PRAUC:type=Classic,149,0.9009915486209011
validation,PRAUC:type=Classic,150,0.9012575034064464
validation,PRAUC:type=Classic,151,0.9016098570412485
validation,PRAUC:type=Classic,152,0.9031905515668726
validation,PRAUC:type=Classic,153,0.9030726747756387
validation,PRAUC:type=Classic,154,0.9029893883449243
validation,PRAUC:type=Classic,155,0.9031760408917439
validation,PRAUC:type=Classic,156,0.9032902311225284
validation,PRAUC:type=Classic,157,0.9042696371457265
validation,PRAUC:type=Classic,158,0.9048377202173589
validation,PRAUC:type=Classic,159,0.9051425296675268
validation,PRAUC:type=Classic,160,0.9054446569077057
validation,PRAUC:type=Classic,161,0.9055551784667689
validation,PRAUC:type=Classic,162,0.9056884023376863
validation,PRAUC:type=Classic,163,0.9057209789563518
validation,PRAUC:type=Classic,164,0.9058821249214174
validation,PRAUC:type=Classic,165,0.9058989955293251
validation,PRAUC:type=Classic,166,0.9061725694484655
validation,PRAUC:type=Classic,167,0.9063840173056906
validation,PRAUC:type=Classic,168,0.9066237636162116
validation,PRAUC:type=Classic,169,0.9067993988239733
validation,PRAUC:type=Classic,170,0.9069142938720698
validation,PRAUC:type=Classic,171,0.9073704884987985
validation,PRAUC:type=Classic,172,0.9074852924321881
validation,PRAUC:type=Classic,173,0.9077441153490952
validation,PRAUC:type=Classic,174,0.9082445215581867
validation,PRAUC:type=Classic,175,0.9085782015106619
validation,PRAUC:type=Classic,176,0.9088348877603187
validation,PRAUC:type=Classic,177,0.9088623443761232
validation,PRAUC:type=Classic,178,0.9089582136352823
validation,PRAUC:type=Classic,179,0.9090999821390895
validation,PRAUC:type=Classic,180,0.9090646487087839
validation,PRAUC:type=Classic,181,0.9094576016255234
validation,PRAUC:type=Classic,182,0.909775650966031
validation,PRAUC:type=Classic,183,0.9098331842614916
validation,PRAUC:type=Classic,184,0.9099839404938617
validation,PRAUC:type=Classic,185,0.9101421495199006
validation,PRAUC:type=Classic,186,0.9101133514278346
validation,PRAUC:type=Classic,187,0.9103792336201222
validation,PRAUC:type=Classic,188,0.9102713675781011
validation,PRAUC:type=Classic,189,0.910663561988455
validation,PRAUC:type=Classic,190,0.9105820722939826
validation,PRAUC:type=Classic,191,0.9104890588255123
validation,PRAUC:type=Classic,192,0.9108204191681436
validation,PRAUC:type=Classic,193,0.9109145075590912
validation,PRAUC:type=Classic,194,0.9107919745376837
validation,PRAUC:type=Classic,195,0.910818018618733
validation,PRAUC:type=Classic,196,0.9111474792130823
validation,PRAUC:type=Classic,197,0.9111853928409118
validation,PRAUC:type=Classic,198,0.9115356883890114
validation,PRAUC:type=Classic,199,0.9117294057212552
validation,PRAUC:type=Classic,200,0.9121088214401011
validation,PRAUC:type=Classic,201,0.9120035488430992
validation,PRAUC:type=Classic,202,0.9119805884247902
validation,PRAUC:type=Classic,203,0.91186578887294
validation,PRAUC:type=Classic,204,0.9123668957501303
validation,PRAUC:type=Classic,205,0.9126122509644319
validation,PRAUC:type=Classic,206,0.9124979843370327
validation,PRAUC:type=Classic,207,0.912382310148018
validation,PRAUC:type=Classic,208,0.9124046927248644
validation,PRAUC:type=Classic,209,0.9123893733683883
validation,PRAUC:type=Classic,210,0.9123697446342995
validation,PRAUC:type=Classic,211,0.9125731439926461
validation,PRAUC:type=Classic,212,0.9129568317089649
validation,PRAUC:type=Classic,213,0.9131422587574186
validation,PRAUC:type=Classic,214,0.913141477467953
validation,PRAUC:type=Classic,215,0.9133571902384803
validation,PRAUC:type=Classic,216,0.9135571452913362
validation,PRAUC:type=Classic,217,0.9138078459144685
validation,PRAUC:type=Classic,218,0.9141235571250635
validation,PRAUC:type=Classic,219,0.9143574673192894
validation,PRAUC:type=Classic,220,0.9144891954823406
validation,PRAUC:type=Classic,221,0.9144373832963824
validation,PRAUC:type=Classic,222,0.914548510016141
validation,PRAUC:type=Classic,223,0.914652903521818
validation,PRAUC:type=Classic,224,0.9147343710598752
validation,PRAUC:type=Classic,225,0.9147264726874409
validation,PRAUC:type=Classic,226,0.914637237197663
validation,PRAUC:type=Classic,227,0.9147191346366936
validation,PRAUC:type=Classic,228,0.9147176280116505
validation,PRAUC:type=Classic,229,0.9148640712647182
validation,PRAUC:type=Classic,230,0.9148723053413286
validation,PRAUC:type=Classic,231,0.9149091009670753
validation,PRAUC:type=Classic,232,0.9149029891786196
validation,PRAUC:type=Classic,233,0.9149103922537021
validation,PRAUC:type=Classic,234,0.9153361261761297
validation,PRAUC:type=Classic,235,0.9152633749941328
validation,PRAUC:type=Classic,236,0.9154924352365895
validation,PRAUC:type=Classic,237,0.9155291738312963
validation,PRAUC:type=Classic,238,0.915459980619971
validation,PRAUC:type=Classic,239,0.9154538044319802
validation,PRAUC:type=Classic,240,0.915577581874419
validation,PRAUC:type=Classic,241,0.9159932329097598
validation,PRAUC:type=Classic,242,0.9161877765552708
validation,PRAUC:type=Classic,243,0.9165857206468735
validation,PRAUC:type=Classic,244,0.916764807822382
validation,PRAUC:type=Classic,245,0.9168286611746558
validation,PRAUC:type=Classic,246,0.9169034368475184
validation,PRAUC:type=Classic,247,0.9169531384216645
validation,PRAUC:type=Classic,248,0.9169394747498552
validation,PRAUC:type=Classic,249,0.9169623930586188
validation,PRAUC:type=Classic,250,0.9169295326517715
validation,PRAUC:type=Classic,251,0.9173592491554645
validation,PRAUC:type=Classic,252,0.9175503035161812
validation,PRAUC:type=Classic,253,0.9178533590852351
validation,PRAUC:type=Classic,254,0.9179671813388859
validation,PRAUC:type=Classic,255,0.9181282236743746
validation,PRAUC:type=Classic,256,0.9181262113847479
validation,PRAUC:type=Classic,257,0.9181550507048786
validation,PRAUC:type=Classic,258,0.9182603293639191
validation,PRAUC:type=Classic,259,0.9186243328390047
validation,PRAUC:type=Classic,260,0.9186317417235204
validation,PRAUC:type=Classic,261,0.9188791467771624
validation,PRAUC:type=Classic,262,0.9190076867443027
validation,PRAUC:type=Classic,263,0.9191432313080796
validation,PRAUC:type=Classic,264,0.9191857807151169
validation,PRAUC:type=Classic,265,0.919180407186545
validation,PRAUC:type=Classic,266,0.9192533171124186
validation,PRAUC:type=Classic,267,0.9192844220658367
validation,PRAUC:type=Classic,268,0.9192664487690987
validation,PRAUC:type=Classic,269,0.9192778480257977
validation,PRAUC:type=Classic,270,0.9194617797575846
validation,PRAUC:type=Classic,271,0.9196110026632405
validation,PRAUC:type=Classic,272,0.9196265175445246
validation,PRAUC:type=Classic,273,0.9195532900726777
validation,PRAUC:type=Classic,274,0.9198238532243466
validation,PRAUC:type=Classic,275,0.9198515234720315
validation,PRAUC:type=Classic,276,0.9197824868574489
validation,PRAUC:type=Classic,277,0.9197600775575052
validation,PRAUC:type=Classic,278,0.91979158659988
validation,PRAUC:type=Classic,279,0.9198496731896415
validation,PRAUC:type=Classic,280,0.9202793936552272
validation,PRAUC:type=Classic,281,0.9203759124815114
validation,PRAUC:type=Classic,282,0.9203575226676874
validation,PRAUC:type=Classic,283,0.920341590788575
validation,PRAUC:type=Classic,284,0.9203122494147133
validation,PRAUC:type=Classic,285,0.9204349372389113
validation,PRAUC:type=Classic,286,0.9204874759593469
validation,PRAUC:type=Classic,287,0.9205583687130752
validation,PRAUC:type=Classic,288,0.9204756873444688
validation,PRAUC:type=Classic,289,0.9205127749223707
validation,PRAUC:type=Classic,290,0.9204547698116987
validation,PRAUC:type=Classic,291,0.9204433374348358
validation,PRAUC:type=Classic,292,0.9203473125018657
validation,PRAUC:type=Classic,293,0.9204652420457913
validation,PRAUC:type=Classic,294,0.9204928023861223
validation,PRAUC:type=Classic,295,0.9205753536040422
validation,PRAUC:type=Classic,296,0.9205335708489761
validation,PRAUC:type=Classic,297,0.920830218151937
validation,PRAUC:type=Classic,298,0.9208624080298518
validation,PRAUC:type=Classic,299,0.9208257005177454
validation,PRAUC:type=Classic,300,0.9210249046801147
validation,PRAUC:type=Classic,301,0.9209599037898655
validation,PRAUC:type=Classic,302,0.9209572676692244
validation,PRAUC:type=Classic,303,0.9209426580214899
validation,PRAUC:type=Classic,304,0.9209668525487011
validation,PRAUC:type=Classic,305,0.9210453211274834
validation,PRAUC:type=Classic,306,0.9211729490988394
validation,PRAUC:type=Classic,307,0.9213573005118558
validation,PRAUC:type=Classic,308,0.9213647544105112
validation,PRAUC:type=Classic,309,0.9213856977066814
validation,PRAUC:type=Classic,310,0.9221933858408822
validation,PRAUC:type=Classic,311,0.9222240209187866
validation,PRAUC:type=Classic,312,0.9222155868231228
validation,PRAUC:type=Classic,313,0.922273091429402
validation,PRAUC:type=Classic,314,0.9223315034950954
validation,PRAUC:type=Classic,315,0.922288316956853
validation,PRAUC:type=Classic,316,0.9223000339306962
validation,PRAUC:type=Classic,317,0.9223304985762917
validation,PRAUC:type=Classic,318,0.9223261224078181
validation,PRAUC:type=Classic,319,0.9223396043990786
validation,PRAUC:type=Classic,320,0.9223576523844004
validation,PRAUC:type=Classic,321,0.9224059415520414
validation,PRAUC:type=Classic,322,0.9225661874137467
validation,PRAUC:type=Classic,323,0.9226520898763042
validation,PRAUC:type=Classic,324,0.9227304654910722
validation,PRAUC:type=Classic,325,0.9226961082289644
validation,PRAUC:type=Classic,326,0.9226535397167352
validation,PRAUC:type=Classic,327,0.92265609465333
validation,PRAUC:type=Classic,328,0.9227217823912521
validation,PRAUC:type=Classic,329,0.9228671971437437
validation,PRAUC:type=Classic,330,0.9229828982452404
validation,PRAUC:type=Classic,331,0.923090030393831
validation,PRAUC:type=Classic,332,0.9230472710613049
validation,PRAUC:type=Classic,333,0.9230222209589667
validation,PRAUC:type=Classic,334,0.9231107575218953
validation,PRAUC:type=Classic,335,0.9230910579041021
validation,PRAUC:type=Classic,336,0.9231204776523578
validation,PRAUC:type=Classic,337,0.9231232841509867
validation,PRAUC:type=Classic,338,0.9230755240546509
validation,PRAUC:type=Classic,339,0.9231805355011062
validation,PRAUC:type=Classic,340,0.9232377280704174
validation,PRAUC:type=Classic,341,0.9232436357592178
validation,PRAUC:type=Classic,342,0.9232644558305412
validation,PRAUC:type=Classic,343,0.9232748366113306
validation,PRAUC:type=Classic,344,0.9232468801234472
validation,PRAUC:type=Classic,345,0.9232546931421983
validation,PRAUC:type=Classic,346,0.9232918133807058
validation,PRAUC:type=Classic,347,0.9232625787154043
validation,PRAUC:type=Classic,348,0.9232988538423781
validation,PRAUC:type=Classic,349,0.923306321538125
validation,PRAUC:type=Classic,350,0.9233365326408252
validation,PRAUC:type=Classic,351,0.9233427495396553
validation,PRAUC:type=Classic,352,0.9235094535080164
validation,PRAUC:type=Classic,353,0.9234585720244153
validation,PRAUC:type=Classic,354,0.9234161257756124
validation,PRAUC:type=Classic,355,0.9233960756189288
validation,PRAUC:type=Classic,356,0.9234837916330829
validation,PRAUC:type=Classic,357,0.9234940135972864
validation,PRAUC:type=Classic,358,0.9234648339662659
validation,PRAUC:type=Classic,359,0.9235676152046901
validation,PRAUC:type=Classic,360,0.9235745988192827
validation,PRAUC:type=Classic,361,0.9236582414726209
validation,PRAUC:type=Classic,362,0.9237218452203846
validation,PRAUC:type=Classic,363,0.9237310577096283
validation,PRAUC:type=Classic,364,0.9236837736943564
validation,PRAUC:type=Classic,365,0.9236928259004162
validation,PRAUC:type=Classic,366,0.923689713153077
validation,PRAUC:type=Classic,367,0.9238560691137905
validation,PRAUC:type=Classic,368,0.9238895465161614
validation,PRAUC:type=Classic,369,0.9239257204385116
validation,PRAUC:type=Classic,370,0.9238801267047356
validation,PRAUC:type=Classic,371,0.923868939161556
validation,PRAUC:type=Classic,372,0.9238337147709779
validation,PRAUC:type=Classic,373,0.9238636591570184
validation,PRAUC:type=Classic,374,0.9238517525751029
validation,PRAUC:type=Classic,375,0.9237977275896385
validation,PRAUC:type=Classic,376,0.923897389112788
validation,PRAUC:type=Classic,377,0.9238840564364181
validation,PRAUC:type=Classic,378,0.923878157734348
validation,PRAUC:type=Classic,379,0.9239260215077918
validation,PRAUC:type=Classic,380,0.9239158838934658
validation,PRAUC:type=Classic,381,0.9240369466974729
validation,PRAUC:type=Classic,382,0.9241422351053907
validation,PRAUC:type=Classic,383,0.9241214380043388
validation,PRAUC:type=Classic,384,0.924116288031072
validation,PRAUC:type=Classic,385,0.9240919291436009
validation,PRAUC:type=Classic,386,0.9240967647208584
validation,PRAUC:type=Classic,387,0.9240479510562702
validation,PRAUC:type=Classic,388,0.9239267491280536
validation,PRAUC:type=Classic,389,0.9239040953277899
validation,PRAUC:type=Classic,390,0.9239941296655676
validation,PRAUC:type=Classic,391,0.9239845568356406
validation,PRAUC:type=Classic,392,0.9239774011319866
validation,PRAUC:type=Classic,393,0.9240332292659483
validation,PRAUC:type=Classic,394,0.9241131263792068
validation,PRAUC:type=Classic,395,0.9240931181074625
validation,PRAUC:type=Classic,396,0.9241744455811021
validation,PRAUC:type=Classic,397,0.924145908891062
validation,PRAUC:type=Classic,398,0.9240599784179682
validation,PRAUC:type=Classic,399,0.924054601803382
validation,PRAUC:type=Classic,400,0.9240727354277625
validation,PRAUC:type=Classic,401,0.9240387839777067
validation,PRAUC:type=Classic,402,0.9239843018531715
validation,PRAUC:type=Classic,403,0.9239499164251892
validation,PRAUC:type=Classic,404,0.9239487447102115
validation,PRAUC:type=Classic,405,0.9239343420753248
validation,PRAUC:type=Classic,406,0.9239369667570005
validation,PRAUC:type=Classic,407,0.9239762635822724
validation,PRAUC:type=Classic,408,0.9240779007036559
validation,PRAUC:type=Classic,409,0.9240668819184532
validation,PRAUC:type=Classic,410,0.9240499491456691
validation,PRAUC:type=Classic,411,0.9240357558942605
validation,PRAUC:type=Classic,412,0.9241853796178812
validation,PRAUC:type=Classic,413,0.924252156636395
validation,PRAUC:type=Classic,414,0.9243959335292748
validation,PRAUC:type=Classic,415,0.9244030434499575
validation,PRAUC:type=Classic,416,0.9245265722574845
validation,PRAUC:type=Classic,417,0.9245084187160217
validation,PRAUC:type=Classic,418,0.9244711355856701
validation,PRAUC:type=Classic,419,0.9245464503991865
validation,PRAUC:type=Classic,420,0.9245326550403254
validation,PRAUC:type=Classic,421,0.924617812481219
validation,PRAUC:type=Classic,422,0.9246279203891423
validation,PRAUC:type=Classic,423,0.9247245523066847
validation,PRAUC:type=Classic,424,0.9247311673418284
validation,PRAUC:type=Classic,425,0.9247021997171878
validation,PRAUC:type=Classic,426,0.9246923707257373
validation,PRAUC:type=Classic,427,0.9246741866190404
validation,PRAUC:type=Classic,428,0.9246398419390498
validation,PRAUC:type=Classic,429,0.9246133231864289
validation,PRAUC:type=Classic,430,0.924685801233442
validation,PRAUC:type=Classic,431,0.9246847247633383
validation,PRAUC:type=Classic,432,0.9247102407902335
validation,PRAUC:type=Classic,433,0.9247630770852853
validation,PRAUC:type=Classic,434,0.9247508320066167
validation,PRAUC:type=Classic,435,0.9247712127344221
validation,PRAUC:type=Classic,436,0.924757425438874
validation,PRAUC:type=Classic,437,0.9247803902192606
validation,PRAUC:type=Classic,438,0.9248005941358555
validation,PRAUC:type=Classic,439,0.9247742787436872
validation,PRAUC:type=Classic,440,0.9247735441028786
validation,PRAUC:type=Classic,441,0.9248029463740524
validation,PRAUC:type=Classic,442,0.9247759417363335
validation,PRAUC:type=Classic,443,0.9247801522101973
validation,PRAUC:type=Classic,444,0.9247254498053479
validation,PRAUC:type=Classic,445,0.9247264306430456
validation,PRAUC:type=Classic,446,0.9247469066792231
validation,PRAUC:type=Classic,447,0.924745952654745
validation,PRAUC:type=Classic,448,0.924689695072862
validation,PRAUC:type=Classic,449,0.9246587604851939
validation,PRAUC:type=Classic,450,0.9247294041902661
validation,PRAUC:type=Classic,451,0.9247804223227458
validation,PRAUC:type=Classic,452,0.9248150846739827
validation,PRAUC:type=Classic,453,0.9248078025754305
validation,PRAUC:type=Classic,454,0.9246738196611217
validation,PRAUC:type=Classic,455,0.9245871004901747
validation,PRAUC:type=Classic,456,0.9245895757225218
validation,PRAUC:type=Classic,457,0.9246314703295759
validation,PRAUC:type=Classic,458,0.9246603990273761
validation,PRAUC:type=Classic,459,0.9247232721224048
validation,PRAUC:type=Classic,460,0.9247083403094423
validation,PRAUC:type=Classic,461,0.9247096446062422
validation,PRAUC:type=Classic,462,0.9247240525981284
validation,PRAUC:type=Classic,463,0.9247134654094908
validation,PRAUC:type=Classic,464,0.9247019954679807
validation,PRAUC:type=Classic,465,0.9247039458228972
validation,PRAUC:type=Classic,466,0.9246575767032685
validation,PRAUC:type=Classic,467,0.9246535367398734
validation,PRAUC:type=Classic,468,0.9246829109245984
validation,PRAUC:type=Classic,469,0.9246602398771828
validation,PRAUC:type=Classic,470,0.9246451418957686
validation,PRAUC:type=Classic,471,0.9249108253746952
validation,PRAUC:type=Classic,472,0.9248990234008059
validation,PRAUC:type=Classic,473,0.9248931199947452
validation,PRAUC:type=Classic,474,0.9248219681442631
validation,PRAUC:type=Classic,475,0.9248568270771282
validation,PRAUC:type=Classic,476,0.9248783343640736
validation,PRAUC:type=Classic,477,0.924854022044215
validation,PRAUC:type=Classic,478,0.9248322111013996
validation,PRAUC:type=Classic,479,0.9250633806758617
validation,PRAUC:type=Classic,480,0.9251143864754745
validation,PRAUC:type=Classic,481,0.9252368199382446
validation,PRAUC:type=Classic,482,0.9253085273825847
validation,PRAUC:type=Classic,483,0.9253828330852765
validation,PRAUC:type=Classic,484,0.9253798305655192
validation,PRAUC:type=Classic,485,0.9253961797567725
validation,PRAUC:type=Classic,486,0.9254179253488299
validation,PRAUC:type=Classic,487,0.9253649319659671
validation,PRAUC:type=Classic,488,0.9253991933360604
validation,PRAUC:type=Classic,489,0.9257607174755687
validation,PRAUC:type=Classic,490,0.925724246867283
validation,PRAUC:type=Classic,491,0.9257463954796279
validation,PRAUC:type=Classic,492,0.9257726532374091
validation,PRAUC:type=Classic,493,0.9257596336803584
validation,PRAUC:type=Classic,494,0.9257745899884682
validation,PRAUC:type=Classic,495,0.9259437166284834
validation,PRAUC:type=Classic,496,0.9259126324722009
validation,PRAUC:type=Classic,497,0.9258974552457495
validation,PRAUC:type=Classic,498,0.925973727643461
validation,PRAUC:type=Classic,499,0.9259285891730273
validation,PRAUC:type=Classic,500,0.9258932430340012
validation,PRAUC:type=Classic,501,0.9259079525842819
validation,PRAUC:type=Classic,502,0.9258852463124887
validation,PRAUC:type=Classic,503,0.9258751213270504
validation,PRAUC:type=Classic,504,0.9260217665776151
validation,PRAUC:type=Classic,505,0.9260498590182598
validation,PRAUC:type=Classic,506,0.9261194853448764
validation,PRAUC:type=Classic,507,0.9260806427460979
validation,PRAUC:type=Classic,508,0.9260596645987047
validation,PRAUC:type=Classic,509,0.9260549255173367
validation,PRAUC:type=Classic,510,0.9259714621790769
validation,PRAUC:type=Classic,511,0.9259559074395569
validation,PRAUC:type=Classic,512,0.9259294475071453
validation,PRAUC:type=Classic,513,0.9261089006954977
validation,PRAUC:type=Classic,514,0.9261008407453539
validation,PRAUC:type=Classic,515,0.9261136939005004
validation,PRAUC:type=Classic,516,0.926166365623385
validation,PRAUC:type=Classic,517,0.9261795947007794
validation,PRAUC:type=Classic,518,0.9261741353189492
validation,PRAUC:type=Classic,519,0.9261972702547636
validation,PRAUC:type=Classic,520,0.9262270748486858
validation,PRAUC:type=Classic,521,0.9261796337323049
validation,PRAUC:type=Classic,522,0.9261388683407863
validation,PRAUC:type=Classic,523,0.9261362564034665
validation,PRAUC:type=Classic,524,0.9261367459669594
validation,PRAUC:type=Classic,525,0.9261417080623067
validation,PRAUC:type=Classic,526,0.9261464455741959
validation,PRAUC:type=Classic,527,0.9261501761733375
validation,PRAUC:type=Classic,528,0.9261364001542818
validation,PRAUC:type=Classic,529,0.9263010382211723
validation,PRAUC:type=Classic,530,0.9263090145047252
validation,PRAUC:type=Classic,531,0.9263947346274142
validation,PRAUC:type=Classic,532,0.9264072421220058
validation,PRAUC:type=Classic,533,0.92641610382952
validation,PRAUC:type=Classic,534,0.926398527714646
validation,PRAUC:type=Classic,535,0.9264049450205414
validation,PRAUC:type=Classic,536,0.9265865079406705
validation,PRAUC:type=Classic,537,0.9265815060530729
validation,PRAUC:type=Classic,538,0.9265830619096287
validation,PRAUC:type=Classic,539,0.9265991265873532
validation,PRAUC:type=Classic,540,0.9265653158317564
validation,PRAUC:type=Classic,541,0.926573100401306
validation,PRAUC:type=Classic,542,0.9265883091135672
validation,PRAUC:type=Classic,543,0.9265865243852989
validation,PRAUC:type=Classic,544,0.9265546352485046
validation,PRAUC:type=Classic,545,0.9265044877477777
validation,PRAUC:type=Classic,546,0.926834167049708
validation,PRAUC:type=Classic,547,0.926926287285925
validation,PRAUC:type=Classic,548,0.9269342822668136
validation,PRAUC:type=Classic,549,0.9269001276238091
validation,PRAUC:type=Classic,550,0.9268926752622355
validation,PRAUC:type=Classic,551,0.9269042222467738
validation,PRAUC:type=Classic,552,0.9269119264922223
validation,PRAUC:type=Classic,553,0.9269215349202657
validation,PRAUC:type=Classic,554,0.9269403948088726
validation,PRAUC:type=Classic,555,0.9269629560016246
validation,PRAUC:type=Classic,556,0.9269810948628774
validation,PRAUC:type=Classic,557,0.9269706728895979
validation,PRAUC:type=Classic,558,0.9271216003210523
validation,PRAUC:type=Classic,559,0.927216791644665
validation,PRAUC:type=Classic,560,0.9272171617840053
validation,PRAUC:type=Classic,561,0.9272253385937259
validation,PRAUC:type=Classic,562,0.927212028543539
validation,PRAUC:type=Classic,563,0.9272254788672707
validation,PRAUC:type=Classic,564,0.9272298729223596
validation,PRAUC:type=Classic,565,0.9273365785024132
validation,PRAUC:type=Classic,566,0.9274267145275574
validation,PRAUC:type=Classic,567,0.9274093782535946
validation,PRAUC:type=Classic,568,0.9274757217767682
validation,PRAUC:type=Classic,569,0.9275660153880945
validation,PRAUC:type=Classic,570,0.9275706952456524
validation,PRAUC:type=Classic,571,0.9275621288207989
validation,PRAUC:type=Classic,572,0.9275735744035374
validation,PRAUC:type=Classic,573,0.9275944165048056
validation,PRAUC:type=Classic,574,0.9276626444509646
validation,PRAUC:type=Classic,575,0.9276430353223781
validation,PRAUC:type=Classic,576,0.9276094287346635
validation,PRAUC:type=Classic,577,0.9276040346677534
validation,PRAUC:type=Classic,578,0.9276458652931403
validation,PRAUC:type=Classic,579,0.9276874557927504
validation,PRAUC:type=Classic,580,0.9279654068879342
validation,PRAUC:type=Classic,581,0.9280771210395067
validation,PRAUC:type=Classic,582,0.9281888569925045
validation,PRAUC:type=Classic,583,0.9282587248968746
validation,PRAUC:type=Classic,584,0.9283103785722515
validation,PRAUC:type=Classic,585,0.9283123108348106
validation,PRAUC:type=Classic,586,0.9283496812073497
validation,PRAUC:type=Classic,587,0.9283262911807539
validation,PRAUC:type=Classic,588,0.9284012608308854
validation,PRAUC:type=Classic,589,0.9283811099036259
validation,PRAUC:type=Classic,590,0.9283517318942858
validation,PRAUC:type=Classic,591,0.9283412578272907
validation,PRAUC:type=Classic,592,0.9283564063691756
validation,PRAUC:type=Classic,593,0.928339485101007
validation,PRAUC:type=Classic,594,0.9283717618196095
validation,PRAUC:type=Classic,595,0.9283707134507182
validation,PRAUC:type=Classic,596,0.928363333984582
validation,PRAUC:type=Classic,597,0.9282987888321443
validation,PRAUC:type=Classic,598,0.9283326550395616
validation,PRAUC:type=Classic,599,0.9283822368491959
validation,PRAUC:type=Classic,600,0.9285173170929797
validation,PRAUC:type=Classic,601,0.9285394444844612
validation,PRAUC:type=Classic,602,0.9285543477541927
validation,PRAUC:type=Classic,603,0.928551131569161
validation,PRAUC:type=Classic,604,0.92856314240197
validation,PRAUC:type=Classic,605,0.9285383766472171
validation,PRAUC:type=Classic,606,0.9285356076646358
validation,PRAUC:type=Classic,607,0.9285525135381929
validation,PRAUC:type=Classic,608,0.9286003036322077
validation,PRAUC:type=Classic,609,0.928607684381199
validation,PRAUC:type=Classic,610,0.9286243301890884
validation,PRAUC:type=Classic,611,0.928613638902708
validation,PRAUC:type=Classic,612,0.92859337263141
validation,PRAUC:type=Classic,613,0.9285761437245768
validation,PRAUC:type=Classic,614,0.928583457847242
validation,PRAUC:type=Classic,615,0.9286080698302457
validation,PRAUC:type=Classic,616,0.9285847953093309
validation,PRAUC:type=Classic,617,0.9286807684178005
validation,PRAUC:type=Classic,618,0.92868134209604
validation,PRAUC:type=Classic,619,0.9286684770458538
validation,PRAUC:type=Classic,620,0.928652902176375
validation,PRAUC:type=Classic,621,0.928649284651317
validation,PRAUC:type=Classic,622,0.9286810659481268
validation,PRAUC:type=Classic,623,0.9287007466979944
validation,PRAUC:type=Classic,624,0.9287053479297032
validation,PRAUC:type=Classic,625,0.9287357475725573
validation,PRAUC:type=Classic,626,0.9287403856787948
validation,PRAUC:type=Classic,627,0.9287468656667073
validation,PRAUC:type=Classic,628,0.9287045432419625
validation,PRAUC:type=Classic,629,0.9286243383142538
validation,PRAUC:type=Classic,630,0.9286722704549559
validation,PRAUC:type=Classic,631,0.928655917645143
validation,PRAUC:type=Classic,632,0.9286671920325507
validation,PRAUC:type=Classic,633,0.9286626208338675
validation,PRAUC:type=Classic,634,0.9286927261763496
validation,PRAUC:type=Classic,635,0.9287041590428942
validation,PRAUC:type=Classic,636,0.9287490485892984
validation,PRAUC:type=Classic,637,0.9287813424706681
validation,PRAUC:type=Classic,638,0.9288607023628928
validation,PRAUC:type=Classic,639,0.9289917070983431
validation,PRAUC:type=Classic,640,0.9291297042297755
validation,PRAUC:type=Classic,641,0.9290871214542158
validation,PRAUC:type=Classic,642,0.9291901084154106
validation,PRAUC:type=Classic,643,0.9292390439240226
validation,PRAUC:type=Classic,644,0.9293376784679266
validation,PRAUC:type=Classic,645,0.9294245565893109
validation,PRAUC:type=Classic,646,0.9294951902454793
validation,PRAUC:type=Classic,647,0.9295191150043054
validation,PRAUC:type=Classic,648,0.9296008844300658
validation,PRAUC:type=Classic,649,0.9296228957601558
validation,PRAUC:type=Classic,650,0.9295170582739631
validation,PRAUC:type=Classic,651,0.9295318321843573
validation,PRAUC:type=Classic,652,0.9295455640486854
validation,PRAUC:type=Classic,653,0.9294452410616041
validation,PRAUC:type=Classic,654,0.9294372016592591
validation,PRAUC:type=Classic,655,0.9294439815697635
validation,PRAUC:type=Classic,656,0.9295002360205817
validation,PRAUC:type=Classic,657,0.9295447838441147
validation,PRAUC:type=Classic,658,0.9295457766313802
validation,PRAUC:type=Classic,659,0.9294998144289173
validation,PRAUC:type=Classic,660,0.9294949567862787
validation,PRAUC:type=Classic,661,0.9295137266976661
validation,PRAUC:type=Classic,662,0.9295514529078222
validation,PRAUC:type=Classic,663,0.9295407639743021
validation,PRAUC:type=Classic,664,0.9295501525415248
validation,PRAUC:type=Classic,665,0.9295359349091596
validation,PRAUC:type=Classic,666,0.9295178236788249
validation,PRAUC:type=Classic,667,0.929489135943613
validation,PRAUC:type=Classic,668,0.9295948466809163
validation,PRAUC:type=Classic,669,0.9296584886988914
validation,PRAUC:type=Classic,670,0.9296818494414592
validation,PRAUC:type=Classic,671,0.9297035254287751
validation,PRAUC:type=Classic,672,0.9297043630165869
validation,PRAUC:type=Classic,673,0.9296772500827168
validation,PRAUC:type=Classic,674,0.9297554867850022
validation,PRAUC:type=Classic,675,0.9298014072270404
validation,PRAUC:type=Classic,676,0.9298694137490078
validation,PRAUC:type=Classic,677,0.9298506075672828
validation,PRAUC:type=Classic,678,0.9298362653550702
validation,PRAUC:type=Classic,679,0.929820864658369
validation,PRAUC:type=Classic,680,0.9298680084134507
validation,PRAUC:type=Classic,681,0.9298626630213844
validation,PRAUC:type=Classic,682,0.9298411724983133
validation,PRAUC:type=Classic,683,0.929849288681942
validation,PRAUC:type=Classic,684,0.9298959286022896
validation,PRAUC:type=Classic,685,0.9299084163006721
validation,PRAUC:type=Classic,686,0.9299519381971473
validation,PRAUC:type=Classic,687,0.9299898786362684
validation,PRAUC:type=Classic,688,0.9299784538993239
validation,PRAUC:type=Classic,689,0.9300302529210254
validation,PRAUC:type=Classic,690,0.9300766299302485
validation,PRAUC:type=Classic,691,0.9300844457524267
validation,PRAUC:type=Classic,692,0.9300955081585283
validation,PRAUC:type=Classic,693,0.9300994381850398
validation,PRAUC:type=Classic,694,0.9300873777714169
validation,PRAUC:type=Classic,695,0.9301182938205146
validation,PRAUC:type=Classic,696,0.9301113499530476
validation,PRAUC:type=Classic,697,0.9301188306564245
validation,PRAUC:type=Classic,698,0.930119128340759
validation,PRAUC:type=Classic,699,0.9301557758206429
validation,PRAUC:type=Classic,700,0.9301736362735695
validation,PRAUC:type=Classic,701,0.9301324251814664
validation,PRAUC:type=Classic,702,0.9301032149816584
validation,PRAUC:type=Classic,703,0.930107805467592
validation,PRAUC:type=Classic,704,0.9301275321728668
validation,PRAUC:type=Classic,705,0.9301914616533475
validation,PRAUC:type=Classic,706,0.9301664341333342
validation,PRAUC:type=Classic,707,0.9301756272830246
validation,PRAUC:type=Classic,708,0.9302279599387637
validation,PRAUC:type=Classic,709,0.9302398372807128
validation,PRAUC:type=Classic,710,0.9302684614228736
validation,PRAUC:type=Classic,711,0.930255118553726
validation,PRAUC:type=Classic,712,0.9302202128230488
validation,PRAUC:type=Classic,713,0.9302278293404918
validation,PRAUC:type=Classic,714,0.9302636667063422
validation,PRAUC:type=Classic,715,0.93022695635875
validation,PRAUC:type=Classic,716,0.9302516989722556
validation,PRAUC:type=Classic,717,0.9303018271594363
validation,PRAUC:type=Classic,718,0.9303274144116707
validation,PRAUC:type=Classic,719,0.9303370184178041
validation,PRAUC:type=Classic,720,0.9303279144432481
validation,PRAUC:type=Classic,721,0.9302931847830418
validation,PRAUC:type=Classic,722,0.9302695533099223
validation,PRAUC:type=Classic,723,0.9303049656368689
validation,PRAUC:type=Classic,724,0.9303433605082223
validation,PRAUC:type=Classic,725,0.9303214400165329
validation,PRAUC:type=Classic,726,0.9303348737062882
validation,PRAUC:type=Classic,727,0.9303360676183656
validation,PRAUC:type=Classic,728,0.9303391033701649
validation,PRAUC:type=Classic,729,0.9303059921281283
validation,PRAUC:type=Classic,730,0.9303098916626003
validation,PRAUC:type=Classic,731,0.93033581329429
validation,PRAUC:type=Classic,732,0.9302112596368326
validation,PRAUC:type=Classic,733,0.9302083986424636
validation,PRAUC:type=Classic,734,0.9302110540669444
validation,PRAUC:type=Classic,735,0.9302137404486912
validation,PRAUC:type=Classic,736,0.9302082753104692
validation,PRAUC:type=Classic,737,0.93017651520375
validation,PRAUC:type=Classic,738,0.9301776150649474
validation,PRAUC:type=Classic,739,0.9301527608796196
validation,PRAUC:type=Classic,740,0.9301422923916467
validation,PRAUC:type=Classic,741,0.9301291900226667
validation,PRAUC:type=Classic,742,0.9301052260181006
validation,PRAUC:type=Classic,743,0.9301309910307953
validation,PRAUC:type=Classic,744,0.9301582642317834
validation,PRAUC:type=Classic,745,0.9301558348940031
validation,PRAUC:type=Classic,746,0.930166195397605
validation,PRAUC:type=Classic,747,0.9301174272281143
validation,PRAUC:type=Classic,748,0.9301384371667061
validation,PRAUC:type=Classic,749,0.9301617445400514
validation,PRAUC:type=Classic,750,0.9301623986999648
validation,PRAUC:type=Classic,751,0.9301407817161922
validation,PRAUC:type=Classic,752,0.9300722147802696
validation,PRAUC:type=Classic,753,0.9300606850964703
validation,PRAUC:type=Classic,754,0.9300717977574493
validation,PRAUC:type=Classic,755,0.9300463442456064
validation,PRAUC:type=Classic,756,0.9300532775741766
validation,PRAUC:type=Classic,757,0.930015436114844
validation,PRAUC:type=Classic,758,0.9300259245573721
validation,PRAUC:type=Classic,759,0.9300068779174684
validation,PRAUC:type=Classic,760,0.9299789208144167
validation,PRAUC:type=Classic,761,0.9299549635756232
validation,PRAUC:type=Classic,762,0.9299625798305668
validation,PRAUC:type=Classic,763,0.9299668141802628
validation,PRAUC:type=Classic,764,0.9299573269133818
validation,PRAUC:type=Classic,765,0.929975214402744
validation,PRAUC:type=Classic,766,0.9300638385231743
validation,PRAUC:type=Classic,767,0.9300691376024368
validation,PRAUC:type=Classic,768,0.9300694624669748
validation,PRAUC:type=Classic,769,0.9300743120894903
validation,PRAUC:type=Classic,770,0.930076586490457
validation,PRAUC:type=Classic,771,0.9302245382434966
validation,PRAUC:type=Classic,772,0.9302092860107025
validation,PRAUC:type=Classic,773,0.930163702743269
validation,PRAUC:type=Classic,774,0.9301962556949241
